date,equity,qx,qy,gross,net,prediction,entry_threshold,target_weight_x,target_weight_y,desired_fraction,stopped
2020-01-02,100000.0,0,0,0.0,0.0,-0.0020399755588315816,0.0020260548404884833,0.4,0.6,0.05,False
2020-01-03,99996.92241000176,87,-100,4940.4999923706055,-1025.4999923706055,-0.0028225664896266802,0.0020263830983708953,0.4,0.6,0.05,False
2020-01-06,99991.62698691734,87,-100,4965.9400272369385,-1030.0598812103271,-0.0027060105466128574,0.0020221579047991797,0.4,0.6,0.05,False
2020-01-07,99985.7704475595,87,-100,4966.33003616333,-1035.670009613037,-0.002974135206793227,0.0020245147854514346,0.4,0.6,0.05,False
2020-01-08,99999.83378567461,87,-100,4974.639894485474,-1021.360013961792,-0.0018796968825764576,0.0020193542692657687,0.4,0.6,0.05,False
2020-01-09,99995.45728019127,87,-100,4980.510028839111,-1025.4901084899902,-0.0020195842439682367,0.0020277560201226994,0.4,0.6,0.05,False
2020-01-10,100007.65057705749,87,-100,4988.95005607605,-1013.0499897003174,-0.0010721944432607144,0.00159348939637461,0.4,0.6,0.2,False
2020-01-13,100006.57064625819,87,-100,5020.610067367554,-1013.3899478912354,-0.0006498910223867114,0.0015913668982251692,0.4,0.6,0.2,False
2020-01-14,100016.50257477787,87,-100,5034.790060043335,-1003.2100467681885,0.000248233562627273,0.001327548689977948,0.4,0.6,0.2,False
2020-01-15,100006.75167332518,0,0,0.0,0.0,0.000188579906316077,0.0013252393163334993,0.4,0.6,0.2,False
2020-01-16,100006.75167332518,0,0,0.0,0.0,0.001240432291711463,0.001322032470435542,0.4,0.6,0.2,False
2020-01-17,100006.75167332518,0,0,0.0,0.0,0.0007231464754467028,0.001322523869829155,0.4,0.6,0.2,False
2020-01-21,100006.75167332518,0,0,0.0,0.0,-0.0007684685045799258,0.0015871954207724729,0.4,0.6,0.2,False
2020-01-22,100006.75167332518,0,0,0.0,0.0,0.0013030168283759578,0.0013239973624195884,0.4,0.6,0.2,False
2020-01-23,100006.75167332518,0,0,0.0,0.0,0.00041698897893165446,0.0013234707327331344,0.4,0.6,0.2,False
2020-01-24,100006.75167332518,0,0,0.0,0.0,-0.0002481811958960497,0.001588011933406999,0.4,0.6,0.2,False
2020-01-27,100006.75167332518,0,0,0.0,0.0,-0.0020523791861766566,0.002027194623603929,0.4,0.6,0.05,False
2020-01-28,100003.66349711068,87,-99,4991.520069122314,-999.9599761962891,-0.001869433756644231,0.0020206183301925158,0.4,0.6,0.05,False
2020-01-29,100010.55722360927,87,-99,4966.980051040649,-992.8200244903564,-0.0016289249817884228,0.002024283160196075,0.4,0.6,0.05,False
2020-01-30,100004.49235593677,87,-99,4971.059955596924,-998.6399688720703,-0.0020312178866807038,0.0020242841592955467,0.4,0.6,0.05,False
2020-01-31,100002.17700703458,87,-99,4873.95002746582,-1000.7099876403809,-0.0037551037254998157,0.0018665405318972512,0.4,0.6,0.06192676648131987,False
2020-02-03,100010.7525919753,87,-99,4873.350036621094,-991.4101295471191,-0.002095289924603025,0.002024102972869797,0.4,0.6,0.05,False
2020-02-04,100005.83174769777,87,-99,4945.890089035034,-996.0899562835693,-0.0014763969452352864,0.0015949049476179438,0.4,0.6,0.2,False
2020-02-05,99995.98757161431,87,-99,4979.849967956543,-1005.68994140625,-0.0016169812270264963,0.002023561558222181,0.4,0.6,0.05,False
2020-02-06,99985.36137583098,87,-99,4997.190010070801,-1016.0701560974121,-0.001983034768188929,0.0020233707778564533,0.4,0.6,0.05,False
2020-02-07,99983.64450800684,87,-99,4948.19993019104,-1017.5399036407471,-0.002568382943409501,0.0020238469253226724,0.4,0.6,0.05,False
2020-02-10,99979.96896143246,87,-99,4965.05996131897,-1020.4799480438232,-0.002457541461998943,0.002021043929016073,0.4,0.6,0.05,False
2020-02-11,99970.78354922961,0,0,0.0,0.0,-0.002337949247701513,0.002024436454435064,0.4,0.6,0.05,False
2020-02-12,99967.69131180126,87,-98,5011.220132827759,-988.339986801147,-0.0013698640338562233,0.0015881606591895327,0.4,0.6,0.2,False
2020-02-13,99966.9147214245,87,-98,4989.12998008728,-988.8700199127197,-0.0016035779024140956,0.00202696258209832,0.4,0.6,0.05,False
2020-02-14,99961.10894391417,87,-98,5005.129993438721,-994.4301261901851,-0.0017001413780511566,0.002026427324793784,0.4,0.6,0.05,False
2020-02-18,99962.85275635732,87,-98,4990.2200050354,-991.7000846862793,-0.0016574179633497992,0.0020271278437312803,0.4,0.6,0.05,False
2020-02-19,99947.56697460775,87,-98,5026.140100479126,-1006.7400341033936,-0.0020561862229485687,0.002024113607570292,0.4,0.6,0.05,False
2020-02-20,99935.57911119825,87,-98,5006.559984207153,-1018.4799709320068,-0.0028295773271999054,0.002021947644224936,0.4,0.6,0.05,False
2020-02-21,99930.4515400807,87,-98,4980.119897842407,-1023.3599376678467,-0.0032489285528573054,0.001967150422209636,0.4,0.6,0.05379123558647723,False
2020-02-24,99914.90135504896,87,-98,4826.150047302246,-1038.1699676513672,-0.005396826570776453,0.0016041466738425509,0.4,0.6,0.12133201952467443,False
2020-02-25,99949.4301538751,87,-98,4737.440010070801,-1003.4001693725586,-0.004063794607716596,0.0018214113419171847,0.4057640697976976,0.5942359302023024,0.06580688644623518,False
2020-02-26,99954.12444477179,87,-98,4685.530046463013,-998.4699535369873,-0.004045060537799528,0.001815156758409042,0.40855835524178163,0.5914416447582184,0.06611934758472822,False
2020-02-27,100009.34892255964,0,0,0.0,0.0,-0.002464983882982212,0.0019648265932814706,0.44660386574625516,0.5533961342537448,0.05,False
2020-02-28,100006.29647593824,107,-98,4856.660104751587,-550.9799251556396,-0.003667570077462728,0.0019641848331985803,0.44481599201092004,0.55518400798908,0.05,False
2020-03-02,99980.88970643438,107,-98,4945.600015640259,-575.7199993133545,-0.0030776137642188404,0.0019501080707114299,0.4543432201694921,0.5456567798305079,0.05,False
2020-03-03,99992.58273619121,107,-98,4890.879919052124,-563.8000659942627,-0.002710787366152044,0.0019447432206985548,0.45842177588089744,0.5415782241191025,0.05,False
2020-03-04,100001.22867128169,107,-98,4999.710063934326,-554.9299659729004,-0.0020763395730906456,0.0019502570866383006,0.45304665802814675,0.5469533419718533,0.05,False
2020-03-05,99978.85038543378,107,-98,4891.3199462890625,-577.0799789428711,-0.0028196982492611346,0.00196269287685522,0.4446666829741451,0.555333317025855,0.05,False
2020-03-06,99996.76578385173,107,-98,4791.859998703003,-558.9398517608643,-0.002451381608571089,0.0019586853712054253,0.4486070514451144,0.5513929485548856,0.05,False
2020-03-09,100077.94602005758,107,-98,4209.260042190552,-477.0999279022217,-0.0016756946775931816,0.001902895172025675,0.48823563997983993,0.51176436002016,0.05,False
2020-03-10,100178.35633496715,117,-90,4420.980062484741,10.980062484741211,0.0013444321249595265,,0.46270373339256743,0.5372962666074326,0.0,False
2020-03-11,100099.3235170458,0,0,0.0,0.0,-0.0005256248220049613,,0.44673098860749666,0.5532690113925034,0.0,False
2020-03-12,100099.3235170458,0,0,0.0,0.0,-0.0004266879306150387,,0.4616367664710979,0.5383632335289021,0.0,False
2020-03-13,100099.3235170458,0,0,0.0,0.0,0.0009042757378355035,,0.4584715304670972,0.5415284695329028,0.0,False
2020-03-16,100099.3235170458,0,0,0.0,0.0,-0.0014484659882323095,,0.44917620507993744,0.5508237949200625,0.0,False
2020-03-17,100099.3235170458,0,0,0.0,0.0,0.0023822460603368798,,0.4386486138508605,0.5613513861491395,0.0,False
2020-03-18,100099.3235170458,0,0,0.0,0.0,-0.0007475101807493501,,0.42666035718777734,0.5733396428122226,0.0,False
2020-03-19,100099.3235170458,0,0,0.0,0.0,-0.0009102431109676884,,0.42535604995270887,0.5746439500472911,0.0,False
2020-03-20,100099.3235170458,0,0,0.0,0.0,-0.0019108881495956077,,0.4241230764163199,0.57587692358368,0.0,False
2020-03-23,100099.3235170458,0,0,0.0,0.0,-0.0011044430541741286,,0.42712256758283496,0.572877432417165,0.0,False
2020-03-24,100099.3235170458,0,0,0.0,0.0,-0.0014815210287999145,,0.4421576779644625,0.5578423220355375,0.0,False
2020-03-25,100099.3235170458,0,0,0.0,0.0,-0.00217053514492924,,0.4488778802943741,0.551122119705626,0.0,False
2020-03-26,100099.3235170458,0,0,0.0,0.0,-0.0016859586145276763,,0.44979409465542053,0.5502059053445795,0.0,False
2020-03-27,100099.3235170458,0,0,0.0,0.0,-0.0024655144259186587,,0.4485802563100913,0.5514197436899086,0.0,False
2020-03-30,100099.3235170458,0,0,0.0,0.0,-0.00032273274249571633,,0.4419627827297943,0.5580372172702057,0.0,False
2020-03-31,100099.3235170458,0,0,0.0,0.0,-0.0020112969038758276,,0.4420091839607205,0.5579908160392795,0.0,False
2020-04-01,100099.3235170458,0,0,0.0,0.0,-0.003316771470999249,,0.4440451945093227,0.5559548054906773,0.0,False
2020-04-02,100099.3235170458,0,0,0.0,0.0,-0.00192122081548233,,0.44388148063532396,0.556118519364676,0.0,False
2020-04-03,100099.3235170458,0,0,0.0,0.0,-0.005315715083171097,,0.4422711601006265,0.5577288398993735,0.0,False
2020-04-06,100099.3235170458,0,0,0.0,0.0,-0.0025509147831493223,,0.43935736666445563,0.5606426333355443,0.0,False
2020-04-07,100099.3235170458,0,0,0.0,0.0,-0.0059363477763371844,,0.4381697923884756,0.5618302076115245,0.0,False
2020-04-08,100099.3235170458,0,0,0.0,0.0,-0.00708557847371107,,0.4386611483486323,0.5613388516513678,0.0,False
2020-04-09,100099.3235170458,0,0,0.0,0.0,-0.003476404715194874,,0.4360005983553813,0.5639994016446187,0.0,False
2020-04-13,100099.3235170458,0,0,0.0,0.0,-0.00398405952609686,,0.4354673544047482,0.5645326455952517,0.0,False
2020-04-14,100099.3235170458,0,0,0.0,0.0,-0.0015550122969488283,,0.43422266621209266,0.5657773337879073,0.0,False
2020-04-15,100099.3235170458,0,0,0.0,0.0,-0.002773430495161039,,0.43365335156097395,0.566346648439026,0.0,False
2020-04-16,100099.3235170458,0,0,0.0,0.0,-0.0013651777351479481,,0.43348440180630143,0.5665155981936986,0.0,False
2020-04-17,100099.3235170458,0,0,0.0,0.0,-0.003005150884913749,,0.43605348475381567,0.5639465152461843,0.0,False
2020-04-20,100099.3235170458,0,0,0.0,0.0,-0.0058359149096289895,,0.43518973640554265,0.5648102635944574,0.0,False
2020-04-21,100099.3235170458,0,0,0.0,0.0,-0.006585902022475145,,0.43486420218306954,0.5651357978169305,0.0,False
2020-04-22,100099.3235170458,0,0,0.0,0.0,-0.004675128927779866,,0.43348720176926847,0.5665127982307315,0.0,False
2020-04-23,100099.3235170458,0,0,0.0,0.0,-0.005509311133669531,,0.4332075769949962,0.5667924230050039,0.0,False
2020-04-24,100099.3235170458,0,0,0.0,0.0,-0.0048009199705215735,,0.43298855657531676,0.5670114434246832,0.0,False
2020-04-27,100099.3235170458,0,0,0.0,0.0,-0.00517803889567985,,0.43332320670052193,0.5666767932994781,0.0,False
2020-04-28,100099.3235170458,0,0,0.0,0.0,-0.006358682660281888,,0.4337174020336775,0.5662825979663225,0.0,False
2020-04-29,100099.3235170458,0,0,0.0,0.0,-0.007248271746405153,,0.435965733969468,0.564034266030532,0.0,False
2020-04-30,100099.3235170458,0,0,0.0,0.0,-0.004087628851203907,,0.4388611812336868,0.5611388187663132,0.0,False
2020-05-01,100099.3235170458,0,0,0.0,0.0,-0.0037764551987394513,,0.4372261277425955,0.5627738722574045,0.0,False
2020-05-04,100099.3235170458,0,0,0.0,0.0,-0.0029764076039892145,,0.4362675928484457,0.5637324071515544,0.0,False
2020-05-05,100099.3235170458,0,0,0.0,0.0,-0.002768041104444394,,0.43603128645651723,0.5639687135434828,0.0,False
2020-05-06,100099.3235170458,0,0,0.0,0.0,-0.0031833693044082253,,0.43567227398371194,0.564327726016288,0.0,False
2020-05-07,100099.3235170458,0,0,0.0,0.0,-0.0027045616457465377,,0.43531241539766735,0.5646875846023327,0.0,False
2020-05-08,100099.3235170458,0,0,0.0,0.0,-0.002827374679111124,,0.4356361488517595,0.5643638511482405,0.0,False
2020-05-11,100099.3235170458,0,0,0.0,0.0,-0.0027517974182820924,,0.43570215051108074,0.5642978494889193,0.0,False
2020-05-12,100099.3235170458,0,0,0.0,0.0,-0.002807650820704762,,0.43594287679290356,0.5640571232070964,0.0,False
2020-05-13,100099.3235170458,0,0,0.0,0.0,-0.0015647868092418704,,0.4377228832661236,0.5622771167338765,0.0,False
2020-05-14,100099.3235170458,0,0,0.0,0.0,-0.0016846092759575408,,0.43815667653463486,0.5618433234653651,0.0,False
2020-05-15,100099.3235170458,0,0,0.0,0.0,-0.0014067695374094732,,0.4381342191040468,0.5618657808959532,0.0,False
2020-05-18,100099.3235170458,0,0,0.0,0.0,-0.0011272917224402154,,0.4387002634812083,0.5612997365187917,0.0,False
2020-05-19,100099.3235170458,0,0,0.0,0.0,-0.0014063649371109752,,0.43859196860320987,0.5614080313967902,0.0,False
2020-05-20,100099.3235170458,0,0,0.0,0.0,-0.000513514848901538,,0.4372934306863311,0.5627065693136689,0.0,False
2020-05-21,100099.3235170458,0,0,0.0,0.0,-0.0006358768765839941,,0.43702951023462916,0.5629704897653709,0.0,False
2020-05-22,100099.3235170458,0,0,0.0,0.0,-0.0006857823839297952,,0.43696138202526247,0.5630386179747375,0.0,False
2020-05-26,100099.3235170458,0,0,0.0,0.0,9.339998215254696e-06,,0.43608053588359985,0.5639194641164001,0.0,False
2020-05-27,100099.3235170458,0,0,0.0,0.0,0.00013512653403108742,,0.43594097449690866,0.5640590255030913,0.0,False
2020-05-28,100099.3235170458,0,0,0.0,0.0,0.0005781113170624817,,0.43593216914983457,0.5640678308501654,0.0,False
2020-05-29,100099.3235170458,0,0,0.0,0.0,-0.00012867430749174011,,0.4349204375422564,0.5650795624577436,0.0,False
2020-06-01,100099.3235170458,0,0,0.0,0.0,0.0012249046287111283,,0.43116637266754876,0.5688336273324512,0.0,False
2020-06-02,100099.3235170458,0,0,0.0,0.0,0.0011206387142699053,,0.43100319975972934,0.5689968002402707,0.0,False
2020-06-03,100099.3235170458,0,0,0.0,0.0,0.0019530736845590206,,0.4299112979825096,0.5700887020174904,0.0,False
2020-06-04,100099.3235170458,0,0,0.0,0.0,0.002093437328130199,,0.4298480426985005,0.5701519573014995,0.0,False
2020-06-05,100099.3235170458,0,0,0.0,0.0,0.0022289066286865695,0.0020261284551520518,0.4305693604195322,0.5694306395804678,0.03916470034665582,False
2020-06-08,100096.48172563745,-83,82,3951.7400436401367,522.1800689697266,0.002418769456678723,0.002002008450409342,0.4307666853447824,0.5692333146552175,0.03982021875914294,False
2020-06-09,100104.08079793914,-83,82,3899.719955444336,529.9200820922852,0.001976821872135604,0.001988966682934497,0.43031538478660125,0.5696846152133987,0.040442251087658594,False
2020-06-10,100084.25233155227,-83,82,3881.6900119781494,510.23010063171387,0.0024187503032325167,0.001984909069086526,0.43075628042321085,0.5692437195767892,0.04085867688811148,False
2020-06-11,100079.01362734321,-83,82,3634.2300128936768,505.12994956970215,0.0015963628717514486,0.00196573016618918,0.43232356308577935,0.5676764369142207,0.041512503670071144,False
2020-06-12,100085.91504632066,-83,82,3699.3600883483887,512.1599617004395,0.001644964683366876,0.0019490693962375795,0.43312154392952423,0.5668784560704758,0.042136899263075275,False
2020-06-15,100082.30608552875,-83,82,3695.2399940490723,511.3599433898926,0.0018651642827601702,0.0019400742086793535,0.4332295186663981,0.5667704813336019,0.04284028740801275,False
2020-06-16,100090.99529233635,-83,82,3737.2598552703857,520.1799945831299,0.0017705997409075823,0.0019281469876548584,0.43356667897255013,0.5664333210274499,0.043456548653229655,False
2020-06-17,100077.77309486645,-83,82,3719.1900691986084,507.0900058746338,0.0020255730678922224,0.0019159124510610265,0.4339422110745072,0.5660577889254927,0.04404391215345167,False
2020-06-18,100090.04105985521,-83,82,3714.989974975586,519.4899749755859,0.0016619468116158946,0.0019045339003517963,0.43380737530922164,0.5661926246907784,0.04458045635665485,False
2020-06-19,100098.33976876015,-83,82,3685.2400817871094,527.9200057983398,0.001322793456349915,0.0014481705282544622,0.4333883164681575,0.5666116835318424,0.18092252937696926,False
2020-06-22,100081.58789032968,0,0,0.0,0.0,0.0018786544408816463,0.0018735826340889386,0.4325644505540919,0.5674355494459081,0.04579506744543148,False
2020-06-23,100078.61496993116,-101,100,4569.479999542236,634.520092010498,0.0018222156210299344,0.0018624443336879965,0.43238836039962975,0.5676116396003703,0.046551572807011776,False
2020-06-24,100072.00309826981,-101,100,4451.929992675781,628.0699310302734,0.0015760358727900045,0.0018496463678945665,0.43287461159281126,0.5671253884071887,0.04731046150898233,False
2020-06-25,100079.6659454012,-101,100,4496.110046386719,635.8899230957036,0.0015285989709859368,0.0018335050458449722,0.43323886017493246,0.5667611398250676,0.04802797866941802,False
2020-06-26,100059.82722961892,-101,100,4411.7900314331055,616.2098464965825,0.0016637236432752542,0.0018268830994044771,0.43462187842886685,0.5653781215711331,0.048527760676281964,False
2020-06-29,100058.99947340881,-101,100,4484.149961471558,615.8500385284424,0.0018595368853545013,0.0018150819217149414,0.4349667940382988,0.5650332059617011,0.04933878767372846,False
2020-06-30,100084.72033349318,-101,100,4534.269962310791,641.7298698425293,0.0014470054565549706,0.0014471804569535975,0.4359436958717235,0.5640563041282765,0.19766112821472429,False
2020-07-01,100069.37059634725,-101,100,4557.459915161133,626.5401000976562,0.001827885221468117,0.0018090688020982902,0.4359390857997058,0.5640609142002941,0.05,False
2020-07-02,100044.8388830114,-101,100,4607.829916000366,602.1699314117432,0.00243916706473023,0.0018054090478188207,0.43505465543386956,0.5649453445661304,0.05,False
2020-07-06,100058.16035686347,-101,100,4625.849946975708,616.1498699188232,0.0021548820907514757,0.0018078548178327883,0.4349496518386883,0.5650503481613117,0.05,False
2020-07-07,100063.29569025386,-101,100,4570.549831390381,621.4499855041504,0.001853144146236195,0.0018079928796179555,0.4345343047826089,0.5654656952173911,0.05,False
2020-07-08,100076.08555206671,0,0,0.0,0.0,0.0015917252168744984,0.0018018975861929178,0.43469462738044895,0.565305372619551,0.05,False
2020-07-09,100076.08555206671,0,0,0.0,0.0,0.0016034241003262345,0.0018025888142704388,0.43508932003661666,0.5649106799633834,0.05,False
2020-07-10,100076.08555206671,0,0,0.0,0.0,0.0016252384676705204,0.0018088014575210675,0.43544746839546195,0.5645525316045381,0.05,False
2020-07-13,100076.08555206671,0,0,0.0,0.0,0.0012488076312894875,0.0014437472857222044,0.43479684277651787,0.5652031572234821,0.2,False
2020-07-14,100076.08555206671,0,0,0.0,0.0,0.001059690328118775,0.0014383260497108465,0.43615651220457025,0.5638434877954297,0.2,False
2020-07-15,100076.08555206671,0,0,0.0,0.0,0.0014032448846971468,0.0014301634723515879,0.4359376570677914,0.5640623429322086,0.2,False
2020-07-16,100076.08555206671,0,0,0.0,0.0,0.0010599936835681072,0.001433078366607447,0.4352584500248281,0.5647415499751719,0.2,False
2020-07-17,100076.08555206671,0,0,0.0,0.0,0.0010915285373896124,0.0014311545193595604,0.43513775793154913,0.5648622420684508,0.2,False
2020-07-20,100076.08555206671,0,0,0.0,0.0,0.0009813189458094376,0.0014290613647378776,0.43523029518111933,0.5647697048188807,0.2,False
2020-07-21,100076.08555206671,0,0,0.0,0.0,0.0018458140381903297,0.0018018622912167048,0.43299866578821566,0.5670013342117843,0.05,False
2020-07-22,100073.02411957044,-105,104,4985.389976501465,695.0899124145508,0.001485915503764924,0.0018057380380741412,0.4323874849035345,0.5676125150964655,0.05,False
2020-07-23,100072.0779808875,-105,104,4927.920055389404,694.3200874328613,0.001328001256341488,0.0014231161100572668,0.4323553912036094,0.5676446087963907,0.2,False
2020-07-24,100078.27374258169,-105,104,4906.989976882935,700.6898326873779,0.0011361687453700215,0.0014244855737907177,0.4321284613065516,0.5678715386934484,0.2,False
2020-07-27,100084.70532433467,-105,104,4983.240127563476,707.6399993896484,0.0011990288573525566,0.0014185985937958461,0.4325635811301049,0.567436418869895,0.2,False
2020-07-28,100095.13965540504,-105,104,4949.749959945679,718.2500400543213,0.0009046141139091491,0.0014210190265567216,0.4321209113970931,0.5678790886029069,0.2,False
2020-07-29,100098.7958534392,-105,104,5022.880039215088,722.080135345459,0.001023664885948519,0.00141505469800232,0.4322239573426897,0.5677760426573103,0.2,False
2020-07-30,100098.79910854284,-105,104,4985.25997543335,722.2601356506348,0.0009134647794684144,0.0014182291343217597,0.43229608600565683,0.5677039139943432,0.2,False
2020-07-31,100126.0537415977,-105,104,4930.789928436279,749.6899604797363,0.0002611615760519753,0.0014205786078025574,0.4300947248924939,0.5699052751075061,0.2,False
2020-08-03,100103.4181596834,-105,104,4967.469968795776,727.5698566436768,0.0008315775221052988,0.001415301904133816,0.42868687058532323,0.5713131294146767,0.2,False
2020-08-04,100130.15414022024,-105,104,5021.680015563965,754.4800796508789,0.000450037354927024,0.0014117409061675792,0.42975036529838956,0.5702496347016104,0.2,False
2020-08-05,100151.75843931625,0,0,0.0,0.0,8.466557342461194e-05,0.0014102810337304737,0.43075812599702334,0.5692418740029767,0.2,False
2020-08-06,100151.75843931625,0,0,0.0,0.0,0.00023769365107842054,0.001408282917974379,0.43084549075666195,0.5691545092433381,0.2,False
2020-08-07,100151.75843931625,0,0,0.0,0.0,0.0003326749430944025,0.0014129294404615744,0.4317524271924694,0.5682475728075306,0.2,False
2020-08-10,100151.75843931625,0,0,0.0,0.0,0.0005298506869210876,0.0014091164661390316,0.43167278429966255,0.5683272157003374,0.2,False
2020-08-11,100151.75843931625,0,0,0.0,0.0,0.0005985995698251744,0.001409454862251445,0.43173374029287453,0.5682662597071255,0.2,False
2020-08-12,100151.75843931625,0,0,0.0,0.0,0.0007577399019443674,0.0014037100030042295,0.43159922935748113,0.5684007706425189,0.2,False
2020-08-13,100151.75843931625,0,0,0.0,0.0,9.250694542534897e-05,0.0014052469070735879,0.4293560323239589,0.5706439676760411,0.2,False
2020-08-14,100151.75843931625,0,0,0.0,0.0,0.00022215492761075954,0.0014047693381992446,0.4291292581246894,0.5708707418753106,0.2,False
2020-08-17,100151.75843931625,0,0,0.0,0.0,4.6393263828198906e-05,0.0014017140877230097,0.43016552798159796,0.5698344720184021,0.2,False
2020-08-18,100151.75843931625,0,0,0.0,0.0,0.0003179131838811844,0.0014020757656371553,0.4304816761706033,0.5695183238293967,0.2,False
2020-08-19,100151.75843931625,0,0,0.0,0.0,0.0006346752827511027,0.001403353274791328,0.43130052768253596,0.5686994723174641,0.2,False
2020-08-20,100151.75843931625,0,0,0.0,0.0,0.00031757390955725214,0.0014039010243295242,0.4311643567841316,0.5688356432158683,0.2,False
2020-08-21,100151.75843931625,0,0,0.0,0.0,4.59054349314991e-06,0.001405337493422582,0.43043467629483184,0.5695653237051681,0.2,False
2020-08-24,100151.75843931625,0,0,0.0,0.0,0.00032205692030443415,0.0014026003497996536,0.4297573046539126,0.5702426953460874,0.2,False
2020-08-25,100151.75843931625,0,0,0.0,0.0,-1.9903007407666842e-05,0.00158723928928391,0.4293934235494834,0.5706065764505166,0.2,False
2020-08-26,100151.75843931625,0,0,0.0,0.0,-0.0004524535657841997,0.00158072888239526,0.43119751944796353,0.5688024805520364,0.2,False
2020-08-27,100151.75843931625,0,0,0.0,0.0,-0.0004018722947404911,0.0015810839042294533,0.43178786594602514,0.5682121340539749,0.2,False
2020-08-28,100151.75843931625,0,0,0.0,0.0,-0.00015710292337468254,0.001579812945781372,0.4319862063036646,0.5680137936963354,0.2,False
2020-08-31,100151.75843931625,0,0,0.0,0.0,9.68072965831441e-07,0.001405562808421944,0.4332144902085424,0.5667855097914576,0.2,False
2020-09-01,100151.75843931625,0,0,0.0,0.0,-0.00038702663709436745,0.0015792948108910082,0.43368360091308794,0.566316399086912,0.2,False
2020-09-02,100151.75843931625,0,0,0.0,0.0,0.00032911758260815966,0.0013973220622813664,0.43106076687467876,0.5689392331253212,0.2,False
2020-09-03,100151.75843931625,0,0,0.0,0.0,-2.692463934224765e-05,0.0015889868457042192,0.43066059332982193,0.569339406670178,0.2,False
2020-09-04,100151.75843931625,0,0,0.0,0.0,-0.0002649003634432021,0.0015933928688171236,0.43019848047906284,0.5698015195209372,0.2,False
2020-09-08,100151.75843931625,0,0,0.0,0.0,0.0004327369665517671,0.001428030380018794,0.43803714752132744,0.5619628524786726,0.2,False
2020-09-09,100151.75843931625,0,0,0.0,0.0,0.00021389093873249972,0.001428476960128995,0.44490037240649655,0.5550996275935034,0.2,False
2020-09-10,100151.75843931625,0,0,0.0,0.0,-0.00031219065231824044,0.0015845310918730317,0.443390359107074,0.556609640892926,0.2,False
2020-09-11,100151.75843931625,0,0,0.0,0.0,5.9171677627847734e-05,0.0014312525803372653,0.44210357547340867,0.5578964245265914,0.2,False
2020-09-14,100151.75843931625,0,0,0.0,0.0,3.7369820074378204e-05,0.0014276426767210828,0.4423407124788283,0.5576592875211717,0.2,False
2020-09-15,100151.75843931625,0,0,0.0,0.0,0.0003536300177592515,0.0014254137326434279,0.4418676984634451,0.5581323015365549,0.2,False
2020-09-16,100151.75843931625,0,0,0.0,0.0,0.000858060409912657,0.001428434186154239,0.44319612088303706,0.5568038791169629,0.2,False
2020-09-17,100151.75843931625,0,0,0.0,0.0,0.0005095075587978575,0.0014291876692942424,0.4428280051022897,0.5571719948977103,0.2,False
2020-09-18,100151.75843931625,0,0,0.0,0.0,0.0003160443714682878,0.0014326714957314866,0.4424394413184023,0.5575605586815977,0.2,False
2020-09-21,100151.75843931625,0,0,0.0,0.0,3.310294184736516e-05,0.0014414954785962216,0.4420286111654542,0.5579713888345458,0.2,False
2020-09-22,100151.75843931625,0,0,0.0,0.0,-1.681327099623057e-05,0.0015881783633721475,0.4429980812608072,0.5570019187391928,0.2,False
2020-09-23,100151.75843931625,0,0,0.0,0.0,0.0004701943903653342,0.001456481088809437,0.45024260756924595,0.549757392430754,0.2,False
2020-09-24,100151.75843931625,0,0,0.0,0.0,9.648523614038914e-05,0.0014585382504477915,0.45258740807928505,0.5474125919207149,0.2,False
2020-09-25,100151.75843931625,0,0,0.0,0.0,0.0006373685017221746,0.0014507292599386567,0.4502367849786063,0.5497632150213937,0.2,False
2020-09-28,100151.75843931625,0,0,0.0,0.0,0.00040719245563937564,0.0014483608932437755,0.45200808140223386,0.5479919185977662,0.2,False
2020-09-29,100151.75843931625,0,0,0.0,0.0,0.000112541051175843,0.0014511770187774125,0.4514511317282886,0.5485488682717115,0.2,False
2020-09-30,100151.75843931625,0,0,0.0,0.0,-0.0002105760998166642,0.001581524228952471,0.45078386175976104,0.549216138240239,0.2,False
2020-10-01,100151.75843931625,0,0,0.0,0.0,-9.135696024023793e-05,0.001578967254472781,0.4503752113667002,0.5496247886332998,0.2,False
2020-10-02,100151.75843931625,0,0,0.0,0.0,-0.00011316843567436706,0.0015790081876483255,0.45029887160108467,0.5497011283989153,0.2,False
2020-10-05,100151.75843931625,0,0,0.0,0.0,-7.703870630098203e-05,0.0015683765375874789,0.45212414855820693,0.5478758514417931,0.2,False
2020-10-06,100151.75843931625,0,0,0.0,0.0,0.00010485375818145506,0.0014541509764949682,0.4553614676027803,0.5446385323972197,0.2,False
2020-10-07,100151.75843931625,0,0,0.0,0.0,0.00034835864916111045,0.0014459888123763316,0.45510947258341616,0.5448905274165838,0.2,False
2020-10-08,100151.75843931625,0,0,0.0,0.0,0.0003399713056814842,0.0014416551615365873,0.456175588526011,0.543824411473989,0.2,False
2020-10-09,100151.75843931625,0,0,0.0,0.0,0.0004020967979761374,0.0014400819542376455,0.45631280144978364,0.5436871985502163,0.2,False
2020-10-12,100151.75843931625,0,0,0.0,0.0,0.000613613288577774,0.0014371519470360579,0.45596865452447355,0.5440313454755265,0.2,False
2020-10-13,100151.75843931625,0,0,0.0,0.0,0.0006664717893283883,0.0014413395022189663,0.45679033413170333,0.5432096658682967,0.2,False
2020-10-14,100151.75843931625,0,0,0.0,0.0,0.0007614464872301899,0.0014426334199112334,0.4571941351639855,0.5428058648360146,0.2,False
2020-10-15,100151.75843931625,0,0,0.0,0.0,0.000827994826790367,0.0014438671834745022,0.4574731299273228,0.5425268700726772,0.2,False
2020-10-16,100151.75843931625,0,0,0.0,0.0,0.0009610965932683912,0.001444300094501708,0.4577425676355899,0.54225743236441,0.2,False
2020-10-19,100151.75843931625,0,0,0.0,0.0,0.0010086423233978074,0.001449540678311683,0.4586627460038477,0.5413372539961523,0.2,False
2020-10-20,100151.75843931625,0,0,0.0,0.0,0.0007094390760665846,0.001450093168053411,0.4589994687892202,0.5410005312107797,0.2,False
2020-10-21,100151.75843931625,0,0,0.0,0.0,0.0009383719030573121,0.0014514663673063262,0.45956395807933514,0.5404360419206649,0.2,False
2020-10-22,100151.75843931625,0,0,0.0,0.0,0.001273881233432801,0.0014483846485771354,0.45875930058951037,0.5412406994104897,0.2,False
2020-10-23,100151.75843931625,0,0,0.0,0.0,0.0015389353998301598,0.0018357731885261027,0.4580618498642894,0.5419381501357106,0.05,False
2020-10-26,100151.75843931625,0,0,0.0,0.0,0.0017692938065170854,0.0018415679859250858,0.462386312817226,0.537613687182774,0.05,False
2020-10-27,100151.75843931625,0,0,0.0,0.0,0.0011263077595920817,0.0014583943576813182,0.4606028932717908,0.5393971067282092,0.2,False
2020-10-28,100151.75843931625,0,0,0.0,0.0,0.0018167403842503356,0.0018627136695064583,0.4768083717731702,0.5231916282268299,0.05,False
2020-10-29,100151.75843931625,0,0,0.0,0.0,0.0018240237817806059,0.0018662596731518527,0.48031168418521897,0.519688315814781,0.05,False
2020-10-30,100151.75843931625,0,0,0.0,0.0,0.0018707765864066728,0.0018631203107674385,0.4810637081540048,0.5189362918459952,0.05,False
2020-11-02,100148.67970295007,-121,98,5032.859846115112,221.90004920959473,0.0012118322783580648,0.0015031532232600011,0.48463014886422967,0.5153698511357703,0.2,False
2020-11-03,100129.84187272088,-121,98,5169.100040435791,203.25992965698242,0.0019724296828288403,0.0018605573033204578,0.47805698163799043,0.5219430183620095,0.05,False
2020-11-04,100142.14770959073,-121,98,5184.03000831604,215.76984214782715,0.0015867795288698405,0.0018567242698811326,0.47723622565343016,0.5227637743465698,0.05,False
2020-11-05,100126.53353276064,-121,98,5330.760025024414,200.3598403930664,0.0022975112859568918,0.001855292056862886,0.4726009075128103,0.5273990924871896,0.05,False
2020-11-06,100120.50279197685,-121,98,5334.619882583618,194.53993797302246,0.0024583490335342868,0.001855459923344474,0.4716948586993047,0.5283051413006953,0.05,False
2020-11-09,100061.34911736504,-121,98,5479.379953384399,136.01997184753418,0.004625734633584556,0.0017329004354044658,0.4558461589565618,0.5441538410434382,0.05707313999701709,False
2020-11-10,100093.63947977398,-121,98,5499.790090560913,168.5299243927002,0.0033418853629609614,0.0018306609134513966,0.4532698835292704,0.5467301164707297,0.05,False
2020-11-11,100076.72055397417,-121,98,5555.690073013306,151.83009147644043,0.003849677805860033,0.0018252448349074647,0.45174736810352484,0.5482526318964751,0.05,False
2020-11-12,100081.25836713923,-121,98,5458.809944152832,156.58998107910156,0.003398885514377448,0.00182957468395899,0.4514591044115177,0.5485408955884823,0.05,False
2020-11-13,100060.8805117103,-121,98,5506.410154342651,136.430025100708,0.0039516387499786655,0.0018260979033101138,0.45024837947739293,0.5497516205226071,0.05,False
2020-11-16,100068.04269513879,0,0,0.0,0.0,0.003541244833458781,0.0018285078462333953,0.4534777676142789,0.5465222323857211,0.05,False
2020-11-17,100064.97604513688,-100,93,4994.850017547607,482.85012435913086,0.0031328169873010435,0.001833068116720844,0.4542508024622675,0.5457491975377324,0.05,False
2020-11-18,100054.35055891452,-100,93,4990.410093307495,472.410062789917,0.003340774997299326,0.0018350964346521951,0.45478125189477314,0.5452187481052269,0.05,False
2020-11-19,100048.32478071628,-100,93,5018.570001602173,466.56995582580566,0.0034737490647483234,0.001832077385077686,0.45470808411701874,0.5452919158829812,0.05,False
2020-11-20,100056.2279107381,-100,93,5034.660001754761,474.66015434265137,0.0031060661734262376,0.0018286424782956471,0.45477839429117417,0.5452216057088258,0.05,False
2020-11-23,100072.33556837184,-100,93,5053.32989692688,491.3300037384033,0.0025331840713562906,0.0018320951122110588,0.45504036037870466,0.5449596396212953,0.05,False
2020-11-24,100060.50809334923,-100,93,5161.689977645874,479.69000816345215,0.0031711492715639396,0.001827498189608011,0.45218740298016596,0.547812597019834,0.05,False
2020-11-25,100064.82560823386,-100,93,5170.199995040894,484.1999340057373,0.0029367236632176622,0.001825700403152738,0.4514705417855879,0.5485294582144121,0.05,False
2020-11-27,100086.74059983212,-100,93,5166.499923706055,506.5000762939453,0.002174381819670784,0.0018233809488970305,0.4498764683976326,0.5501235316023674,0.05,False
2020-11-30,100123.70613553163,-100,93,5088.039995193481,544.040132522583,0.0007813839917382402,0.0013868260581654307,0.43966129764328526,0.5603387023567148,0.2,False
2020-12-01,100094.32932661263,-100,93,5148.850078582764,514.8500633239746,0.001429614305037431,0.0018004007576411616,0.43333962758252886,0.5666603724174711,0.05,False
2020-12-02,100101.5477704517,0,0,0.0,0.0,0.0012234861139705081,0.001370090750828483,0.4324825718838993,0.5675174281161006,0.2,False
2020-12-03,100101.5477704517,0,0,0.0,0.0,0.0010767140657670755,0.0013681801825821843,0.43271371883041193,0.567286281169588,0.2,False
2020-12-04,100101.5477704517,0,0,0.0,0.0,0.0006829256250444473,0.0013682742211450674,0.4361963033974507,0.5638036966025493,0.2,False
2020-12-07,100101.5477704517,0,0,0.0,0.0,0.0004834124056560577,0.0013694334655974137,0.43653052069596493,0.5634694793040351,0.2,False
2020-12-08,100101.5477704517,0,0,0.0,0.0,0.000743854388552125,0.0013674805467614973,0.43635118924751526,0.5636488107524847,0.2,False
2020-12-09,100101.5477704517,0,0,0.0,0.0,0.00097208723814358,0.0013691051248808036,0.437069864187978,0.562930135812022,0.2,False
2020-12-10,100101.5477704517,0,0,0.0,0.0,0.0008756167277019931,0.0013671531137477947,0.4377126848028094,0.5622873151971906,0.2,False
2020-12-11,100101.5477704517,0,0,0.0,0.0,0.0008784740637716968,0.0013699863394711594,0.43864335644024915,0.5613566435597508,0.2,False
2020-12-14,100101.5477704517,0,0,0.0,0.0,0.0014937240832731836,0.0018166930440106192,0.4419232934860656,0.5580767065139344,0.05,False
2020-12-15,100101.5477704517,0,0,0.0,0.0,0.0014941812784758004,0.0018165618057342321,0.4435909110882469,0.5564090889117531,0.05,False
2020-12-16,100101.5477704517,0,0,0.0,0.0,0.0016534065920435835,0.0018169653270369253,0.44423458590805226,0.5557654140919477,0.05,False
2020-12-17,100101.5477704517,0,0,0.0,0.0,0.0019912043797274464,0.001820420046106875,0.44289463749619523,0.5571053625038047,0.05,False
2020-12-18,100098.50041176454,-91,88,4909.32993888855,543.149980545044,0.001829192648611517,0.0018204198835881692,0.443671123287051,0.5563288767129491,0.05,False
2020-12-21,100095.01220448774,-91,88,4871.79993057251,540.2000694274902,0.0017218454674425047,0.001817454598140048,0.4443610928385103,0.5556389071614898,0.05,False
2020-12-22,100104.96407825439,-91,88,4854.629884719849,550.3299541473389,0.0013904096297907838,0.0018186644130060614,0.4431579639571042,0.5568420360428958,0.05,False
2020-12-23,100097.78721401168,-91,88,4898.590034484863,543.3299789428711,0.001643688855011949,0.0018133676099568272,0.441950860797654,0.558049139202346,0.05,False
2020-12-24,100109.01815618254,-91,88,4911.820001602173,554.7399044036865,0.0013826662365985698,0.0018184964861185959,0.4417359388524018,0.5582640611475982,0.05,False
2020-12-28,100079.81212243094,-91,88,4903.349964141846,526.2501029968262,0.0019491957937414434,0.001814963321100441,0.44386236431101683,0.5561376356889831,0.05,False
2020-12-29,100094.86224878636,-91,88,4902.1999435424805,541.480110168457,0.0015440859251573402,0.0018130802098955121,0.44326546860792676,0.5567345313920733,0.05,False
2020-12-30,100093.41284992934,-91,88,4924.589946746826,540.2099189758301,0.0015840452692125143,0.001818541164531564,0.4431118344070116,0.5568881655929885,0.05,False
2020-12-31,100087.49269495261,-91,88,4893.370082855225,534.4699440002441,0.0015717806459037446,0.001815342818608324,0.4441792251878263,0.5558207748121737,0.05,False
2021-01-04,100088.29620393502,-91,88,4909.4501094818115,535.9899845123291,0.0016572013474353989,0.0018213610756070877,0.4444811467755393,0.5555188532244607,0.05,False
2021-01-05,100105.13495327311,0,0,0.0,0.0,0.0013788520465017806,0.001383506745087261,0.4518770550753378,0.5481229449246622,0.2,False
2021-01-06,100105.13495327311,0,0,0.0,0.0,0.0015944928689460456,0.0018258211950485106,0.4523512113493545,0.5476487886506455,0.05,False
2021-01-07,100105.13495327311,0,0,0.0,0.0,0.0009776470704777548,0.0013817887995260449,0.45440627845617726,0.5455937215438227,0.2,False
2021-01-08,100105.13495327311,0,0,0.0,0.0,0.0012879441308876595,0.0013822852946647102,0.4552295317328512,0.5447704682671488,0.2,False
2021-01-11,100105.13495327311,0,0,0.0,0.0,0.0008775650537677836,0.0013816322731987456,0.4518230983149306,0.5481769016850694,0.2,False
2021-01-12,100105.13495327311,0,0,0.0,0.0,0.0008203890773874112,0.0013791838076557803,0.4516215832083247,0.5483784167916753,0.2,False
2021-01-13,100105.13495327311,0,0,0.0,0.0,0.0006782073473277062,0.001379392152949193,0.4511559404771759,0.5488440595228241,0.2,False
2021-01-14,100105.13495327311,0,0,0.0,0.0,0.0009372526524295595,0.0013740223350749725,0.449573980135427,0.550426019864573,0.2,False
2021-01-15,100105.13495327311,0,0,0.0,0.0,0.0007630317321933754,0.0013781119877400044,0.44954117473849864,0.5504588252615014,0.2,False
2021-01-19,100105.13495327311,0,0,0.0,0.0,0.0008892647592129492,0.0013768845729683263,0.4493304322997668,0.5506695677002331,0.2,False
2021-01-20,100105.13495327311,0,0,0.0,0.0,0.001332039360131759,0.0013654459153705702,0.44530242553022287,0.5546975744697771,0.2,False
2021-01-21,100105.13495327311,0,0,0.0,0.0,0.0016377022448699444,0.0018200851533646239,0.44586528999376346,0.5541347100062366,0.05,False
2021-01-22,100105.13495327311,0,0,0.0,0.0,0.0018575009914879015,0.0018300890996157738,0.452074878135533,0.547925121864467,0.05,False
2021-01-25,100102.07211129046,-90,86,4976.979919433594,480.5800018310547,0.0018803100681522994,0.0018277426159504994,0.4533285006902259,0.5466714993097741,0.05,False
2021-01-26,100090.62739807522,-90,86,4969.320072174072,469.32007217407227,0.0020309887069006735,0.0018303734934595444,0.4544670461912549,0.5455329538087451,0.05,False
2021-01-27,100080.30250151099,-90,86,4834.980010986328,459.1801071166992,0.0018320318865827066,0.0018414679703726072,0.4599310891178561,0.5400689108821439,0.05,False
2021-01-28,100095.78255570948,-90,86,4881.239906311035,474.83998870849655,0.0015486620543339752,0.0018411075942851433,0.46427106687402814,0.5357289331259718,0.05,False
2021-01-29,100114.86151487926,-90,86,4769.1000328063965,494.1000328063965,0.0008108057438427621,0.0013962073628412156,0.4538025931654184,0.5461974068345816,0.2,False
2021-02-01,100106.6744869402,-90,86,4835.240032196045,486.44005966186523,0.0010894756846956395,0.0013848570845135394,0.4497889409023053,0.5502110590976947,0.2,False
2021-02-02,100126.79577218487,-90,86,4909.539897918701,506.74006271362305,0.0008064609396878266,0.0013875539659823177,0.454861071574656,0.5451389284253441,0.2,False
2021-02-03,100127.0748533633,-90,86,4927.999984741211,507.20008087158203,0.0008096123427992392,0.0013874834901058803,0.45592091606927115,0.5440790839307288,0.2,False
2021-02-04,100138.11310539638,-90,86,4937.419872283936,518.4200096130371,0.0005659785920677274,0.0013873984859769217,0.45620847858314456,0.5437915214168554,0.2,False
2021-02-05,100142.0516198498,-90,86,4988.340030670166,522.5401268005371,0.0005745209291731403,0.0013842328783866512,0.4568778736246495,0.5431221263753505,0.2,False
2021-02-08,100158.32897806515,0,0,0.0,0.0,0.0002521968939791234,0.0013849269423771699,0.4602719442027728,0.5397280557972273,0.2,False
2021-02-09,100158.32897806515,0,0,0.0,0.0,-0.0001716101348414696,0.0014878788187860526,0.46137931703453033,0.5386206829654696,0.2,False
2021-02-10,100158.32897806515,0,0,0.0,0.0,-0.0004256463163427749,0.0014882755780070323,0.4612293611473511,0.538770638852649,0.2,False
2021-02-11,100158.32897806515,0,0,0.0,0.0,-9.532442994960521e-05,0.0014873626424484413,0.46046374487860553,0.5395362551213945,0.2,False
2021-02-12,100158.32897806515,0,0,0.0,0.0,-0.00019615820693451853,0.001487066766808163,0.4603038259925207,0.5396961740074793,0.2,False
2021-02-16,100158.32897806515,0,0,0.0,0.0,-2.7124020053065128e-05,0.0014854224357905522,0.45956007920685743,0.5404399207931425,0.2,False
2021-02-17,100158.32897806515,0,0,0.0,0.0,4.545974140106614e-05,0.0013833611909005459,0.461056613878627,0.538943386121373,0.2,False
2021-02-18,100158.32897806515,0,0,0.0,0.0,0.0003506429304171862,0.0013853014927341057,0.4619934689174693,0.5380065310825307,0.2,False
2021-02-19,100158.32897806515,0,0,0.0,0.0,-0.00021501671540801115,0.001479274990493822,0.4646690377160947,0.5353309622839053,0.2,False
2021-02-22,100158.32897806515,0,0,0.0,0.0,-0.00017392497079284688,0.001477774177666638,0.4651445455212127,0.5348554544787874,0.2,False
2021-02-23,100158.32897806515,0,0,0.0,0.0,0.0004613022692032111,0.0013834993465990013,0.46388699575299885,0.5361130042470011,0.2,False
2021-02-24,100158.32897806515,0,0,0.0,0.0,-5.404622382768524e-05,0.0014675555091342618,0.4698623093046212,0.5301376906953787,0.2,False
2021-02-25,100158.32897806515,0,0,0.0,0.0,-0.00015691201619469808,0.001469323119454066,0.47375920123925985,0.5262407987607401,0.2,False
2021-02-26,100158.32897806515,0,0,0.0,0.0,-0.0006474910014941676,0.0014851570545770544,0.46848279253337527,0.5315172074666248,0.2,False
2021-03-01,100158.32897806515,0,0,0.0,0.0,0.00011029543376597641,0.001376158927280961,0.4567433399762974,0.5432566600237025,0.2,False
2021-03-02,100158.32897806515,0,0,0.0,0.0,-0.0008596989846902473,0.001488826014777356,0.4560089868347963,0.5439910131652037,0.2,False
2021-03-03,100158.32897806515,0,0,0.0,0.0,-0.0007630588748587256,0.001490134467114478,0.45715777914619743,0.5428422208538026,0.2,False
2021-03-04,100158.32897806515,0,0,0.0,0.0,-0.0004910326039577115,0.001489643759572031,0.4600049438009161,0.5399950561990838,0.2,False
2021-03-05,100158.32897806515,0,0,0.0,0.0,-0.0011832595947358314,0.0014805953881686256,0.4646054944262574,0.5353945055737426,0.2,False
2021-03-08,100158.32897806515,0,0,0.0,0.0,-0.002175901262491279,0.0019362185207001954,0.4634555465110821,0.5365444534889179,0.05,False
2021-03-09,100155.24385805096,93,-80,5023.600070953369,-336.39992904663086,-0.002015856396890369,0.0019429862978768183,0.4626240511821102,0.5373759488178897,0.05,False
2021-03-10,100117.22337884764,93,-80,5024.200134277344,-374.20013427734375,-0.00323571427861941,0.0019414938877178828,0.4611676637123077,0.5388323362876923,0.05,False
2021-03-11,100090.67163748432,93,-80,5085.870122909546,-400.5300235748291,-0.0038546119180063293,0.001937160360507392,0.4655925257659118,0.5344074742340882,0.05,False
2021-03-12,100070.59617241839,93,-80,5096.419906616211,-420.3800201416011,-0.004306180858366387,0.0019131406829006972,0.4665020670403347,0.5334979329596653,0.051281548655245646,False
2021-03-15,100059.75591425117,93,-80,5121.459997177124,-430.5401248931885,-0.004372390032507755,0.001887001946699123,0.4670062331613823,0.5329937668386178,0.05331622182964349,False
2021-03-16,100059.80778106682,93,-80,5113.74015045166,-430.26009368896484,-0.004187358223217734,0.001921303509189538,0.46746179062389737,0.5325382093761026,0.05069468629896591,False
2021-03-17,100041.03010642057,93,-80,5141.589847564697,-448.80993270874023,-0.0044955591186695175,0.001836364441631202,0.46853504746063185,0.5314649525393682,0.05687214976203675,False
2021-03-18,100043.88043064476,93,-80,5056.670036315918,-445.72986602783203,-0.004322891651007636,0.0018638137420812397,0.4710756456765072,0.5289243543234927,0.05438528270450358,False
2021-03-19,100032.62407696024,93,-80,5047.24015045166,-456.76009368896484,-0.004431409564389984,0.0018259294363746547,0.47113461871184353,0.5288653812881565,0.05722538028768953,False
2021-03-22,100061.48551776199,93,-80,5051.180191040039,-427.2200775146489,-0.0034296669315131974,0.001931442028784059,0.47106250882142536,0.5289374911785747,0.05,False
2021-03-23,100059.76345126465,0,0,0.0,0.0,-0.003363547932740915,0.0019265034342715386,0.4721420419847908,0.5278579580152092,0.05,False
2021-03-24,100056.69262263626,96,-77,4963.060134887695,-251.3799591064453,-0.00327783019387523,0.0019267928529209308,0.47242381962348307,0.5275761803765169,0.05,False
2021-03-25,100070.50813862203,96,-77,4966.309989929199,-237.35015106201172,-0.0028392950462786167,0.0019305659622723293,0.4724601887661822,0.5275398112338179,0.05,False
2021-03-26,100085.20444963983,96,-77,5032.039844512939,-222.43999099731445,-0.0023647125145755893,0.0019326759728354721,0.4675239068314594,0.5324760931685406,0.05,False
2021-03-29,100078.6165735808,96,-77,5016.860157012939,-228.38005447387695,-0.002475852583626604,0.0019359416147468342,0.4662009035480723,0.5337990964519277,0.05,False
2021-03-30,100069.02116728367,96,-77,4985.919815063477,-237.75990295410156,-0.002671806560178912,0.0019347854909050743,0.46490437620620756,0.5350956237937925,0.05,False
2021-03-31,100064.5565451055,96,-77,5001.690029144287,-242.0098533630371,-0.002694764239247172,0.0019402059096552675,0.4647435896969683,0.5352564103030317,0.05,False
2021-04-01,100051.55087038348,96,-77,5079.759872436523,-254.80003356933594,-0.0002487589631049143,0.0014678597804948005,0.46883052101087447,0.5311694789891255,0.2,False
2021-04-05,100075.2239327752,96,-77,5124.3300132751465,-230.25005722045898,-0.00018982392638307018,0.001470813419048007,0.4647811700666452,0.5352188299333548,0.2,False
2021-04-06,100056.3938580409,96,-77,5094.940036773682,-248.86008071899414,-0.0002241384738457113,0.0014764001247788252,0.46125437676572806,0.538745623234272,0.2,False
2021-04-07,100062.89422052001,96,-77,5101.660007476807,-242.14011001586914,-0.00020426396303738193,0.0014768536104644188,0.4605103790734929,0.5394896209265071,0.2,False
2021-04-08,100055.87376648637,0,0,0.0,0.0,-0.00020374494478262185,0.0014742892206808674,0.460690864264945,0.539309135735055,0.2,False
2021-04-09,100055.87376648637,0,0,0.0,0.0,-0.00020624599967702988,0.0014730177961477095,0.4607771577426952,0.5392228422573049,0.2,False
2021-04-12,100055.87376648637,0,0,0.0,0.0,-0.0001985333152735108,0.0014741729980933883,0.46142709525774167,0.5385729047422583,0.2,False
2021-04-13,100055.87376648637,0,0,0.0,0.0,-0.00019069242813300885,0.001472494613466536,0.461381414889507,0.538618585110493,0.2,False
2021-04-14,100055.87376648637,0,0,0.0,0.0,-0.00014891910779591053,0.0014730782115680383,0.45995152938988026,0.5400484706101197,0.2,False
2021-04-15,100055.87376648637,0,0,0.0,0.0,-8.855615257058782e-05,0.0014792863276969724,0.4511922859205079,0.548807714079492,0.2,False
2021-04-16,100055.87376648637,0,0,0.0,0.0,-9.271687445562584e-05,0.0014808321789814992,0.4493304481152919,0.5506695518847081,0.2,False
2021-04-19,100055.87376648637,0,0,0.0,0.0,-7.934759051487226e-05,0.0014804446072805694,0.4514544124498152,0.5485455875501848,0.2,False
2021-04-20,100055.87376648637,0,0,0.0,0.0,-8.161200454134659e-05,0.0014804237172927374,0.45616466094839936,0.5438353390516006,0.2,False
2021-04-21,100055.87376648637,0,0,0.0,0.0,-7.422316715525955e-05,0.0014727627442010108,0.4586054878493463,0.5413945121506537,0.2,False
2021-04-22,100055.87376648637,0,0,0.0,0.0,-7.272114249310841e-05,0.0014724745333892,0.45982770530773265,0.5401722946922674,0.2,False
2021-04-23,100055.87376648637,0,0,0.0,0.0,-4.217680349116717e-05,0.0014725373497414625,0.4575768045364153,0.5424231954635848,0.2,False
2021-04-26,100055.87376648637,0,0,0.0,0.0,-6.496366105693132e-05,0.001467578185298881,0.45967760777176886,0.5403223922282312,0.2,False
2021-04-27,100055.87376648637,0,0,0.0,0.0,-9.611585785989081e-05,0.0014695987453664009,0.45847207181879385,0.5415279281812062,0.2,False
2021-04-28,100055.87376648637,0,0,0.0,0.0,-0.0001336056374923701,0.001456340315617628,0.4656001055557047,0.5343998944442954,0.2,False
2021-04-29,100055.87376648637,0,0,0.0,0.0,-0.00014932958340719172,0.0014568586236822054,0.4661103615438738,0.5338896384561262,0.2,False
2021-04-30,100055.87376648637,0,0,0.0,0.0,-0.00017333169503639596,0.0014659727896968527,0.4627388356976331,0.5372611643023669,0.2,False
2021-05-03,100055.87376648637,0,0,0.0,0.0,-0.0009066760408612207,0.0014683947424536153,0.45841452105315694,0.5415854789468431,0.2,False
2021-05-04,100055.87376648637,0,0,0.0,0.0,-0.001017700759137877,0.0014721814287041056,0.456455957975221,0.543544042024779,0.2,False
2021-05-05,100055.87376648637,0,0,0.0,0.0,-0.0008557733508624134,0.0014711347723676239,0.4538443253897384,0.5461556746102616,0.2,False
2021-05-06,100055.87376648637,0,0,0.0,0.0,-0.00105743397316261,0.001467827320603413,0.45496545446397946,0.5450345455360206,0.2,False
2021-05-07,100055.87376648637,0,0,0.0,0.0,-0.0010424793132234665,0.001462833738776782,0.45608247799622015,0.5439175220037799,0.2,False
2021-05-10,100055.87376648637,0,0,0.0,0.0,-0.000928955089563729,0.0014624862760632502,0.45651037111586806,0.543489628884132,0.2,False
2021-05-11,100055.87376648637,0,0,0.0,0.0,-0.0009788967345804693,0.0014650217901772309,0.45636709281774857,0.5436329071822514,0.2,False
2021-05-12,100055.87376648637,0,0,0.0,0.0,-0.0011653339269173276,0.0014741336848643337,0.4525045357081286,0.5474954642918715,0.2,False
2021-05-13,100055.87376648637,0,0,0.0,0.0,-0.0010614844415418015,0.0014741739361739375,0.4513777282546206,0.5486222717453795,0.2,False
2021-05-14,100055.87376648637,0,0,0.0,0.0,-0.0012166337828940145,0.0014649333651494138,0.4564911977251267,0.5435088022748733,0.2,False
2021-05-17,100055.87376648637,0,0,0.0,0.0,-0.0015408963082891058,0.0019487308977156575,0.45915264205994033,0.5408473579400597,0.05,False
2021-05-18,100055.87376648637,0,0,0.0,0.0,-0.0016292978329146225,0.0019426057462013692,0.459170967379456,0.540829032620544,0.05,False
2021-05-19,100055.87376648637,0,0,0.0,0.0,-0.0017941281822860876,0.001954373113465392,0.45492764486039383,0.5450723551396062,0.05,False
2021-05-20,100055.87376648637,0,0,0.0,0.0,-0.0013811644845765822,0.0014789877675537937,0.4426026244713634,0.5573973755286366,0.2,False
2021-05-21,100055.87376648637,0,0,0.0,0.0,-0.0015618513668524453,0.001971858943958582,0.43788067371147305,0.5621193262885269,0.05,False
2021-05-24,100055.87376648637,0,0,0.0,0.0,-0.0015304697621895587,0.0019759207913643754,0.43722648171858797,0.562773518281412,0.05,False
2021-05-25,100055.87376648637,0,0,0.0,0.0,-0.0012012742089540737,0.0014825541520535833,0.44009324685991885,0.5599067531400812,0.2,False
2021-05-26,100055.87376648637,0,0,0.0,0.0,-0.0012782695546025345,0.001479659482221072,0.4411257818557693,0.5588742181442308,0.2,False
2021-05-27,100055.87376648637,0,0,0.0,0.0,-0.001295193392429522,0.0014770543271945239,0.44203594853590006,0.5579640514641,0.2,False
2021-05-28,100055.87376648637,0,0,0.0,0.0,-0.001296162309691682,0.0014762824034442467,0.44220603981503886,0.5577939601849611,0.2,False
2021-06-01,100055.87376648637,0,0,0.0,0.0,-0.0007294781131866938,0.001474115181331001,0.4429043333078667,0.5570956666921333,0.2,False
2021-06-02,100055.87376648637,0,0,0.0,0.0,-0.0005901552014026134,0.0014736682352909521,0.44066910236224804,0.559330897637752,0.2,False
2021-06-03,100055.87376648637,0,0,0.0,0.0,-0.0005625742295948903,0.0014739890445425318,0.4424092264024656,0.5575907735975344,0.2,False
2021-06-04,100055.87376648637,0,0,0.0,0.0,-0.0003961767996667582,0.0014778460649750985,0.4365987458742468,0.5634012541257531,0.2,False
2021-06-07,100055.87376648637,0,0,0.0,0.0,-0.0004153674867676234,0.0014796561063530427,0.4351878609766039,0.5648121390233961,0.2,False
2021-06-08,100055.87376648637,0,0,0.0,0.0,-0.00035666394120865893,0.0014787911911313826,0.43549319243064816,0.5645068075693518,0.2,False
2021-06-09,100055.87376648637,0,0,0.0,0.0,-0.0004210915406491373,0.0014836339158891595,0.43393888598501357,0.5660611140149865,0.2,False
2021-06-10,100055.87376648637,0,0,0.0,0.0,-0.00029066409766685826,0.0014877309917459194,0.4309169744101813,0.5690830255898187,0.2,False
2021-06-11,100055.87376648637,0,0,0.0,0.0,-0.00026908671350839205,0.0014888624010484899,0.4306975931153692,0.5693024068846309,0.2,False
2021-06-14,100055.87376648637,0,0,0.0,0.0,-0.0002955915120659747,0.0014874606343209097,0.4310223357710719,0.5689776642289281,0.2,False
2021-06-15,100055.87376648637,0,0,0.0,0.0,-0.00032028848404681165,0.001487320483505043,0.43083756710733717,0.5691624328926628,0.2,False
2021-06-16,100055.87376648637,0,0,0.0,0.0,-0.0002653758369216667,0.0014846528249226176,0.4341528062771926,0.5658471937228073,0.2,False
2021-06-17,100055.87376648637,0,0,0.0,0.0,-0.00020571509315457423,0.001480452557639272,0.44079160742145673,0.5592083925785433,0.2,False
2021-06-18,100055.87376648637,0,0,0.0,0.0,-0.00038354474533034756,0.001498047917373497,0.4315049767652989,0.568495023234701,0.2,False
2021-06-21,100055.87376648637,0,0,0.0,0.0,-0.0003828984424610524,0.0014917071979210358,0.43326463075399857,0.5667353692460014,0.2,False
2021-06-22,100055.87376648637,0,0,0.0,0.0,-0.0004633790693575597,0.001489660220696255,0.4344807856400154,0.5655192143599845,0.2,False
2021-06-23,100055.87376648637,0,0,0.0,0.0,-0.0005580365952877889,0.0014926135958838042,0.43257849644349,0.56742150355651,0.2,False
2021-06-24,100055.87376648637,0,0,0.0,0.0,-0.000435310609828045,0.0014946235226579127,0.43012878893739814,0.5698712110626019,0.2,False
2021-06-25,100055.87376648637,0,0,0.0,0.0,-0.00046178408186836535,0.001493758745195424,0.4298102033816764,0.5701897966183236,0.2,False
2021-06-28,100055.87376648637,0,0,0.0,0.0,-0.00043652947928408286,0.0014933926857604197,0.4320991627610081,0.5679008372389919,0.2,False
2021-06-29,100055.87376648637,0,0,0.0,0.0,-0.0003612990382648196,0.0014917660795718112,0.4332136059267716,0.5667863940732284,0.2,False
2021-06-30,100055.87376648637,0,0,0.0,0.0,-0.000458450894195598,0.0014963308792256284,0.431315756558535,0.568684243441465,0.2,False
2021-07-01,100055.87376648637,0,0,0.0,0.0,-0.000636666945712175,0.0014917998821488646,0.43417964548579707,0.5658203545142029,0.2,False
2021-07-02,100055.87376648637,0,0,0.0,0.0,-0.0004540800901247382,0.0014944629221226029,0.43061958075501916,0.5693804192449808,0.2,False
2021-07-06,100055.87376648637,0,0,0.0,0.0,-0.0005231534520673037,0.0015007488474233974,0.428316385654327,0.5716836143456729,0.2,False
2021-07-07,100055.87376648637,0,0,0.0,0.0,-0.00027207130096341237,0.0015062784592747677,0.42341314639495164,0.5765868536050484,0.2,False
2021-07-08,100055.87376648637,0,0,0.0,0.0,-0.0002689841302239373,0.0015052292584440076,0.4280026722210425,0.5719973277789575,0.2,False
2021-07-09,100055.87376648637,0,0,0.0,0.0,-0.0002433912934107646,0.0014937404645589266,0.4330156237472869,0.5669843762527131,0.2,False
2021-07-12,100055.87376648637,0,0,0.0,0.0,-0.0002512265879730653,0.0014926327248346455,0.4340304858084278,0.5659695141915722,0.2,False
2021-07-13,100055.87376648637,0,0,0.0,0.0,-0.00027836744635354344,0.0014949188319149877,0.4339613323363947,0.5660386676636053,0.2,False
2021-07-14,100055.87376648637,0,0,0.0,0.0,-0.00010182287376288533,0.001493300386954506,0.43497046554836744,0.5650295344516325,0.2,False
2021-07-15,100055.87376648637,0,0,0.0,0.0,-0.0001779101953849936,0.0014973108257042781,0.43327557475821044,0.5667244252417896,0.2,False
2021-07-16,100055.87376648637,0,0,0.0,0.0,-7.667475329294983e-05,0.001492828010644162,0.4390649020054963,0.5609350979945037,0.2,False
2021-07-19,100055.87376648637,0,0,0.0,0.0,-2.198369754363836e-05,0.0014852907007055945,0.45189384922787307,0.548106150772127,0.2,False
2021-07-20,100055.87376648637,0,0,0.0,0.0,-8.01239932795014e-05,0.001469448345292318,0.4613353131211096,0.5386646868788905,0.2,False
2021-07-21,100055.87376648637,0,0,0.0,0.0,-0.00014753946144780995,0.0014533168573648196,0.4703175687501269,0.5296824312498731,0.2,False
2021-07-22,100055.87376648637,0,0,0.0,0.0,-0.00014168726153555942,0.0014512263896165147,0.4721799996948141,0.5278200003051858,0.2,False
2021-07-23,100055.87376648637,0,0,0.0,0.0,-0.00011093007982283816,0.0014483361066391898,0.4722807166717016,0.5277192833282984,0.2,False
2021-07-26,100055.87376648637,0,0,0.0,0.0,-6.638441285207384e-05,0.0014496041734696707,0.4722701643532202,0.5277298356467798,0.2,False
2021-07-27,100055.87376648637,0,0,0.0,0.0,-2.1666111178641003e-05,0.0014492054779403176,0.47265367358763416,0.5273463264123659,0.2,False
2021-07-28,100055.87376648637,0,0,0.0,0.0,-0.00022061647227303386,0.0014468281566988779,0.47424658822116733,0.5257534117788327,0.2,False
2021-07-29,100055.87376648637,0,0,0.0,0.0,-0.00025051491141036425,0.0014419763827644083,0.4760547483896079,0.5239452516103922,0.2,False
2021-07-30,100055.87376648637,0,0,0.0,0.0,-0.00038311267486349773,0.0014474711548232789,0.4736861475503653,0.5263138524496347,0.2,False
2021-08-02,100055.87376648637,0,0,0.0,0.0,-0.00011733972960511902,0.0014479258453804474,0.47137348691581565,0.5286265130841843,0.2,False
2021-08-03,100055.87376648637,0,0,0.0,0.0,3.6851395453375975e-05,0.001367965619735776,0.46852660764477727,0.5314733923552227,0.2,False
2021-08-04,100055.87376648637,0,0,0.0,0.0,7.538194920487753e-05,0.001367655741715777,0.4682150592406389,0.5317849407593611,0.2,False
2021-08-05,100055.87376648637,0,0,0.0,0.0,0.00010071158603359449,0.0013652374376237869,0.46810782488537755,0.5318921751146224,0.2,False
2021-08-06,100055.87376648637,0,0,0.0,0.0,8.035678902838375e-05,0.0013656946056107002,0.4681111581111628,0.5318888418888372,0.2,False
2021-08-09,100055.87376648637,0,0,0.0,0.0,8.321567178647181e-05,0.0013673587929286816,0.46814972757274315,0.5318502724272569,0.2,False
2021-08-10,100055.87376648637,0,0,0.0,0.0,6.649595967858987e-05,0.0013655025698845037,0.46911701552905855,0.5308829844709415,0.2,False
2021-08-11,100055.87376648637,0,0,0.0,0.0,7.786489106597037e-05,0.0013654060642796346,0.4695091338176517,0.5304908661823483,0.2,False
2021-08-12,100055.87376648637,0,0,0.0,0.0,7.390074426669369e-05,0.001365653410181133,0.4695046843191698,0.5304953156808302,0.2,False
2021-08-13,100055.87376648637,0,0,0.0,0.0,0.0002548730901559932,0.0013618402522759586,0.46778488366617693,0.5322151163338231,0.2,False
2021-08-16,100055.87376648637,0,0,0.0,0.0,0.00016923279498604353,0.0013601078269282346,0.46441726089626606,0.535582739103734,0.2,False
2021-08-17,100055.87376648637,0,0,0.0,0.0,-0.0001412139554618858,0.0014801709314173513,0.44695914975719403,0.5530408502428059,0.2,False
2021-08-18,100055.87376648637,0,0,0.0,0.0,-0.00017193344605772817,0.0014859699098456166,0.4433220281784875,0.5566779718215125,0.2,False
2021-08-19,100055.87376648637,0,0,0.0,0.0,0.00011143087885972482,0.0013632528565386108,0.45760166712637923,0.5423983328736208,0.2,False
2021-08-20,100055.87376648637,0,0,0.0,0.0,-1.0978482340634277e-05,0.001465425631681396,0.4634120032371903,0.5365879967628098,0.2,False
2021-08-23,100055.87376648637,0,0,0.0,0.0,-0.00028345601343970325,0.0014409772442641009,0.47965823206147506,0.5203417679385249,0.2,False
2021-08-24,100055.87376648637,0,0,0.0,0.0,-0.0002376755252965308,0.0014363437999217366,0.4820812796268807,0.5179187203731193,0.2,False
2021-08-25,100055.87376648637,0,0,0.0,0.0,-0.00018277920473267867,0.0014341605823549844,0.4823015297413502,0.5176984702586498,0.2,False
2021-08-26,100055.87376648637,0,0,0.0,0.0,-5.384143260024412e-05,0.0014340774599673266,0.4865323947277151,0.5134676052722849,0.2,False
2021-08-27,100055.87376648637,0,0,0.0,0.0,-5.822770078097893e-07,0.0014294459980703097,0.4859355368104577,0.5140644631895424,0.2,False
2021-08-30,100055.87376648637,0,0,0.0,0.0,5.728422741450937e-05,0.0013934344730935177,0.48599524639343344,0.5140047536065666,0.2,False
2021-08-31,100055.87376648637,0,0,0.0,0.0,0.00011235153043825259,0.001394677975984687,0.48658866245172355,0.5134113375482765,0.2,False
2021-09-01,100055.87376648637,0,0,0.0,0.0,0.00015198395878603604,0.001389717908775769,0.48444226159706616,0.5155577384029338,0.2,False
2021-09-02,100055.87376648637,0,0,0.0,0.0,8.263849208816703e-05,0.0013897076555325176,0.4868930488920684,0.5131069511079316,0.2,False
2021-09-03,100055.87376648637,0,0,0.0,0.0,0.00015424069471827332,0.0013879994545121918,0.48658613634531,0.51341386365469,0.2,False
2021-09-07,100055.87376648637,0,0,0.0,0.0,0.0002958238689191154,0.0013972832381826013,0.4918630726335438,0.5081369273664562,0.2,False
2021-09-08,100055.87376648637,0,0,0.0,0.0,0.0003122931999808493,0.0014032807888778303,0.49343018128222327,0.5065698187177767,0.2,False
2021-09-09,100055.87376648637,0,0,0.0,0.0,6.087719119243336e-05,0.0013979016926308628,0.4894392046950613,0.5105607953049387,0.2,False
2021-09-10,100055.87376648637,0,0,0.0,0.0,6.187326196060545e-05,0.0014003253431490012,0.48881366848351754,0.5111863315164824,0.2,False
2021-09-13,100055.87376648637,0,0,0.0,0.0,0.00016791558633058712,0.0013940483403842511,0.48617817674812397,0.5138218232518761,0.2,False
2021-09-14,100055.87376648637,0,0,0.0,0.0,0.0001284865898473392,0.0013942292333537652,0.48444355026640784,0.5155564497335922,0.2,False
2021-09-15,100055.87376648637,0,0,0.0,0.0,4.829871780358417e-05,0.0013960914039138745,0.488380298015376,0.511619701984624,0.2,False
2021-09-16,100055.87376648637,0,0,0.0,0.0,0.00017961410468844032,0.0014046741656701957,0.4925674612671613,0.5074325387328387,0.2,False
2021-09-17,100055.87376648637,0,0,0.0,0.0,7.335555927044006e-05,0.001401691211689397,0.48711015168782645,0.5128898483121735,0.2,False
2021-09-20,100055.87376648637,0,0,0.0,0.0,-2.1543259133469443e-05,0.0014514259151151138,0.480110049778592,0.519889950221408,0.2,False
2021-09-21,100055.87376648637,0,0,0.0,0.0,0.00013376560003006008,0.0013888903580923106,0.47421213618762764,0.5257878638123723,0.2,False
2021-09-22,100055.87376648637,0,0,0.0,0.0,1.0765004648465e-05,0.0013909366396191029,0.47786964370982965,0.5221303562901703,0.2,False
2021-09-23,100055.87376648637,0,0,0.0,0.0,6.078200601206222e-05,0.0013843504815556351,0.4770778599669085,0.5229221400330915,0.2,False
2021-09-24,100055.87376648637,0,0,0.0,0.0,-5.932208510049e-05,0.0014515107396641893,0.4742847690318068,0.5257152309681932,0.2,False
2021-09-27,100055.87376648637,0,0,0.0,0.0,-0.00010053409024321916,0.001448360232971523,0.4749340207294171,0.525065979270583,0.2,False
2021-09-28,100055.87376648637,0,0,0.0,0.0,-0.00029370270380054656,0.0014680643695272413,0.4648220464505377,0.5351779535494623,0.2,False
2021-09-29,100055.87376648637,0,0,0.0,0.0,-0.00022615870079754658,0.0014706673559897728,0.46345851297792645,0.5365414870220735,0.2,False
2021-09-30,100055.87376648637,0,0,0.0,0.0,-8.008256533745859e-05,0.0014716615610955441,0.4614669656474253,0.5385330343525747,0.2,False
2021-10-01,100055.87376648637,0,0,0.0,0.0,-0.00019213826603297338,0.0014684662569850997,0.46344043694768317,0.5365595630523168,0.2,False
2021-10-04,100055.87376648637,0,0,0.0,0.0,-8.693974858856835e-05,0.0014680293003350128,0.46305006521055336,0.5369499347894466,0.2,False
2021-10-05,100055.87376648637,0,0,0.0,0.0,1.4985315477548525e-05,0.0013644225085703164,0.4611804680596673,0.5388195319403327,0.2,False
2021-10-06,100055.87376648637,0,0,0.0,0.0,-0.00013406482675112154,0.0014706103723892152,0.45935819773605147,0.5406418022639485,0.2,False
2021-10-07,100055.87376648637,0,0,0.0,0.0,-0.00020672079709159474,0.001460579182731117,0.46345696609954823,0.5365430339004518,0.2,False
2021-10-08,100055.87376648637,0,0,0.0,0.0,-0.00035386223233747243,0.0014573350343659597,0.46573923845601206,0.5342607615439879,0.2,False
2021-10-11,100055.87376648637,0,0,0.0,0.0,-0.0002431537466446778,0.0014557414196113986,0.4665600816368191,0.5334399183631808,0.2,False
2021-10-12,100055.87376648637,0,0,0.0,0.0,-0.00017313196935143035,0.0014559440179423484,0.4660301717970773,0.5339698282029227,0.2,False
2021-10-13,100055.87376648637,0,0,0.0,0.0,-0.0003460905907388678,0.0014494879356124178,0.4693966370370191,0.5306033629629809,0.2,False
2021-10-14,100055.87376648637,0,0,0.0,0.0,-0.0004386364417437106,0.0014407535498042684,0.4732778850659386,0.5267221149340614,0.2,False
2021-10-15,100055.87376648637,0,0,0.0,0.0,-0.0005062221624509545,0.0014364278280446035,0.47483959180728424,0.5251604081927157,0.2,False
2021-10-18,100055.87376648637,0,0,0.0,0.0,-0.0006750228504890077,0.0014382435491162864,0.47407860299447235,0.5259213970055276,0.2,False
2021-10-19,100055.87376648637,0,0,0.0,0.0,-0.00044987025416581535,0.0014402717215275364,0.4693903546725574,0.5306096453274426,0.2,False
2021-10-20,100055.87376648637,0,0,0.0,0.0,-0.00040372057267278196,0.0014395553042100965,0.46797701680281106,0.532022983197189,0.2,False
2021-10-21,100055.87376648637,0,0,0.0,0.0,-0.0005356653375958675,0.00144391919863529,0.4654999319938723,0.5345000680061277,0.2,False
2021-10-22,100055.87376648637,0,0,0.0,0.0,-0.00037354499928000907,0.0014457789127805027,0.46405369259838547,0.5359463074016145,0.2,False
2021-10-25,100055.87376648637,0,0,0.0,0.0,-0.00021954860148534202,0.001445754337501849,0.46286636566528855,0.5371336343347115,0.2,False
2021-10-26,100055.87376648637,0,0,0.0,0.0,-2.3720407771458154e-05,0.001441999154985405,0.46620055901278273,0.5337994409872173,0.2,False
2021-10-27,100055.87376648637,0,0,0.0,0.0,0.0001389579224710969,0.0013620697921928103,0.47034199698644263,0.5296580030135574,0.2,False
2021-10-28,100055.87376648637,0,0,0.0,0.0,8.864886850292093e-06,0.0013668940260236722,0.47649616415100254,0.5235038358489974,0.2,False
2021-10-29,100055.87376648637,0,0,0.0,0.0,-8.089313993571982e-05,0.0014328462022429218,0.47543249855004505,0.5245675014499549,0.2,False
2021-11-01,100055.87376648637,0,0,0.0,0.0,-0.00035317138409756544,0.001426497401553944,0.4795659377903152,0.5204340622096848,0.2,False
2021-11-02,100055.87376648637,0,0,0.0,0.0,-0.00040882359397332625,0.0014307782609780538,0.4789888678846606,0.5210111321153394,0.2,False
2021-11-03,100055.87376648637,0,0,0.0,0.0,-0.0003782836223412791,0.0014284939133394012,0.4784332653494171,0.5215667346505829,0.2,False
2021-11-04,100055.87376648637,0,0,0.0,0.0,-0.00037137573592087585,0.0014305016232054304,0.47853482545936427,0.5214651745406358,0.2,False
2021-11-05,100055.87376648637,0,0,0.0,0.0,-0.00031195721896044404,0.0014292547996665056,0.477562047730213,0.5224379522697871,0.2,False
2021-11-08,100055.87376648637,0,0,0.0,0.0,-0.000380227193132248,0.0014280543185143917,0.47787465852536337,0.5221253414746366,0.2,False
2021-11-09,100055.87376648637,0,0,0.0,0.0,-0.0005560451587922903,0.0014319783186105188,0.47541167445711313,0.5245883255428869,0.2,False
2021-11-10,100055.87376648637,0,0,0.0,0.0,-0.0005754087606929931,0.0014371756629209787,0.4746217748217089,0.525378225178291,0.2,False
2021-11-11,100055.87376648637,0,0,0.0,0.0,-0.0006444432204393233,0.0014385012477716916,0.47377413777817245,0.5262258622218275,0.2,False
2021-11-12,100055.87376648637,0,0,0.0,0.0,-0.0007404563300483596,0.0014308855728557743,0.47780383389587205,0.5221961661041279,0.2,False
2021-11-15,100055.87376648637,0,0,0.0,0.0,-0.0006101846284990029,0.0014293027065789075,0.4793095945104457,0.5206904054895543,0.2,False
2021-11-16,100055.87376648637,0,0,0.0,0.0,-0.0006534137877908519,0.0014301328797621919,0.4787603300792096,0.5212396699207904,0.2,False
2021-11-17,100055.87376648637,0,0,0.0,0.0,-0.0007933379129020058,0.0014426516192532943,0.471955708149192,0.5280442918508079,0.2,False
2021-11-18,100055.87376648637,0,0,0.0,0.0,-0.0007758671629938994,0.0014442686002640527,0.4706089084457675,0.5293910915542325,0.2,False
2021-11-19,100055.87376648637,0,0,0.0,0.0,-0.0006834099550866792,0.0014430442191769779,0.47351788537770156,0.5264821146222984,0.2,False
2021-11-22,100055.87376648637,0,0,0.0,0.0,-0.0004581237678789289,0.001438086312989306,0.4795587993418556,0.5204412006581445,0.2,False
2021-11-23,100055.87376648637,0,0,0.0,0.0,-0.0003247943886639995,0.0014399819016032013,0.47504021954886716,0.5249597804511328,0.2,False
2021-11-24,100055.87376648637,0,0,0.0,0.0,-0.00047652726758092614,0.0014407803866521105,0.474483818585319,0.5255161814146809,0.2,False
2021-11-26,100055.87376648637,0,0,0.0,0.0,-0.0005891779479916833,0.001463309030800322,0.46485486591491976,0.5351451340850802,0.2,False
2021-11-29,100055.87376648637,0,0,0.0,0.0,-0.0004607871642454833,0.001465629992699866,0.460705298711619,0.539294701288381,0.2,False
2021-11-30,100055.87376648637,0,0,0.0,0.0,-0.00021679061511842531,0.0014554538346594368,0.47484901725611095,0.525150982743889,0.2,False
2021-12-01,100055.87376648637,0,0,0.0,0.0,-6.261853284630056e-05,0.0014508218290316549,0.4817437130067925,0.5182562869932075,0.2,False
2021-12-02,100055.87376648637,0,0,0.0,0.0,-7.374962306021518e-05,0.0014408991071055732,0.48495619683014207,0.5150438031698579,0.2,False
2021-12-03,100055.87376648637,0,0,0.0,0.0,-0.00010928421729012817,0.0014469664773540955,0.4836416853776761,0.5163583146223238,0.2,False
2021-12-06,100055.87376648637,0,0,0.0,0.0,-0.00015567581976427063,0.001436511742392048,0.487940252217326,0.512059747782674,0.2,False
2021-12-07,100055.87376648637,0,0,0.0,0.0,-0.0002045232116407742,0.0014225179140980482,0.4935517895517233,0.5064482104482767,0.2,False
2021-12-08,100055.87376648637,0,0,0.0,0.0,-2.7722017961374667e-05,0.0014224063022570208,0.49382421591865,0.50617578408135,0.2,False
2021-12-09,100055.87376648637,0,0,0.0,0.0,3.576256911059984e-05,0.0014119501830081825,0.49615738827022765,0.5038426117297723,0.2,False
2021-12-10,100055.87376648637,0,0,0.0,0.0,6.863525346878178e-05,0.0014127320825986548,0.49654950683582216,0.5034504931641779,0.2,False
2021-12-13,100055.87376648637,0,0,0.0,0.0,0.0001356844296911364,0.001430162117463192,0.5004757138748933,0.4995242861251067,0.2,False
2021-12-14,100055.87376648637,0,0,0.0,0.0,0.00014895504766639718,0.0014325064835891826,0.5014645327261308,0.4985354672738692,0.2,False
2021-12-15,100055.87376648637,0,0,0.0,0.0,0.00017029414945472193,0.0014280704731674616,0.5004579870542083,0.4995420129457917,0.2,False
2021-12-16,100055.87376648637,0,0,0.0,0.0,7.742014333825704e-05,0.0014273234362487933,0.4998981598627831,0.5001018401372169,0.2,False
2021-12-17,100055.87376648637,0,0,0.0,0.0,7.615402470287109e-05,0.001430387215205579,0.4994528965654483,0.5005471034345517,0.2,False
2021-12-20,100055.87376648637,0,0,0.0,0.0,0.0002354740535414375,0.0014397993280044939,0.5040657544847109,0.4959342455152891,0.2,False
2021-12-21,100055.87376648637,0,0,0.0,0.0,0.00017050681149672725,0.0014429708976345104,0.5109260989712922,0.48907390102870785,0.2,False
2021-12-22,100055.87376648637,0,0,0.0,0.0,0.00018302201227136263,0.0014376671471995153,0.5108535515680545,0.48914644843194555,0.2,False
2021-12-23,100055.87376648637,0,0,0.0,0.0,0.00014840207243874945,0.0014364282801525609,0.51198235200383,0.48801764799617,0.2,False
2021-12-27,100055.87376648637,0,0,0.0,0.0,0.000119167772347736,0.0014353507654737317,0.5131248415265968,0.48687515847340324,0.2,False
2021-12-28,100055.87376648637,0,0,0.0,0.0,0.00011215190281810336,0.001437583078426215,0.5131939857871295,0.4868060142128705,0.2,False
2021-12-29,100055.87376648637,0,0,0.0,0.0,0.0001905063514985949,0.0014364853331277254,0.5131142309548227,0.48688576904517733,0.2,False
2021-12-30,100055.87376648637,0,0,0.0,0.0,0.00016104980140564798,0.001437710904049211,0.5132935587132803,0.4867064412867197,0.2,False
2021-12-31,100055.87376648637,0,0,0.0,0.0,4.2930044628157626e-05,0.001437535201650589,0.5122576277291329,0.48774237227086714,0.2,False
2022-01-03,100055.87376648637,0,0,0.0,0.0,4.5708248830633355e-05,0.0014360046336974253,0.5122458266343719,0.4877541733656281,0.2,False
2022-01-04,100055.87376648637,0,0,0.0,0.0,0.0005286633344366006,0.0014295612219334813,0.5089610099576372,0.49103899004236284,0.2,False
2022-01-05,100055.87376648637,0,0,0.0,0.0,0.0005204301114754761,0.0014316607583804157,0.507583709393612,0.49241629060638803,0.2,False
2022-01-06,100055.87376648637,0,0,0.0,0.0,5.324448030158753e-05,0.001422241432596037,0.49926233458441416,0.5007376654155858,0.2,False
2022-01-07,100055.87376648637,0,0,0.0,0.0,4.9214949693999004e-06,0.0014201186432863406,0.4984727210956132,0.5015272789043868,0.2,False
2022-01-10,100055.87376648637,0,0,0.0,0.0,-5.575075822487494e-05,0.0014259898825281507,0.49699028243638466,0.5030097175636153,0.2,False
2022-01-11,100055.87376648637,0,0,0.0,0.0,-0.00015360246941591014,0.0014162104363524624,0.501232948119391,0.498767051880609,0.2,False
2022-01-12,100055.87376648637,0,0,0.0,0.0,-0.00021497100535387655,0.001410590496730063,0.5038520202247047,0.49614797977529534,0.2,False
2022-01-13,100055.87376648637,0,0,0.0,0.0,-0.00010549751379670956,0.0014080938365491303,0.5067025324792646,0.49329746752073544,0.2,False
2022-01-14,100055.87376648637,0,0,0.0,0.0,-0.00034633247116324945,0.001415003914450799,0.5031770922379198,0.49682290776208016,0.2,False
2022-01-18,100055.87376648637,0,0,0.0,0.0,-0.0005869838382349267,0.0014293528003975807,0.4941190185237437,0.5058809814762564,0.2,False
2022-01-19,100055.87376648637,0,0,0.0,0.0,-0.0004277562392305488,0.0014317900540758962,0.49170141640921183,0.5082985835907882,0.2,False
2022-01-20,100055.87376648637,0,0,0.0,0.0,-0.0003734062328087068,0.001432315797999293,0.4926989015626631,0.507301098437337,0.2,False
2022-01-21,100055.87376648637,0,0,0.0,0.0,-0.0003632734168082528,0.0014416201258396527,0.49281043777524114,0.5071895622247589,0.2,False
2022-01-24,100055.87376648637,0,0,0.0,0.0,-0.00037100111766716614,0.0014441496017580143,0.4926281133287551,0.5073718866712449,0.2,False
2022-01-25,100055.87376648637,0,0,0.0,0.0,-0.000485223967195958,0.001443447291544574,0.4935472237889537,0.5064527762110462,0.2,False
2022-01-26,100055.87376648637,0,0,0.0,0.0,-0.0004963111077639281,0.0014464681438884014,0.4933416082758866,0.5066583917241134,0.2,False
2022-01-27,100055.87376648637,0,0,0.0,0.0,-0.000688848767558787,0.0014631775720189064,0.4837417300284855,0.5162582699715146,0.2,False
2022-01-28,100055.87376648637,0,0,0.0,0.0,-0.0007057916906563425,0.0014630249700904386,0.48247415174104724,0.5175258482589528,0.2,False
2022-01-31,100055.87376648637,0,0,0.0,0.0,-0.0008609816985061403,0.001445255324544363,0.49306627110448237,0.5069337288955176,0.2,False
2022-02-01,100055.87376648637,0,0,0.0,0.0,-0.0012400132320130387,0.001439679085681028,0.49368074245990146,0.5063192575400985,0.2,False
2022-02-02,100055.87376648637,0,0,0.0,0.0,-0.0011253543169708591,0.0014393313803634387,0.4926744269078076,0.5073255730921924,0.2,False
2022-02-03,100055.87376648637,0,0,0.0,0.0,-0.0009023843682338063,0.0014367108097243099,0.4984019232534311,0.5015980767465689,0.2,False
2022-02-04,100055.87376648637,0,0,0.0,0.0,-0.0008987158398385188,0.0014340723600914098,0.4995631011333527,0.5004368988666472,0.2,False
2022-02-07,100055.87376648637,0,0,0.0,0.0,-0.0007837050112079467,0.001433987600468538,0.4977647539459176,0.5022352460540824,0.2,False
2022-02-08,100055.87376648637,0,0,0.0,0.0,-0.0004790624535484797,0.0014415487310545556,0.48746388628480875,0.5125361137151913,0.2,False
2022-02-09,100055.87376648637,0,0,0.0,0.0,-0.00041933892751768077,0.0014418555988327548,0.4831977925952312,0.5168022074047688,0.2,False
2022-02-10,100055.87376648637,0,0,0.0,0.0,-0.00038260630924783173,0.0014442194274731273,0.48318150626865547,0.5168184937313445,0.2,False
2022-02-11,100055.87376648637,0,0,0.0,0.0,-0.0005196130733920134,0.0014495927045506624,0.4809405704826981,0.5190594295173019,0.2,False
2022-02-14,100055.87376648637,0,0,0.0,0.0,-0.0002693860280119447,0.0014476134147496048,0.48264322034332113,0.5173567796566789,0.2,False
2022-02-15,100055.87376648637,0,0,0.0,0.0,-0.00010848643668603872,0.0014488836035334376,0.47787025271900363,0.5221297472809964,0.2,False
2022-02-16,100055.87376648637,0,0,0.0,0.0,0.00019795541505179866,0.0013845539929398568,0.4742246403811856,0.5257753596188144,0.2,False
2022-02-17,100055.87376648637,0,0,0.0,0.0,0.00032742047433661635,0.0013927937868966724,0.47748238285881617,0.5225176171411838,0.2,False
2022-02-18,100055.87376648637,0,0,0.0,0.0,0.00042618612504170974,0.0014004180161703381,0.48095577331617295,0.5190442266838271,0.2,False
2022-02-22,100055.87376648637,0,0,0.0,0.0,0.0006633587719255541,0.0014010352225426676,0.48149784201596907,0.518502157984031,0.2,False
2022-02-23,100055.87376648637,0,0,0.0,0.0,0.0006735215488534184,0.001403606776276289,0.4818194845613062,0.5181805154386938,0.2,False
2022-02-24,100055.87376648637,0,0,0.0,0.0,0.0006163191428687334,0.0014040076203660709,0.48088483084202993,0.5191151691579701,0.2,False
2022-02-25,100055.87376648637,0,0,0.0,0.0,0.00040545122160864114,0.0014198555460200556,0.4964959246272179,0.5035040753727821,0.2,False
2022-02-28,100055.87376648637,0,0,0.0,0.0,0.00023392544467107512,0.0014241614437428606,0.49844628715817424,0.5015537128418257,0.2,False
2022-03-01,100055.87376648637,0,0,0.0,0.0,0.0005582003967092569,0.0014329730127072054,0.5019104577728577,0.4980895422271423,0.2,False
2022-03-02,100055.87376648637,0,0,0.0,0.0,0.0008385422968688027,0.0014069382014882375,0.4909287467346949,0.5090712532653051,0.2,False
2022-03-03,100055.87376648637,0,0,0.0,0.0,0.0006561849624504905,0.0014030573514017886,0.4867432729287382,0.5132567270712618,0.2,False
2022-03-04,100055.87376648637,0,0,0.0,0.0,0.0010919140402877393,0.001391497060130936,0.4806093609532814,0.5193906390467187,0.2,False
2022-03-07,100055.87376648637,0,0,0.0,0.0,0.0008633753761010871,0.0013878925115278612,0.4747844418997894,0.5252155581002106,0.2,False
2022-03-08,100055.87376648637,0,0,0.0,0.0,0.0006821885768474764,0.0013876902317359078,0.47078602751170895,0.529213972488291,0.2,False
2022-03-09,100055.87376648637,0,0,0.0,0.0,0.0007109305669007348,0.0013803058387888269,0.47138607892611417,0.5286139210738858,0.2,False
2022-03-10,100055.87376648637,0,0,0.0,0.0,0.0007780255664478547,0.0013772060051415594,0.4712156614946472,0.5287843385053528,0.2,False
2022-03-11,100055.87376648637,0,0,0.0,0.0,0.0006122821402415347,0.0013781627063686795,0.46948143531564007,0.53051856468436,0.2,False
2022-03-14,100055.87376648637,0,0,0.0,0.0,0.0007331809536752233,0.001386573275557767,0.47225318100332025,0.5277468189966797,0.2,False
2022-03-15,100055.87376648637,0,0,0.0,0.0,0.0008856603485928548,0.0013833730432326842,0.47161863327273673,0.5283813667272632,0.2,False
2022-03-16,100055.87376648637,0,0,0.0,0.0,0.0012992162275980701,0.0013590898047382103,0.4610957321581243,0.5389042678418756,0.2,False
2022-03-17,100055.87376648637,0,0,0.0,0.0,0.0009516187731795412,0.0013615549657761679,0.46609670539405645,0.5339032946059435,0.2,False
2022-03-18,100055.87376648637,0,0,0.0,0.0,0.0012227260412473924,0.0013569645935947484,0.46514650467813573,0.5348534953218642,0.2,False
2022-03-21,100055.87376648637,0,0,0.0,0.0,0.0008538425465490111,0.0013580576905103138,0.4667572891082135,0.5332427108917865,0.2,False
2022-03-22,100055.87376648637,0,0,0.0,0.0,0.0010663880972932988,0.0013543571675771152,0.46562736003649463,0.5343726399635054,0.2,False
2022-03-23,100055.87376648637,0,0,0.0,0.0,0.001322358590076557,0.0013580672573458659,0.467552339826251,0.532447660173749,0.2,False
2022-03-24,100055.87376648637,0,0,0.0,0.0,0.0016162395704758029,0.0018479859710926454,0.465352145569014,0.5346478544309861,0.05,False
2022-03-25,100055.87376648637,0,0,0.0,0.0,0.0014165017193952815,0.0018517790924031286,0.4665283438982433,0.5334716561017567,0.05,False
2022-03-28,100055.87376648637,0,0,0.0,0.0,0.001387183305629866,0.0018445885108542505,0.4669909712752826,0.5330090287247173,0.05,False
2022-03-29,100055.87376648637,0,0,0.0,0.0,0.001533479151066716,0.001852012329165267,0.46570414374839714,0.5342958562516029,0.05,False
2022-03-30,100055.87376648637,0,0,0.0,0.0,0.0014501830497000469,0.0018506719178824655,0.46534427218588625,0.5346557278141137,0.05,False
2022-03-31,100055.87376648637,0,0,0.0,0.0,0.0014228876670086363,0.0018474827774786283,0.46637875873686885,0.5336212412631312,0.05,False
2022-04-01,100055.87376648637,0,0,0.0,0.0,0.001423748107825518,0.0018473731549375856,0.46528974680202073,0.5347102531979793,0.05,False
2022-04-04,100055.87376648637,0,0,0.0,0.0,0.0013029574728800172,0.0013491938528289035,0.4667693161774313,0.5332306838225687,0.2,False
2022-04-05,100055.87376648637,0,0,0.0,0.0,0.0012951590930201744,0.0013521041136499094,0.46789159220109483,0.5321084077989051,0.2,False
2022-04-06,100055.87376648637,0,0,0.0,0.0,0.0013283046211712854,0.0013588561595432682,0.47037246478138434,0.5296275352186157,0.2,False
2022-04-07,100055.87376648637,0,0,0.0,0.0,0.0013091233136859075,0.0013596691626963288,0.47103099838543994,0.5289690016145601,0.2,False
2022-04-08,100055.87376648637,0,0,0.0,0.0,0.0012139166981140013,0.0013598554260219188,0.4711837182974366,0.5288162817025635,0.2,False
2022-04-11,100055.87376648637,0,0,0.0,0.0,0.0011139375237373547,0.0013608813934932657,0.46981448635897377,0.5301855136410263,0.2,False
2022-04-12,100055.87376648637,0,0,0.0,0.0,0.0012392035565702137,0.0013603425979399444,0.470049307467639,0.5299506925323609,0.2,False
2022-04-13,100055.87376648637,0,0,0.0,0.0,0.0010979207690232041,0.0013639452979193785,0.47296340529286374,0.5270365947071363,0.2,False
2022-04-14,100055.87376648637,0,0,0.0,0.0,0.0010431965786560165,0.0013644505054156942,0.4731640012209606,0.5268359987790394,0.2,False
2022-04-18,100055.87376648637,0,0,0.0,0.0,0.0009384280837652568,0.0013645348680940887,0.4726039158296494,0.5273960841703507,0.2,False
2022-04-19,100055.87376648637,0,0,0.0,0.0,0.0010051843186142703,0.0013582694704139951,0.47089650204701866,0.5291034979529814,0.2,False
2022-04-20,100055.87376648637,0,0,0.0,0.0,0.0009415112104131285,0.0013585399405181323,0.4718583867632636,0.5281416132367365,0.2,False
2022-04-21,100055.87376648637,0,0,0.0,0.0,0.0009576893767028182,0.0013715516391626648,0.47746050205882995,0.52253949794117,0.2,False
2022-04-22,100055.87376648637,0,0,0.0,0.0,0.0008179981323772882,0.0013784197175299815,0.47379467332281394,0.526205326677186,0.2,False
2022-04-25,100055.87376648637,0,0,0.0,0.0,0.0006559475299375082,0.0013762970818113592,0.46921247831968577,0.5307875216803142,0.2,False
2022-04-26,100055.87376648637,0,0,0.0,0.0,0.0006975812747627417,0.0013873440169414625,0.4725720140814073,0.5274279859185926,0.2,False
2022-04-27,100055.87376648637,0,0,0.0,0.0,0.0007963570081990584,0.001384014044322224,0.4716712002298769,0.5283287997701231,0.2,False
2022-04-28,100055.87376648637,0,0,0.0,0.0,0.0006732077518862929,0.001388836121341201,0.47872286697305794,0.5212771330269421,0.2,False
2022-04-29,100055.87376648637,0,0,0.0,0.0,0.0007528820648113395,0.0014035487604598276,0.48488548900992506,0.515114510990075,0.2,False
2022-05-02,100055.87376648637,0,0,0.0,0.0,0.00018817057043184408,0.0014061352611273305,0.4860738724056354,0.5139261275943646,0.2,False
2022-05-03,100055.87376648637,0,0,0.0,0.0,0.00017600715776730575,0.001406031430513395,0.4881792577337625,0.5118207422662375,0.2,False
2022-05-04,100055.87376648637,0,0,0.0,0.0,0.00017870619771613006,0.0013986850017884088,0.4889646889250791,0.5110353110749208,0.2,False
2022-05-05,100055.87376648637,0,0,0.0,0.0,0.00015352158443071004,0.0014064641159238762,0.4856091680028009,0.514390831997199,0.2,False
2022-05-06,100055.87376648637,0,0,0.0,0.0,0.00011701354433936903,0.0014049569924146127,0.48265607747049755,0.5173439225295025,0.2,False
2022-05-09,100055.87376648637,0,0,0.0,0.0,0.00013735783819422644,0.0014284788958687912,0.489503519003731,0.510496480996269,0.2,False
2022-05-10,100055.87376648637,0,0,0.0,0.0,0.000163549492779654,0.001431536328709536,0.4909044950121827,0.5090955049878173,0.2,False
2022-05-11,100055.87376648637,0,0,0.0,0.0,0.00014486705584747467,0.0014323688236120057,0.4913771796132987,0.5086228203867014,0.2,False
2022-05-12,100055.87376648637,0,0,0.0,0.0,0.00010146824686554452,0.00143323972320715,0.48818897918887033,0.5118110208111297,0.2,False
2022-05-13,100055.87376648637,0,0,0.0,0.0,0.00012778804043535376,0.0014129024776243864,0.4829385100824977,0.5170614899175023,0.2,False
2022-05-16,100055.87376648637,0,0,0.0,0.0,0.00010251118768281626,0.0014116480506311065,0.4833032861055924,0.5166967138944076,0.2,False
2022-05-17,100055.87376648637,0,0,0.0,0.0,0.00010197955134767069,0.0014070944952082566,0.4838574827432477,0.5161425172567523,0.2,False
2022-05-18,100055.87376648637,0,0,0.0,0.0,0.00010121277837946152,0.0014181180040506256,0.48506752422089194,0.5149324757791081,0.2,False
2022-05-19,100055.87376648637,0,0,0.0,0.0,0.00010657283237112553,0.0014138431949119966,0.48503782485248065,0.5149621751475193,0.2,False
2022-05-20,100055.87376648637,0,0,0.0,0.0,0.00015379553354263133,0.001409733591057528,0.4838606641522069,0.516139335847793,0.2,False
2022-05-23,100055.87376648637,0,0,0.0,0.0,0.00013262471015784748,0.0014081302107542529,0.4861263883620382,0.5138736116379619,0.2,False
2022-05-24,100055.87376648637,0,0,0.0,0.0,0.00016687398464439044,0.0014122292660028138,0.4877143925838056,0.5122856074161943,0.2,False
2022-05-25,100055.87376648637,0,0,0.0,0.0,0.0001562981164959138,0.0014119726962139104,0.488355514682135,0.511644485317865,0.2,False
2022-05-26,100055.87376648637,0,0,0.0,0.0,0.0001145700954560138,0.001413147718532594,0.49021896687155425,0.5097810331284458,0.2,False
2022-05-27,100055.87376648637,0,0,0.0,0.0,0.00013555254934519522,0.0014035340053115642,0.4883889729580575,0.5116110270419425,0.2,False
2022-05-31,100055.87376648637,0,0,0.0,0.0,6.134185271671134e-05,0.0014030559841105817,0.48670516539475867,0.5132948346052413,0.2,False
2022-06-01,100055.87376648637,0,0,0.0,0.0,0.00023780139135015733,0.0014023897135088744,0.486307865435387,0.513692134564613,0.2,False
2022-06-02,100055.87376648637,0,0,0.0,0.0,0.0002518421961397154,0.001394218284310369,0.4861815534895684,0.5138184465104316,0.2,False
2022-06-03,100055.87376648637,0,0,0.0,0.0,0.0002498767163445916,0.0013992827908272266,0.48661265227010686,0.5133873477298931,0.2,False
2022-06-06,100055.87376648637,0,0,0.0,0.0,0.00017906488309617972,0.0013994625011882877,0.4867938134945064,0.5132061865054935,0.2,False
2022-06-07,100055.87376648637,0,0,0.0,0.0,4.1392068297666804e-05,0.0014008419590292353,0.48763721800139465,0.5123627819986054,0.2,False
2022-06-08,100055.87376648637,0,0,0.0,0.0,-5.57340281358542e-05,0.0014410445548729614,0.48505881085566105,0.514941189144339,0.2,False
2022-06-09,100055.87376648637,0,0,0.0,0.0,-0.00013254087504949895,0.0014614101691613204,0.4813826228017278,0.5186173771982723,0.2,False
2022-06-10,100055.87376648637,0,0,0.0,0.0,-0.00019475181091337985,0.0014730898088743762,0.47864685277304403,0.5213531472269559,0.2,False
2022-06-13,100055.87376648637,0,0,0.0,0.0,-0.00028692311866355193,0.0014933664934714801,0.47396073004362727,0.5260392699563727,0.2,False
2022-06-14,100055.87376648637,0,0,0.0,0.0,-0.0002283284556765021,0.0014970020989825852,0.4740744922247012,0.5259255077752988,0.2,False
2022-06-15,100055.87376648637,0,0,0.0,0.0,-0.00010184040947881731,0.0014964684707328478,0.46982281520947977,0.5301771847905202,0.2,False
2022-06-16,100055.87376648637,0,0,0.0,0.0,4.355114218908028e-05,0.0014399878536327014,0.47815424119217387,0.5218457588078261,0.2,False
2022-06-17,100055.87376648637,0,0,0.0,0.0,-2.243504559347964e-05,0.0015021206367364511,0.478579652069992,0.521420347930008,0.2,False
2022-06-21,100055.87376648637,0,0,0.0,0.0,-6.534597019332163e-05,0.0014883331329546493,0.4822043329641442,0.5177956670358558,0.2,False
2022-06-22,100055.87376648637,0,0,0.0,0.0,-1.611843609057665e-05,0.0014914860163493474,0.4841254760780516,0.5158745239219484,0.2,False
2022-06-23,100055.87376648637,0,0,0.0,0.0,0.00018467600586304298,0.0014575458932626674,0.48755202839906203,0.512447971600938,0.2,False
2022-06-24,100055.87376648637,0,0,0.0,0.0,0.0001910482301601942,0.0014497476463337633,0.4887431377767049,0.5112568622232951,0.2,False
2022-06-27,100055.87376648637,0,0,0.0,0.0,2.65351832489955e-05,0.0014518338429864626,0.49122986676472047,0.5087701332352795,0.2,False
2022-06-28,100055.87376648637,0,0,0.0,0.0,2.1836380799691068e-05,0.0014539558391757806,0.49172835720142066,0.5082716427985794,0.2,False
2022-06-29,100055.87376648637,0,0,0.0,0.0,9.19425509842415e-05,0.0014572508019536864,0.492370395109849,0.507629604890151,0.2,False
2022-06-30,100055.87376648637,0,0,0.0,0.0,7.051594130073972e-05,0.0014607504395456002,0.4921849486311239,0.5078150513688762,0.2,False
2022-07-01,100055.87376648637,0,0,0.0,0.0,-0.00016236665125325914,0.0014783075403007417,0.49402106009793867,0.5059789399020613,0.2,False
2022-07-05,100055.87376648637,0,0,0.0,0.0,3.029296024173739e-05,0.001478305292159636,0.49947389176269247,0.5005261082373076,0.2,False
2022-07-06,100055.87376648637,0,0,0.0,0.0,0.0002198479067570194,0.0014765240146999527,0.4994068970238507,0.5005931029761492,0.2,False
2022-07-07,100055.87376648637,0,0,0.0,0.0,0.00019258133764198446,0.0014693790425926413,0.5003097891207864,0.4996902108792136,0.2,False
2022-07-08,100055.87376648637,0,0,0.0,0.0,0.00012635628549204103,0.0014705418873305254,0.500455496768519,0.49954450323148103,0.2,False
2022-07-11,100055.87376648637,0,0,0.0,0.0,-7.095417960467269e-05,0.001483977646669844,0.4949197020299051,0.5050802979700949,0.2,False
2022-07-12,100055.87376648637,0,0,0.0,0.0,0.0001185078891938394,0.0014687591843059588,0.49360954659725326,0.5063904534027468,0.2,False
2022-07-13,100055.87376648637,0,0,0.0,0.0,0.00012946625643514364,0.0014680069035774275,0.4932499669515903,0.5067500330484097,0.2,False
2022-07-14,100055.87376648637,0,0,0.0,0.0,0.00042440228739180463,0.0014875089137581456,0.5016886008791821,0.4983113991208179,0.2,False
2022-07-15,100055.87376648637,0,0,0.0,0.0,0.0005616749885591491,0.0014784172295421027,0.499358543964959,0.500641456035041,0.2,False
2022-07-18,100055.87376648637,0,0,0.0,0.0,0.0002989285955488756,0.001481947093839634,0.5031018814800495,0.49689811851995047,0.2,False
2022-07-19,100055.87376648637,0,0,0.0,0.0,0.00024984630655472824,0.0014757013948124259,0.5055527534335253,0.49444724656647465,0.2,False
2022-07-20,100055.87376648637,0,0,0.0,0.0,0.00016932769667403507,0.0014769814057935754,0.5063652987170021,0.4936347012829979,0.2,False
2022-07-21,100055.87376648637,0,0,0.0,0.0,0.0002847287948172135,0.0014724199579158796,0.5052863601207305,0.49471363987926953,0.2,False
2022-07-22,100055.87376648637,0,0,0.0,0.0,0.00039491665154443547,0.0014741891294064577,0.5054977051603045,0.49450229483969554,0.2,False
2022-07-25,100055.87376648637,0,0,0.0,0.0,0.0003682280914489039,0.0014692005660873744,0.5060691381653126,0.4939308618346874,0.2,False
2022-07-26,100055.87376648637,0,0,0.0,0.0,0.00035091449126437675,0.001474778238476942,0.5057902750840485,0.4942097249159515,0.2,False
2022-07-27,100055.87376648637,0,0,0.0,0.0,0.0004485675670216509,0.0014590890100168285,0.5023177525856887,0.49768224741431133,0.2,False
2022-07-28,100055.87376648637,0,0,0.0,0.0,0.00035293435598396676,0.0014573736937916616,0.5024856874181588,0.4975143125818412,0.2,False
2022-07-29,100055.87376648637,0,0,0.0,0.0,0.0003501257582703832,0.0014537652676213165,0.5026149385858479,0.49738506141415206,0.2,False
2022-08-01,100055.87376648637,0,0,0.0,0.0,0.0005087251729498979,0.0014569932300951716,0.5040516324172313,0.4959483675827687,0.2,False
2022-08-02,100055.87376648637,0,0,0.0,0.0,0.0003483028732632278,0.0014574880179874415,0.502233664300667,0.49776633569933304,0.2,False
2022-08-03,100055.87376648637,0,0,0.0,0.0,0.00031728628192914714,0.001456051643590654,0.502097322837253,0.49790267716274705,0.2,False
2022-08-04,100055.87376648637,0,0,0.0,0.0,0.0003193172690896133,0.001455131428852851,0.5020695423723265,0.4979304576276735,0.2,False
2022-08-05,100055.87376648637,0,0,0.0,0.0,0.0002623409046063033,0.0014579248740086168,0.501600427638941,0.49839957236105903,0.2,False
2022-08-08,100055.87376648637,0,0,0.0,0.0,0.0002775549657263633,0.0014541699106333352,0.5013747733926772,0.4986252266073228,0.2,False
2022-08-09,100055.87376648637,0,0,0.0,0.0,0.0002367655284562706,0.0014564122837835598,0.5009610627544661,0.49903893724553394,0.2,False
2022-08-10,100055.87376648637,0,0,0.0,0.0,0.00029665728722032237,0.0014447393270478996,0.49934418029748234,0.5006558197025177,0.2,False
2022-08-11,100055.87376648637,0,0,0.0,0.0,0.0001496089223231627,0.0014425022024895128,0.4993633545454762,0.5006366454545238,0.2,False
2022-08-12,100055.87376648637,0,0,0.0,0.0,0.00012313583259767211,0.001439527772403339,0.49958632897201805,0.500413671027982,0.2,False
2022-08-15,100055.87376648637,0,0,0.0,0.0,8.621823789672629e-05,0.0014435230498045341,0.49924548277132313,0.5007545172286769,0.2,False
2022-08-16,100055.87376648637,0,0,0.0,0.0,-0.00010376827084687981,0.0014409846484946646,0.5006720826888352,0.49932791731116477,0.2,False
2022-08-17,100055.87376648637,0,0,0.0,0.0,-0.00016869936563465828,0.0014456227678159759,0.5001313258661745,0.4998686741338255,0.2,False
2022-08-18,100055.87376648637,0,0,0.0,0.0,-0.00012346256245431323,0.0014451413485932593,0.49985970149652637,0.5001402985034736,0.2,False
2022-08-19,100055.87376648637,0,0,0.0,0.0,-0.00016086257341900922,0.0014493470681617028,0.49938222979313823,0.5006177702068617,0.2,False
2022-08-22,100055.87376648637,0,0,0.0,0.0,-0.00016338976674960094,0.0014534979626017052,0.4994230502446907,0.5005769497553093,0.2,False
2022-08-23,100055.87376648637,0,0,0.0,0.0,-0.00034728429598417305,0.0014514820679610609,0.5004106222543585,0.4995893777456415,0.2,False
2022-08-24,100055.87376648637,0,0,0.0,0.0,-0.00024027876524541515,0.0014506388464289833,0.500512777256638,0.499487222743362,0.2,False
2022-08-25,100055.87376648637,0,0,0.0,0.0,-6.75897650122985e-05,0.001448097890527591,0.49753704805494936,0.5024629519450506,0.2,False
2022-08-26,100055.87376648637,0,0,0.0,0.0,9.301242524777162e-05,0.0014550192987942323,0.5009723194573557,0.49902768054264435,0.2,False
2022-08-29,100055.87376648637,0,0,0.0,0.0,-4.591226105870442e-05,0.0014527018334792225,0.5014431907642304,0.4985568092357696,0.2,False
2022-08-30,100055.87376648637,0,0,0.0,0.0,0.00027518528861479174,0.0014731742229871195,0.5080376926500749,0.4919623073499251,0.2,False
2022-08-31,100055.87376648637,0,0,0.0,0.0,0.0004654934404572465,0.0014803884162428909,0.5111156657726944,0.4888843342273056,0.2,False
2022-09-01,100055.87376648637,0,0,0.0,0.0,0.000507525113031999,0.0014857446440186249,0.5118964170071453,0.4881035829928547,0.2,False
2022-09-02,100055.87376648637,0,0,0.0,0.0,0.00026522796020031107,0.0014859774745718942,0.5138225627960448,0.48617743720395523,0.2,False
2022-09-06,100055.87376648637,0,0,0.0,0.0,0.00016537958479707706,0.0014900691216575325,0.5127419163127312,0.48725808368726875,0.2,False
2022-09-07,100055.87376648637,0,0,0.0,0.0,-0.00024183757247346827,0.0014507271412350724,0.5156500108236878,0.4843499891763122,0.2,False
2022-09-08,100055.87376648637,0,0,0.0,0.0,-0.000296697448892531,0.001446203699332511,0.5165588697649429,0.4834411302350571,0.2,False
2022-09-09,100055.87376648637,0,0,0.0,0.0,-7.208792315852491e-05,0.00144566367732151,0.508024850641582,0.491975149358418,0.2,False
2022-09-12,100055.87376648637,0,0,0.0,0.0,-0.00018772129020144842,0.0014413116464849557,0.5075428895666406,0.4924571104333594,0.2,False
2022-09-13,100055.87376648637,0,0,0.0,0.0,-0.0005911065807565221,0.0014712248239255215,0.49470655594186275,0.5052934440581373,0.2,False
2022-09-14,100055.87376648637,0,0,0.0,0.0,-0.0008238997424679846,0.0014725577808924297,0.4925984089583495,0.5074015910416505,0.2,False
2022-09-15,100055.87376648637,0,0,0.0,0.0,-0.0006128831481771749,0.0014745685329070764,0.4940181030545963,0.5059818969454037,0.2,False
2022-09-16,100055.87376648637,0,0,0.0,0.0,-0.00044851418810351015,0.0014767934137114639,0.49566305578729764,0.5043369442127024,0.2,False
2022-09-19,100055.87376648637,0,0,0.0,0.0,-0.0005330110294599886,0.0014716043441496615,0.4969570230650925,0.5030429769349075,0.2,False
2022-09-20,100055.87376648637,0,0,0.0,0.0,-0.0002662191449529349,0.001472232397753219,0.500627302053359,0.49937269794664096,0.2,False
2022-09-21,100055.87376648637,0,0,0.0,0.0,-0.0003615481950755698,0.001480931956000986,0.49974935468110276,0.5002506453188973,0.2,False
2022-09-22,100055.87376648637,0,0,0.0,0.0,-4.599422730192884e-05,0.0014820174247232043,0.501016591842722,0.49898340815727804,0.2,False
2022-09-23,100055.87376648637,0,0,0.0,0.0,-0.00018357972213290185,0.0015010869167131093,0.4972545095783666,0.5027454904216334,0.2,False
2022-09-26,100055.87376648637,0,0,0.0,0.0,0.0001359129409236943,0.0015012561953852716,0.49926743784833816,0.5007325621516618,0.2,False
2022-09-27,100055.87376648637,0,0,0.0,0.0,-0.00011549958512148536,0.0015059321757381011,0.4994353208389836,0.5005646791610163,0.2,False
2022-09-28,100055.87376648637,0,0,0.0,0.0,-3.588754236305376e-05,0.0014958736360066538,0.4977042300819602,0.5022957699180398,0.2,False
2022-09-29,100055.87376648637,0,0,0.0,0.0,0.00013385865929629824,0.0014966235079940959,0.49861297124641885,0.5013870287535811,0.2,False
2022-09-30,100055.87376648637,0,0,0.0,0.0,-0.00014347442892259998,0.0015091832718812175,0.4960673830600173,0.5039326169399827,0.2,False
2022-10-03,100055.87376648637,0,0,0.0,0.0,-0.00045501262215080047,0.001487903988546617,0.503606663573866,0.49639333642613404,0.2,False
2022-10-04,100055.87376648637,0,0,0.0,0.0,-0.0005382330938842192,0.0014722862911822608,0.5059988653833769,0.4940011346166231,0.2,False
2022-10-05,100055.87376648637,0,0,0.0,0.0,-7.073049167025607e-05,0.0014722634521419043,0.5085728379581069,0.4914271620418931,0.2,False
2022-10-06,100055.87376648637,0,0,0.0,0.0,0.00023106913333809703,0.0015068865696522848,0.5118031247736975,0.4881968752263025,0.2,False
2022-10-07,100055.87376648637,0,0,0.0,0.0,0.000360640332308912,0.0015158421701734217,0.5132378199519055,0.48676218004809446,0.2,False
2022-10-10,100055.87376648637,0,0,0.0,0.0,0.00028378658670423436,0.001520542489923413,0.5129911708591333,0.48700882914086674,0.2,False
2022-10-11,100055.87376648637,0,0,0.0,0.0,0.0002665207596979726,0.0015253846472818794,0.5125999936114729,0.4874000063885271,0.2,False
2022-10-12,100055.87376648637,0,0,0.0,0.0,0.0003778815547095456,0.001525800090175494,0.5124382656818491,0.48756173431815086,0.2,False
2022-10-13,100055.87376648637,0,0,0.0,0.0,0.00023427823150095025,0.0015182590852622327,0.5143819813907027,0.4856180186092973,0.2,False
2022-10-14,100055.87376648637,0,0,0.0,0.0,0.00016373180876681938,0.0015272303478692322,0.513224210000415,0.48677578999958504,0.2,False
2022-10-17,100055.87376648637,0,0,0.0,0.0,-9.117605568590223e-05,0.0014791061831947046,0.5159408477874328,0.48405915221256723,0.2,False
2022-10-18,100055.87376648637,0,0,0.0,0.0,-0.00023722021374442186,0.0014758903052310614,0.5170517211533779,0.48294827884662206,0.2,False
2022-10-19,100055.87376648637,0,0,0.0,0.0,-0.00018472838579393575,0.0014780754675336335,0.5173780060663836,0.4826219939336164,0.2,False
2022-10-20,100055.87376648637,0,0,0.0,0.0,-2.032657253441362e-05,0.0014788788743009642,0.5175683821961975,0.4824316178038025,0.2,False
2022-10-21,100055.87376648637,0,0,0.0,0.0,-6.146322380752074e-05,0.0014694212079602446,0.5172115769993212,0.4827884230006788,0.2,False
2022-10-24,100055.87376648637,0,0,0.0,0.0,-0.00028178939870488975,0.0014726319721689752,0.5166152699692758,0.48338473003072424,0.2,False
2022-10-25,100055.87376648637,0,0,0.0,0.0,-0.0001637874076660444,0.0014667936895054916,0.5147026073539858,0.48529739264601424,0.2,False
2022-10-26,100055.87376648637,0,0,0.0,0.0,-0.00023175291604245633,0.001462249770296814,0.5145713226167384,0.48542867738326156,0.2,False
2022-10-27,100055.87376648637,0,0,0.0,0.0,-0.0006209925241485464,0.0014635248823302643,0.5144236380737764,0.48557636192622355,0.2,False
2022-10-28,100055.87376648637,0,0,0.0,0.0,-0.0007100211129295284,0.0014623289683964582,0.5145049878361199,0.48549501216388014,0.2,False
2022-10-31,100055.87376648637,0,0,0.0,0.0,-0.0007147178096533022,0.0014641432721952217,0.5145002564205043,0.48549974357949566,0.2,False
2022-11-01,100055.87376648637,0,0,0.0,0.0,-0.0003411808492076047,0.0014625182994518363,0.5120877247425601,0.48791227525743985,0.2,False
2022-11-02,100055.87376648637,0,0,0.0,0.0,-0.0003098174985735577,0.0014702132771582223,0.511448201688112,0.488551798311888,0.2,False
2022-11-03,100055.87376648637,0,0,0.0,0.0,-0.0007157216113936498,0.001477401097246914,0.509061470806627,0.490938529193373,0.2,False
2022-11-04,100055.87376648637,0,0,0.0,0.0,0.00015911922568190263,0.0014585054211938412,0.4913247798019516,0.5086752201980485,0.2,False
2022-11-07,100055.87376648637,0,0,0.0,0.0,-0.00013847987530725672,0.00148606519888134,0.4877976850020413,0.5122023149979587,0.2,False
2022-11-08,100055.87376648637,0,0,0.0,0.0,-0.00015012848488716966,0.0014826906384381713,0.48724836504277275,0.5127516349572272,0.2,False
2022-11-09,100055.87376648637,0,0,0.0,0.0,2.5122268722951723e-06,0.0014610527526785961,0.48918254980329673,0.5108174501967033,0.2,False
2022-11-10,100055.87376648637,0,0,0.0,0.0,0.0005087683329225162,0.0014300854436950549,0.4825568463203682,0.5174431536796318,0.2,False
2022-11-11,100055.87376648637,0,0,0.0,0.0,0.0010885983508939292,0.0014190013610153698,0.479138395058381,0.520861604941619,0.2,False
2022-11-14,100055.87376648637,0,0,0.0,0.0,0.0011079810909001848,0.001423489908516231,0.47893270298572965,0.5210672970142703,0.2,False
2022-11-15,100055.87376648637,0,0,0.0,0.0,0.001576834472543042,0.0018586264357618517,0.47768393483927885,0.5223160651607212,0.05,False
2022-11-16,100055.87376648637,0,0,0.0,0.0,0.0013805886292044807,0.0014191789832165417,0.4770261717535499,0.5229738282464501,0.2,False
2022-11-17,100055.87376648637,0,0,0.0,0.0,0.00140064095227077,0.0014193343441062252,0.4769770341471641,0.5230229658528359,0.2,False
2022-11-18,100055.87376648637,0,0,0.0,0.0,0.001550608702173639,0.0018647478032778903,0.4769846883028187,0.5230153116971813,0.05,False
2022-11-21,100055.87376648637,0,0,0.0,0.0,0.0011855765913054174,0.0014200106127111862,0.47587041653923184,0.5241295834607682,0.2,False
2022-11-22,100055.87376648637,0,0,0.0,0.0,0.0009493555475636045,0.0014162868102031438,0.4778389014849607,0.5221610985150393,0.2,False
2022-11-23,100055.87376648637,0,0,0.0,0.0,0.0014182864707215244,0.001860806881124829,0.4770923865205834,0.5229076134794166,0.05,False
2022-11-25,100055.87376648637,0,0,0.0,0.0,0.0013558147409746715,0.0014104130886619653,0.477003141352239,0.522996858647761,0.2,False
2022-11-28,100055.87376648637,0,0,0.0,0.0,0.001278185461105022,0.0014178769588316532,0.47747440939405233,0.5225255906059476,0.2,False
2022-11-29,100055.87376648637,0,0,0.0,0.0,0.0018159124825562582,0.0018636608596787252,0.4771985773508794,0.5228014226491207,0.05,False
2022-11-30,100055.87376648637,0,0,0.0,0.0,0.0021802707698016692,0.0018607885687073244,0.4745865797731918,0.5254134202268081,0.05,False
2022-12-01,100052.80390849916,-100,74,4993.339942932129,247.34003448486328,0.0028913499985905003,0.0018565608327544422,0.47427349731634105,0.525726502683659,0.05,False
2022-12-02,100046.06895041485,-100,74,4968.799995422363,240.80011749267533,0.002902489887825004,0.0018606918861882138,0.4744761514120701,0.5255238485879299,0.05,False
2022-12-05,100034.50592089306,-100,74,4865.820053100586,229.8199920654297,0.002910444939197444,0.0018572712738443976,0.47625460627696486,0.5237453937230352,0.05,False
2022-12-06,100006.35541651692,-100,74,4813.859901428223,201.8600082397461,0.0034660903457520856,0.001868857493731321,0.479288143179944,0.5207118568200559,0.05,False
2022-12-07,99999.94588105402,-100,74,4815.640083312988,195.64000701904297,0.0034272143955481676,0.0018694168778187435,0.47990462783887045,0.5200953721611296,0.05,False
2022-12-08,100006.77594601571,-100,74,4842.660087585449,202.6599349975586,0.0030700948124050926,0.0018641077586011587,0.4804974107648882,0.5195025892351117,0.05,False
2022-12-09,99991.82520553593,-100,74,4821.8998947143555,187.8998794555664,0.003224946265500696,0.0018694567322646103,0.4812132862741498,0.5187867137258502,0.05,False
2022-12-12,99998.093955468,-100,74,4838.739807128906,194.7399444580078,0.002904177148121632,0.0018658106638959721,0.481617346933004,0.5183826530669959,0.05,False
2022-12-13,99982.51708967908,-100,74,4806.020004272461,186.01992797851562,0.003180792062926888,0.0018717022950772396,0.48062226739220276,0.5193777326077973,0.05,False
2022-12-14,99975.74730875454,-100,74,4787.4401931762695,179.44001007080078,0.00309678518742648,0.0018658860058488366,0.4805798000681977,0.5194201999318022,0.05,False
2022-12-15,99988.83399921114,0,0,0.0,0.0,0.0023483441418243275,0.0018556465950574615,0.4748073525940211,0.5251926474059789,0.05,False
2022-12-16,99985.77379946277,-106,80,4947.859756469727,239.33995056152344,0.002567702342471493,0.0018641580748695065,0.4749000507995267,0.5250999492004733,0.05,False
2022-12-19,99965.71341191963,-106,80,4924.14017868042,219.86006546020508,0.0027887625483874914,0.0018606387475528273,0.4756695088942884,0.5243304911057116,0.05,False
2022-12-20,100003.55999088773,-106,80,4932.499809265137,257.8999710083008,0.0019264561901832335,0.0018630475177328933,0.4764938229572994,0.5235061770427005,0.05,False
2022-12-21,100002.26790464442,-106,80,5005.599910736084,256.799991607666,0.001977524099418572,0.0018623173287686569,0.4769279020776644,0.5230720979223356,0.05,False
2022-12-22,100005.29257422799,-106,80,4930.379962921143,260.0198173522949,0.0017360180384054982,0.0018630987428405836,0.47595772318385465,0.5240422768161453,0.05,False
2022-12-23,100007.1607345453,-106,80,4993.919845581055,262.0799102783203,0.0017241417931509316,0.0018634300918825824,0.4764244797693735,0.5235755202306265,0.05,False
2022-12-27,100011.24290608335,-106,80,5017.859886169434,266.9399185180664,0.001600362861204668,0.001859114481818192,0.4768773663601885,0.5231226336398115,0.05,False
2022-12-28,99992.44780165199,-106,80,4935.660186767578,248.34005737304733,0.0017625551144116185,0.0018638147848082532,0.4798270599841658,0.5201729400158341,0.05,False
2022-12-29,100013.2150376277,-106,80,5007.500003814697,269.29992294311523,0.001413452592322682,0.0014404837001338786,0.48411216695304193,0.5158878330469581,0.2,False
2022-12-30,100005.74040603517,-106,80,4974.779914855957,262.02001190185547,0.0014497017517195578,0.0018742300300261365,0.48530252202744567,0.5146974779725544,0.05,False
2023-01-03,100014.26133989962,0,0,0.0,0.0,0.00017150686720495152,0.0014450397370208616,0.4839328916432624,0.5160671083567376,0.2,False
2023-01-04,100014.26133989962,0,0,0.0,0.0,0.00020893863739110846,0.0014329563011065234,0.4816268132715298,0.5183731867284702,0.2,False
2023-01-05,100014.26133989962,0,0,0.0,0.0,0.00016607910227673292,0.0014346207737455491,0.4796368077779093,0.5203631922220907,0.2,False
2023-01-06,100014.26133989962,0,0,0.0,0.0,0.00023690137482178253,0.0014162366713091513,0.474204491968939,0.525795508031061,0.2,False
2023-01-09,100014.26133989962,0,0,0.0,0.0,0.00018229650421378943,0.001413241450309947,0.4734599358617353,0.5265400641382647,0.2,False
2023-01-10,100014.26133989962,0,0,0.0,0.0,0.00019631966644499267,0.0014143618432762494,0.4734146406583907,0.5265853593416093,0.2,False
2023-01-11,100014.26133989962,0,0,0.0,0.0,0.0002147371053919839,0.0014092771704911783,0.4730443990052755,0.5269556009947245,0.2,False
2023-01-12,100014.26133989962,0,0,0.0,0.0,0.0002597378220437634,0.0014002876380620223,0.4711918213520144,0.5288081786479857,0.2,False
2023-01-13,100014.26133989962,0,0,0.0,0.0,0.00028120439281978274,0.0013971483612967596,0.4705617825603756,0.5294382174396244,0.2,False
2023-01-17,100014.26133989962,0,0,0.0,0.0,0.0002773206183332471,0.0013952591919152528,0.4704710554745908,0.5295289445254092,0.2,False
2023-01-18,100014.26133989962,0,0,0.0,0.0,0.00026060364268505517,0.0013992908645778744,0.47062398126025096,0.529376018739749,0.2,False
2023-01-19,100014.26133989962,0,0,0.0,0.0,0.00029584403006113584,0.0013960959108073239,0.4701657582164332,0.5298342417835669,0.2,False
2023-01-20,100014.26133989962,0,0,0.0,0.0,0.00028425682061992513,0.001393451194182255,0.47126564585248987,0.5287343541475101,0.2,False
2023-01-23,100014.26133989962,0,0,0.0,0.0,0.0002769168943746325,0.0013918097195649624,0.4716769483484131,0.5283230516515869,0.2,False
2023-01-24,100014.26133989962,0,0,0.0,0.0,0.00028410512096135545,0.0013913494905897434,0.47181781274089185,0.5281821872591081,0.2,False
2023-01-25,100014.26133989962,0,0,0.0,0.0,0.0003538603702868614,0.0013894594677578192,0.4714752249032104,0.5285247750967896,0.2,False
2023-01-26,100014.26133989962,0,0,0.0,0.0,0.0003103246534625706,0.0013900249401724342,0.47292792665673444,0.5270720733432656,0.2,False
2023-01-27,100014.26133989962,0,0,0.0,0.0,0.0002661468859156186,0.001388776985462599,0.47250148105422435,0.5274985189457757,0.2,False
2023-01-30,100014.26133989962,0,0,0.0,0.0,0.0002693074905864862,0.0013958272793981271,0.4741755773845054,0.5258244226154947,0.2,False
2023-01-31,100014.26133989962,0,0,0.0,0.0,0.00019531949996425574,0.0013986827651721722,0.47944333835650355,0.5205566616434965,0.2,False
2023-02-01,100014.26133989962,0,0,0.0,0.0,0.0,0.0014506930179181365,0.4795494362345562,0.5204505637654437,0.2,False
2023-02-02,100014.26133989962,0,0,0.0,0.0,0.0,0.0014542749753377819,0.478169721181704,0.521830278818296,0.2,False
2023-02-03,100014.26133989962,0,0,0.0,0.0,0.0,0.001463999184097616,0.47268375842748767,0.5273162415725123,0.2,False
2023-02-06,100014.26133989962,0,0,0.0,0.0,0.0,0.0014679060933367764,0.47265044637074183,0.5273495536292582,0.2,False
2023-02-07,100014.26133989962,0,0,0.0,0.0,0.0,0.0014630307572092165,0.47366920684769465,0.5263307931523054,0.2,False
2023-02-08,100014.26133989962,0,0,0.0,0.0,0.0,0.0014655824616427906,0.4735514693421421,0.5264485306578579,0.2,False
2023-02-09,100014.26133989962,0,0,0.0,0.0,0.0,0.0014663525269035527,0.47426645742335416,0.5257335425766458,0.2,False
2023-02-10,100014.26133989962,0,0,0.0,0.0,0.0,0.0014640446311369475,0.4760523978780682,0.5239476021219318,0.2,False
2023-02-13,100014.26133989962,0,0,0.0,0.0,0.0,0.0014617673716997089,0.47478646279813747,0.5252135372018625,0.2,False
2023-02-14,100014.26133989962,0,0,0.0,0.0,0.0,0.0014623190688814085,0.4745435108550711,0.5254564891449289,0.2,False
2023-02-15,100014.26133989962,0,0,0.0,0.0,0.0,0.001477010189742759,0.4655761490206657,0.5344238509793343,0.2,False
2023-02-16,100014.26133989962,0,0,0.0,0.0,0.0,0.0014788583832511565,0.46706417098831243,0.5329358290116876,0.2,False
2023-02-17,100014.26133989962,0,0,0.0,0.0,0.0,0.0014799484184051471,0.4673035096986509,0.5326964903013491,0.2,False
2023-02-21,100014.26133989962,0,0,0.0,0.0,0.0,0.001476760753562674,0.4739024470270119,0.5260975529729881,0.2,False
2023-02-22,100014.26133989962,0,0,0.0,0.0,0.0,0.001476262751604888,0.4753191654942559,0.5246808345057441,0.2,False
2023-02-23,100014.26133989962,0,0,0.0,0.0,0.0,0.0014761731279677543,0.47563353415145765,0.5243664658485423,0.2,False
2023-02-24,100014.26133989962,0,0,0.0,0.0,0.0,0.001489127356369188,0.4683478510821385,0.5316521489178615,0.2,False
2023-02-27,100014.26133989962,0,0,0.0,0.0,0.0,0.0014883964065816374,0.467246562731473,0.532753437268527,0.2,False
2023-02-28,100014.26133989962,0,0,0.0,0.0,0.0,0.0014907316904606836,0.4676749272984836,0.5323250727015164,0.2,False
2023-03-01,100014.26133989962,0,0,0.0,0.0,0.0,0.0014889022889997053,0.46665093653609696,0.5333490634639031,0.2,False
2023-03-02,100014.26133989962,0,0,0.0,0.0,0.0,0.0014883054150643927,0.4669148505944514,0.5330851494055486,0.2,False
2023-03-03,100014.26133989962,0,0,0.0,0.0,0.0,0.0014841545925618463,0.46599544879104743,0.5340045512089526,0.2,False
2023-03-06,100014.26133989962,0,0,0.0,0.0,0.0,0.0014889199434952424,0.46448845468259325,0.5355115453174067,0.2,False
2023-03-07,100014.26133989962,0,0,0.0,0.0,0.0,0.0014919816304108948,0.46792673789650363,0.5320732621034964,0.2,False
2023-03-08,100014.26133989962,0,0,0.0,0.0,0.0,0.0014918900786915423,0.46699617248627856,0.5330038275137214,0.2,False
2023-03-09,100014.26133989962,0,0,0.0,0.0,0.0,0.0014927657139486776,0.4704178582887212,0.5295821417112788,0.2,False
2023-03-10,100014.26133989962,0,0,0.0,0.0,0.0,0.0014986630580758797,0.4707222381112772,0.5292777618887228,0.2,False
2023-03-13,100014.26133989962,0,0,0.0,0.0,0.0,0.001500855285788793,0.47045671749825746,0.5295432825017425,0.2,False
2023-03-14,100014.26133989962,0,0,0.0,0.0,0.0,0.001498116904474777,0.46854292889582216,0.5314570711041778,0.2,False
2023-03-15,100014.26133989962,0,0,0.0,0.0,0.0,0.00150871013236058,0.46741054208917504,0.532589457910825,0.2,False
2023-03-16,100014.26133989962,0,0,0.0,0.0,0.0,0.0015040941688138707,0.4681418100853986,0.5318581899146013,0.2,False
2023-03-17,100014.26133989962,0,0,0.0,0.0,0.0,0.0015047775218354014,0.46989857028760623,0.5301014297123938,0.2,False
2023-03-20,100014.26133989962,0,0,0.0,0.0,0.0,0.001495453338354644,0.47374276549235717,0.5262572345076428,0.2,False
2023-03-21,100014.26133989962,0,0,0.0,0.0,0.0,0.0014938866762092564,0.4746244931191185,0.5253755068808815,0.2,False
2023-03-22,100014.26133989962,0,0,0.0,0.0,0.0,0.0014946436193514327,0.4751499479399012,0.5248500520600988,0.2,False
2023-03-23,100014.26133989962,0,0,0.0,0.0,0.0,0.0014967968016514383,0.4753271148482117,0.5246728851517883,0.2,False
2023-03-24,100014.26133989962,0,0,0.0,0.0,0.0,0.0014965510547989217,0.47556099462746954,0.5244390053725305,0.2,False
2023-03-27,100014.26133989962,0,0,0.0,0.0,0.0,0.0014900350109411933,0.4787910888922426,0.5212089111077574,0.2,False
2023-03-28,100014.26133989962,0,0,0.0,0.0,0.0,0.0014876048130481776,0.47816740548900777,0.5218325945109923,0.2,False
2023-03-29,100014.26133989962,0,0,0.0,0.0,0.0,0.0014812341884736428,0.48022798478817136,0.5197720152118286,0.2,False
2023-03-30,100014.26133989962,0,0,0.0,0.0,0.0,0.0014789051339155518,0.47854647610631224,0.5214535238936877,0.2,False
2023-03-31,100014.26133989962,0,0,0.0,0.0,0.0,0.001475289518971947,0.47992422556541325,0.5200757744345867,0.2,False
2023-04-03,100014.26133989962,0,0,0.0,0.0,0.0,0.0014661091512318757,0.48212913174437855,0.5178708682556215,0.2,False
2023-04-04,100014.26133989962,0,0,0.0,0.0,0.0,0.0014692218495293329,0.4811993182874587,0.5188006817125412,0.2,False
2023-04-05,100014.26133989962,0,0,0.0,0.0,0.0,0.0014702058253295554,0.48211651786175935,0.5178834821382406,0.2,False
2023-04-06,100014.26133989962,0,0,0.0,0.0,0.0,0.0014701645585498432,0.4823250181750858,0.5176749818249142,0.2,False
2023-04-10,100014.26133989962,0,0,0.0,0.0,0.0,0.0014696460191223146,0.4823006728956659,0.5176993271043341,0.2,False
2023-04-11,100014.26133989962,0,0,0.0,0.0,0.0,0.0014657976625397488,0.4826627378322908,0.5173372621677093,0.2,False
2023-04-12,100014.26133989962,0,0,0.0,0.0,0.0,0.0014647238589591944,0.48234330158998556,0.5176566984100144,0.2,False
2023-04-13,100014.26133989962,0,0,0.0,0.0,0.0,0.0014596487396619834,0.48257154167590455,0.5174284583240955,0.2,False
2023-04-14,100014.26133989962,0,0,0.0,0.0,0.0,0.0014656183359892082,0.47964438232939743,0.5203556176706026,0.2,False
2023-04-17,100014.26133989962,0,0,0.0,0.0,0.0,0.0014660758331765378,0.47901557936029815,0.5209844206397019,0.2,False
2023-04-18,100014.26133989962,0,0,0.0,0.0,0.0,0.0014647706359148733,0.47857857019892586,0.5214214298010742,0.2,False
2023-04-19,100014.26133989962,0,0,0.0,0.0,0.0,0.0014650718146261535,0.4795035976593933,0.5204964023406067,0.2,False
2023-04-20,100014.26133989962,0,0,0.0,0.0,0.0,0.0014642697240842364,0.4807983553431275,0.5192016446568726,0.2,False
2023-04-21,100014.26133989962,0,0,0.0,0.0,0.0,0.0014706925749891422,0.4772277568754671,0.522772243124533,0.2,False
2023-04-24,100014.26133989962,0,0,0.0,0.0,0.0,0.0014714383636374182,0.47620966388954744,0.5237903361104526,0.2,False
2023-04-25,100014.26133989962,0,0,0.0,0.0,0.0,0.0014728554400776305,0.4808371513805614,0.5191628486194386,0.2,False
2023-04-26,100014.26133989962,0,0,0.0,0.0,0.0,0.001471902222260135,0.48186476573718934,0.5181352342628107,0.2,False
2023-04-27,100014.26133989962,0,0,0.0,0.0,0.0,0.0014680191869696102,0.48218197664900886,0.5178180233509911,0.2,False
2023-04-28,100014.26133989962,0,0,0.0,0.0,0.0,0.0014626794015340306,0.48522828849535277,0.5147717115046473,0.2,False
2023-05-01,100014.26133989962,0,0,0.0,0.0,0.0,0.0014625638955064653,0.48575336277332987,0.5142466372266701,0.2,False
2023-05-02,100014.26133989962,0,0,0.0,0.0,0.0,0.001459224052935675,0.4924983300540385,0.5075016699459616,0.2,False
2023-05-03,100014.26133989962,0,0,0.0,0.0,0.0,0.0014614025737899607,0.49281368912051116,0.5071863108794888,0.2,False
2023-05-04,100014.26133989962,0,0,0.0,0.0,0.0,0.0014604408548408246,0.4929643013956227,0.5070356986043774,0.2,False
2023-05-05,100014.26133989962,0,0,0.0,0.0,0.0,0.0014521210098747065,0.492219914672853,0.507780085327147,0.2,False
2023-05-08,100014.26133989962,0,0,0.0,0.0,0.0,0.001451260318540967,0.4921346651627973,0.5078653348372026,0.2,False
2023-05-09,100014.26133989962,0,0,0.0,0.0,0.0,0.0014544970170172844,0.49105220110165293,0.5089477988983471,0.2,False
2023-05-10,100014.26133989962,0,0,0.0,0.0,0.0,0.0014540602156938004,0.4914352386605878,0.5085647613394122,0.2,False
2023-05-11,100014.26133989962,0,0,0.0,0.0,0.0,0.00145689413182886,0.4926826836135616,0.5073173163864384,0.2,False
2023-05-12,100014.26133989962,0,0,0.0,0.0,0.0,0.0014579393987067869,0.4931069512488886,0.5068930487511114,0.2,False
2023-05-15,100014.26133989962,0,0,0.0,0.0,0.0,0.001452760825285529,0.49402441714125117,0.5059755828587489,0.2,False
2023-05-16,100014.26133989962,0,0,0.0,0.0,0.0,0.0014599287855584962,0.49316222275770427,0.5068377772422957,0.2,False
2023-05-17,100014.26133989962,0,0,0.0,0.0,0.0,0.0014588017461633358,0.49152382650127135,0.5084761734987286,0.2,False
2023-05-18,100014.26133989962,0,0,0.0,0.0,0.0,0.0014611514621027941,0.49111054211662347,0.5088894578833765,0.2,False
2023-05-19,100014.26133989962,0,0,0.0,0.0,0.0,0.0014608390346833875,0.4891575322867716,0.5108424677132284,0.2,False
2023-05-22,100014.26133989962,0,0,0.0,0.0,0.0,0.0014610474519007803,0.48881355587130704,0.511186444128693,0.2,False
2023-05-23,100014.26133989962,0,0,0.0,0.0,0.0,0.001465136304801962,0.48883548803862137,0.5111645119613786,0.2,False
2023-05-24,100014.26133989962,0,0,0.0,0.0,0.0,0.0014729862927668356,0.48859238442335934,0.5114076155766407,0.2,False
2023-05-25,100014.26133989962,0,0,0.0,0.0,0.0,0.001476313622133558,0.48870270834542784,0.5112972916545722,0.2,False
2023-05-26,100014.26133989962,0,0,0.0,0.0,0.0,0.0014781878256985993,0.4830968896176049,0.5169031103823951,0.2,False
2023-05-30,100014.26133989962,0,0,0.0,0.0,0.0,0.001481535546739565,0.4822552661109062,0.5177447338890938,0.2,False
2023-05-31,100014.26133989962,0,0,0.0,0.0,0.0,0.0014934867807366468,0.47656607202911566,0.5234339279708844,0.2,False
2023-06-01,100014.26133989962,0,0,0.0,0.0,0.0,0.0014964273369547252,0.4681427539673904,0.5318572460326096,0.2,False
2023-06-02,100014.26133989962,0,0,0.0,0.0,0.0,0.0014830418762752054,0.4743390595376536,0.5256609404623465,0.2,False
2023-06-05,100014.26133989962,0,0,0.0,0.0,0.0,0.0014838763062201526,0.4756592153382541,0.5243407846617458,0.2,False
2023-06-06,100014.26133989962,0,0,0.0,0.0,0.0,0.00147866996274164,0.47716179679256704,0.522838203207433,0.2,False
2023-06-07,100014.26133989962,0,0,0.0,0.0,0.0,0.0014896875269097833,0.47496876200251986,0.5250312379974802,0.2,False
2023-06-08,100014.26133989962,0,0,0.0,0.0,0.0,0.0014941091674812524,0.4685293796425585,0.5314706203574415,0.2,False
2023-06-09,100014.26133989962,0,0,0.0,0.0,0.0,0.0014953265899203608,0.46725806379849866,0.5327419362015013,0.2,False
2023-06-12,100014.26133989962,0,0,0.0,0.0,0.0,0.001495488421821362,0.46658991575549935,0.5334100842445006,0.2,False
2023-06-13,100014.26133989962,0,0,0.0,0.0,0.0,0.0014943167400727835,0.46437740860051424,0.5356225913994858,0.2,False
2023-06-14,100014.26133989962,0,0,0.0,0.0,0.0,0.0014941240765910056,0.4637045348917258,0.5362954651082742,0.2,False
2023-06-15,100014.26133989962,0,0,0.0,0.0,0.0,0.0014945911880336613,0.45936915535495465,0.5406308446450454,0.2,False
2023-06-16,100014.26133989962,0,0,0.0,0.0,0.0,0.0014945582605548956,0.4583168784873332,0.5416831215126667,0.2,False
2023-06-20,100014.26133989962,0,0,0.0,0.0,0.0,0.0014893086023957524,0.4645997005702543,0.5354002994297458,0.2,False
2023-06-21,100014.26133989962,0,0,0.0,0.0,0.0,0.0014889602892283172,0.46541568734121774,0.5345843126587823,0.2,False
2023-06-22,100014.26133989962,0,0,0.0,0.0,0.0,0.0015076616218759296,0.4532352948658253,0.5467647051341746,0.2,False
2023-06-23,100014.26133989962,0,0,0.0,0.0,0.0,0.0015296147228029402,0.44067915001528685,0.5593208499847131,0.2,False
2023-06-26,100014.26133989962,0,0,0.0,0.0,0.0,0.0015248825458120897,0.4433456074445207,0.5566543925554793,0.2,False
2023-06-27,100014.26133989962,0,0,0.0,0.0,0.0,0.0015205779729966962,0.4438218200522789,0.5561781799477211,0.2,False
2023-06-28,100014.26133989962,0,0,0.0,0.0,0.0,0.0015227495043182737,0.4433667191814973,0.5566332808185027,0.2,False
2023-06-29,100014.26133989962,0,0,0.0,0.0,0.0,0.0015205925686883489,0.4439222595715725,0.5560777404284275,0.2,False
2023-06-30,100014.26133989962,0,0,0.0,0.0,0.0,0.001513749062770212,0.44651484391734464,0.5534851560826554,0.2,False
2023-07-03,100014.26133989962,0,0,0.0,0.0,0.0,0.0015115825375369813,0.4474244575141623,0.5525755424858376,0.2,False
2023-07-05,100014.26133989962,0,0,0.0,0.0,0.0,0.0015100591978015215,0.45148807429065724,0.5485119257093427,0.2,False
2023-07-06,100014.26133989962,0,0,0.0,0.0,0.0,0.0015158303935258579,0.4535058505827792,0.5464941494172209,0.2,False
2023-07-07,100014.26133989962,0,0,0.0,0.0,0.0,0.001513020761967694,0.4539382460673536,0.5460617539326464,0.2,False
2023-07-10,100014.26133989962,0,0,0.0,0.0,0.0,0.001513898650916386,0.45363046692965286,0.5463695330703471,0.2,False
2023-07-11,100014.26133989962,0,0,0.0,0.0,0.0,0.0015155892808115736,0.44916038346718273,0.5508396165328173,0.2,False
2023-07-12,100014.26133989962,0,0,0.0,0.0,0.0,0.0015169072200441418,0.4424522937646677,0.5575477062353322,0.2,False
2023-07-13,100014.26133989962,0,0,0.0,0.0,0.0,0.001516223633008742,0.4367704671649492,0.5632295328350507,0.2,False
2023-07-14,100014.26133989962,0,0,0.0,0.0,0.0,0.0015173095031945428,0.4374668849675112,0.5625331150324888,0.2,False
2023-07-17,100014.26133989962,0,0,0.0,0.0,0.0,0.001518769941913463,0.4369279816667588,0.5630720183332412,0.2,False
2023-07-18,100014.26133989962,0,0,0.0,0.0,0.0,0.0015143563657968307,0.43834918416171564,0.5616508158382844,0.2,False
2023-07-19,100014.26133989962,0,0,0.0,0.0,0.0,0.0015138893149511995,0.43861401883905865,0.5613859811609414,0.2,False
2023-07-20,100014.26133989962,0,0,0.0,0.0,0.0,0.001513716693717818,0.4394367245449814,0.5605632754550186,0.2,False
2023-07-21,100014.26133989962,0,0,0.0,0.0,0.0,0.0015141236541628602,0.4392058979463256,0.5607941020536744,0.2,False
2023-07-24,100014.26133989962,0,0,0.0,0.0,0.0,0.0015122277487217707,0.4398796775036825,0.5601203224963175,0.2,False
2023-07-25,100014.26133989962,0,0,0.0,0.0,0.0,0.001512066289939385,0.43845919247395365,0.5615408075260464,0.2,False
2023-07-26,100014.26133989962,0,0,0.0,0.0,0.0,0.001512265135327609,0.43816237104916417,0.5618376289508358,0.2,False
2023-07-27,100014.26133989962,0,0,0.0,0.0,0.0,0.0015135411308883448,0.43977429434403814,0.5602257056559619,0.2,False
2023-07-28,100014.26133989962,0,0,0.0,0.0,0.0,0.0015135026681010863,0.4399799676980947,0.5600200323019053,0.2,False
2023-07-31,100014.26133989962,0,0,0.0,0.0,0.0,0.001510158510731338,0.4401077286088752,0.5598922713911247,0.2,False
2023-08-01,100014.26133989962,0,0,0.0,0.0,0.0,0.0015180085283952422,0.43774471804631315,0.5622552819536868,0.2,False
2023-08-02,100014.26133989962,0,0,0.0,0.0,0.0,0.0015246211179347445,0.43973054325523997,0.56026945674476,0.2,False
2023-08-03,100014.26133989962,0,0,0.0,0.0,0.0,0.001523258164965372,0.4409998474855681,0.5590001525144319,0.2,False
2023-08-04,100014.26133989962,0,0,0.0,0.0,0.0,0.0015222345612848503,0.44060073779675485,0.5593992622032451,0.2,False
2023-08-07,100014.26133989962,0,0,0.0,0.0,0.0,0.0015213467005627565,0.44060580193849463,0.5593941980615054,0.2,False
2023-08-08,100014.26133989962,0,0,0.0,0.0,0.0,0.001522473817544194,0.44122696086216573,0.5587730391378343,0.2,False
2023-08-09,100014.26133989962,0,0,0.0,0.0,0.0,0.0015210107293711602,0.4414580921992747,0.5585419078007253,0.2,False
2023-08-10,100014.26133989962,0,0,0.0,0.0,0.0,0.0015214765151502347,0.44164299616548647,0.5583570038345136,0.2,False
2023-08-11,100014.26133989962,0,0,0.0,0.0,0.0,0.0015244127404168562,0.4398081856168816,0.5601918143831184,0.2,False
2023-08-14,100014.26133989962,0,0,0.0,0.0,0.0,0.0015256811219651783,0.4405500639714322,0.5594499360285679,0.2,False
2023-08-15,100014.26133989962,0,0,0.0,0.0,0.0,0.0015145946338169633,0.45555475465977824,0.5444452453402218,0.2,False
2023-08-16,100014.26133989962,0,0,0.0,0.0,0.0,0.0015162424212492363,0.4561465697219056,0.5438534302780944,0.2,False
2023-08-17,100014.26133989962,0,0,0.0,0.0,0.0,0.0015197880737624707,0.45536799347241075,0.5446320065275893,0.2,False
2023-08-18,100014.26133989962,0,0,0.0,0.0,0.0,0.0015202061015045967,0.45504861349982123,0.5449513865001787,0.2,False
2023-08-21,100014.26133989962,0,0,0.0,0.0,0.0,0.0015202139336110468,0.45449905405518876,0.5455009459448112,0.2,False
2023-08-22,100014.26133989962,0,0,0.0,0.0,0.0,0.0015217731486661776,0.45506438705994035,0.5449356129400597,0.2,False
2023-08-23,100014.26133989962,0,0,0.0,0.0,0.0,0.001520109470656751,0.45215220557805785,0.5478477944219422,0.2,False
2023-08-24,100014.26133989962,0,0,0.0,0.0,0.0,0.0015328430469283964,0.4453194629837915,0.5546805370162085,0.2,False
2023-08-25,100014.26133989962,0,0,0.0,0.0,0.0,0.001535721525328546,0.4415890727871925,0.5584109272128075,0.2,False
2023-08-28,100014.26133989962,0,0,0.0,0.0,0.0,0.0015311639131579964,0.4425727699378995,0.5574272300621005,0.2,False
2023-08-29,100014.26133989962,0,0,0.0,0.0,0.0,0.0015223153243825824,0.444736736757905,0.5552632632420951,0.2,False
2023-08-30,100014.26133989962,0,0,0.0,0.0,0.0,0.0015197278147930972,0.4452019979692157,0.5547980020307843,0.2,False
2023-08-31,100014.26133989962,0,0,0.0,0.0,0.0,0.0015198532841770637,0.44523215362740803,0.554767846372592,0.2,False
2023-09-01,100014.26133989962,0,0,0.0,0.0,0.0,0.0015164442386510302,0.4469502258615316,0.5530497741384683,0.2,False
2023-09-05,100014.26133989962,0,0,0.0,0.0,0.0,0.0015172139340934175,0.4492484256169489,0.5507515743830511,0.2,False
2023-09-06,100014.26133989962,0,0,0.0,0.0,0.0,0.001517909506930108,0.45150394368712854,0.5484960563128715,0.2,False
2023-09-07,100014.26133989962,0,0,0.0,0.0,0.0,0.0015175530236477693,0.4538688281698308,0.5461311718301691,0.2,False
2023-09-08,100014.26133989962,0,0,0.0,0.0,0.0,0.001517118892418086,0.4542813429502484,0.5457186570497516,0.2,False
2023-09-11,100014.26133989962,0,0,0.0,0.0,0.0,0.0015158737589980895,0.45121967245787503,0.548780327542125,0.2,False
2023-09-12,100014.26133989962,0,0,0.0,0.0,0.0,0.0015164921958952392,0.45084324758988803,0.549156752410112,0.2,False
2023-09-13,100014.26133989962,0,0,0.0,0.0,0.0,0.0015168759386553524,0.45055771926753335,0.5494422807324666,0.2,False
2023-09-14,100014.26133989962,0,0,0.0,0.0,0.0,0.0015068346776744416,0.45340655994542106,0.5465934400545789,0.2,False
2023-09-15,100014.26133989962,0,0,0.0,0.0,0.0,0.0015072964185057767,0.45343102322053086,0.5465689767794691,0.2,False
2023-09-18,100014.26133989962,0,0,0.0,0.0,0.0,0.001507994449341163,0.4536870152364298,0.5463129847635702,0.2,False
2023-09-19,100014.26133989962,0,0,0.0,0.0,0.0,0.0015051730981601636,0.45755111413234945,0.5424488858676506,0.2,False
2023-09-20,100014.26133989962,0,0,0.0,0.0,0.0,0.0015059103101696095,0.4579588406540433,0.5420411593459566,0.2,False
2023-09-21,100014.26133989962,0,0,0.0,0.0,0.0,0.0015257639826280803,0.4499972807250072,0.5500027192749928,0.2,False
2023-09-22,100014.26133989962,0,0,0.0,0.0,0.0,0.001532148041148163,0.4423893462481467,0.5576106537518533,0.2,False
2023-09-25,100014.26133989962,0,0,0.0,0.0,0.0,0.0015322585885684963,0.44168205220393975,0.5583179477960603,0.2,False
2023-09-26,100014.26133989962,0,0,0.0,0.0,0.0,0.0015309516669752925,0.44715622703140595,0.552843772968594,0.2,False
2023-09-27,100014.26133989962,0,0,0.0,0.0,0.0,0.0015312771393470722,0.4487198641280229,0.5512801358719771,0.2,False
2023-09-28,100014.26133989962,0,0,0.0,0.0,0.0,0.0015303866982881856,0.44475997029927467,0.5552400297007254,0.2,False
2023-09-29,100014.26133989962,0,0,0.0,0.0,0.0,0.0015318160452455032,0.44541028269641875,0.5545897173035812,0.2,False
2023-10-02,100014.26133989962,0,0,0.0,0.0,0.0,0.001531106525499309,0.4539322177000189,0.5460677822999811,0.2,False
2023-10-03,100014.26133989962,0,0,0.0,0.0,0.0,0.0015328795713281565,0.4559861935748858,0.5440138064251142,0.2,False
2023-10-04,100014.26133989962,0,0,0.0,0.0,0.0,0.001533543638015852,0.4550885760072998,0.5449114239927002,0.2,False
2023-10-05,100014.26133989962,0,0,0.0,0.0,0.0,0.001529407211136405,0.4559074075404423,0.5440925924595577,0.2,False
2023-10-06,100014.26133989962,0,0,0.0,0.0,0.0,0.0015270054464927045,0.4531802883363725,0.5468197116636275,0.2,False
2023-10-09,100014.26133989962,0,0,0.0,0.0,0.0,0.0015202143140922559,0.4575737155052422,0.5424262844947578,0.2,False
2023-10-10,100014.26133989962,0,0,0.0,0.0,0.0,0.001517290755922662,0.45707873382490305,0.542921266175097,0.2,False
2023-10-11,100014.26133989962,0,0,0.0,0.0,0.0,0.0015133150348949288,0.4590452077394981,0.5409547922605019,0.2,False
2023-10-12,100014.26133989962,0,0,0.0,0.0,0.0,0.0015278045452704855,0.45241695628880124,0.5475830437111988,0.2,False
2023-10-13,100014.26133989962,0,0,0.0,0.0,0.0,0.0015299646882653783,0.4509718011041902,0.5490281988958098,0.2,False
2023-10-16,100014.26133989962,0,0,0.0,0.0,0.0,0.0015259112415066944,0.45062241215493265,0.5493775878450673,0.2,False
2023-10-17,100014.26133989962,0,0,0.0,0.0,0.0,0.0015252813067820313,0.4500636964667858,0.5499363035332142,0.2,False
2023-10-18,100014.26133989962,0,0,0.0,0.0,0.0,0.0015263463012033301,0.45521598483674364,0.5447840151632564,0.2,False
2023-10-19,100014.26133989962,0,0,0.0,0.0,0.0,0.0015306286166515129,0.454003230980303,0.545996769019697,0.2,False
2023-10-20,100014.26133989962,0,0,0.0,0.0,0.0,0.0015382352595150277,0.4519827714017781,0.5480172285982219,0.2,False
2023-10-23,100014.26133989962,0,0,0.0,0.0,0.0,0.001539147879528588,0.4512524428735201,0.5487475571264799,0.2,False
2023-10-24,100014.26133989962,0,0,0.0,0.0,0.0,0.001542440349375728,0.4469308280366936,0.5530691719633064,0.2,False
2023-10-25,100014.26133989962,0,0,0.0,0.0,0.0,0.0015501729426521194,0.44359247999321966,0.5564075200067804,0.2,False
2023-10-26,100014.26133989962,0,0,0.0,0.0,0.0,0.0015515272039239613,0.44333670004682435,0.5566632999531756,0.2,False
2023-10-27,100014.26133989962,0,0,0.0,0.0,0.0,0.0015516301532167611,0.44597628162087,0.55402371837913,0.2,False
2023-10-30,100014.26133989962,0,0,0.0,0.0,0.0,0.0015438458513859748,0.4482138472856456,0.5517861527143544,0.2,False
2023-10-31,100014.26133989962,0,0,0.0,0.0,0.0,0.0015451735935026812,0.44862688332957984,0.5513731166704201,0.2,False
2023-11-01,100014.26133989962,0,0,0.0,0.0,0.0,0.0015437972026998707,0.44506267035819197,0.5549373296418081,0.2,False
2023-11-02,100014.26133989962,0,0,0.0,0.0,0.0,0.001489730715678147,0.48250666833865824,0.5174933316613417,0.2,False
2023-11-03,100014.26133989962,0,0,0.0,0.0,0.0,0.001473475732490978,0.4918011909242624,0.5081988090757377,0.2,False
2023-11-06,100014.26133989962,0,0,0.0,0.0,0.0,0.0014730000801869067,0.4939520613952925,0.5060479386047074,0.2,False
2023-11-07,100014.26133989962,0,0,0.0,0.0,0.0,0.0014766349055942937,0.49525917196997726,0.5047408280300227,0.2,False
2023-11-08,100014.26133989962,0,0,0.0,0.0,0.0,0.0014756038506578482,0.49564159194847507,0.5043584080515249,0.2,False
2023-11-09,100014.26133989962,0,0,0.0,0.0,0.0,0.0014776234474783013,0.49514587558341633,0.5048541244165836,0.2,False
2023-11-10,100014.26133989962,0,0,0.0,0.0,0.0,0.001476989109407962,0.4953350729157045,0.5046649270842956,0.2,False
2023-11-13,100014.26133989962,0,0,0.0,0.0,0.0,0.0014743635115824752,0.49535921433513175,0.5046407856648683,0.2,False
2023-11-14,100014.26133989962,0,0,0.0,0.0,0.0,0.001478621230738051,0.4830428582914167,0.5169571417085833,0.2,False
2023-11-15,100014.26133989962,0,0,0.0,0.0,0.0,0.001481267293608749,0.4805598765822907,0.5194401234177093,0.2,False
2023-11-16,100014.26133989962,0,0,0.0,0.0,0.0,0.0014858456379493316,0.4788085015017562,0.5211914984982438,0.2,False
2023-11-17,100014.26133989962,0,0,0.0,0.0,0.0,0.0014819122841132426,0.47922643000225285,0.5207735699977472,0.2,False
2023-11-20,100014.26133989962,0,0,0.0,0.0,0.0,0.001480778361325525,0.47856717112906555,0.5214328288709345,0.2,False
2023-11-21,100014.26133989962,0,0,0.0,0.0,0.0,0.0014802601723649313,0.4789183332919707,0.5210816667080294,0.2,False
2023-11-22,100014.26133989962,0,0,0.0,0.0,0.0,0.0014824300480258995,0.47844177537231725,0.5215582246276828,0.2,False
2023-11-24,100014.26133989962,0,0,0.0,0.0,0.0,0.0014802335672374663,0.47757127558145807,0.5224287244185419,0.2,False
2023-11-27,100014.26133989962,0,0,0.0,0.0,0.0,0.001484578642378665,0.47634577143806556,0.5236542285619344,0.2,False
2023-11-28,100014.26133989962,0,0,0.0,0.0,0.0,0.0014849078683978282,0.4735953914011056,0.5264046085988944,0.2,False
2023-11-29,100014.26133989962,0,0,0.0,0.0,0.0,0.001487062210796695,0.4720957397111148,0.5279042602888853,0.2,False
2023-11-30,100014.26133989962,0,0,0.0,0.0,0.0,0.0014827060127586568,0.4738804512819059,0.5261195487180941,0.2,False
2023-12-01,100014.26133989962,0,0,0.0,0.0,0.0,0.0014822755747556926,0.46945278952464387,0.5305472104753561,0.2,False
2023-12-04,100014.26133989962,0,0,0.0,0.0,0.0,0.0014945918217286371,0.4617742811395203,0.5382257188604798,0.2,False
2023-12-05,100014.26133989962,0,0,0.0,0.0,0.0,0.0015008593791058823,0.45903141636216943,0.5409685836378306,0.2,False
2023-12-06,100014.26133989962,0,0,0.0,0.0,0.0,0.0015011313607571092,0.45788696321049394,0.5421130367895061,0.2,False
2023-12-07,100014.26133989962,0,0,0.0,0.0,0.0,0.0015012223622015474,0.45606179077759607,0.5439382092224039,0.2,False
2023-12-08,100014.26133989962,0,0,0.0,0.0,0.0,0.0015005511755466071,0.45588562848768843,0.5441143715123116,0.2,False
2023-12-11,100014.26133989962,0,0,0.0,0.0,0.0,0.0015000995754572658,0.455770189108414,0.544229810891586,0.2,False
2023-12-12,100014.26133989962,0,0,0.0,0.0,0.0,0.0014982253696625386,0.45742784683184273,0.5425721531681573,0.2,False
2023-12-13,100014.26133989962,0,0,0.0,0.0,0.0,0.0014930035902890296,0.4541876949773358,0.5458123050226642,0.2,False
2023-12-14,100014.26133989962,0,0,0.0,0.0,0.0,0.001487185890917278,0.45433174987741076,0.5456682501225892,0.2,False
2023-12-15,100014.26133989962,0,0,0.0,0.0,0.0,0.0014872352498493764,0.45631739553139056,0.5436826044686094,0.2,False
2023-12-18,100014.26133989962,0,0,0.0,0.0,0.0,0.0014857170050338602,0.4564470737516551,0.543552926248345,0.2,False
2023-12-19,100014.26133989962,0,0,0.0,0.0,0.0,0.0014830847712093867,0.4534216534891042,0.5465783465108958,0.2,False
2023-12-20,100014.26133989962,0,0,0.0,0.0,0.0,0.001493340429266685,0.4537226417489205,0.5462773582510795,0.2,False
2023-12-21,100014.26133989962,0,0,0.0,0.0,0.0,0.0014889366649232022,0.45212919651755046,0.5478708034824495,0.2,False
2023-12-22,100014.26133989962,0,0,0.0,0.0,0.0,0.0014866767252686406,0.4525638038401625,0.5474361961598375,0.2,False
2023-12-26,100014.26133989962,0,0,0.0,0.0,0.0,0.0014819575332359009,0.45444611067410656,0.5455538893258934,0.2,False
2023-12-27,100014.26133989962,0,0,0.0,0.0,0.0,0.0014795740976699852,0.4548366737041651,0.5451633262958349,0.2,False
2023-12-28,100014.26133989962,0,0,0.0,0.0,0.0,0.001479684491841211,0.45566396645669094,0.5443360335433091,0.2,False
2023-12-29,100014.26133989962,0,0,0.0,0.0,0.0,0.0014827479662571953,0.4539785463171707,0.5460214536828293,0.2,False
2024-01-02,100014.26133989962,0,0,0.0,0.0,0.0007674811969358623,0.0013686147086689193,0.45622348049408873,0.5437765195059112,0.2,False
2024-01-03,100014.26133989962,0,0,0.0,0.0,0.000578624769733469,0.001366829004975988,0.4535398027057958,0.5464601972942043,0.2,False
2024-01-04,100014.26133989962,0,0,0.0,0.0,0.00045546199543117276,0.0013654048326543666,0.4521922921091837,0.5478077078908163,0.2,False
2024-01-05,100014.26133989962,0,0,0.0,0.0,0.0003530452376954512,0.001364624544318372,0.45179075841676936,0.5482092415832307,0.2,False
2024-01-08,100014.26133989962,0,0,0.0,0.0,0.0003360988246654227,0.0013636357180160747,0.45237271043870436,0.5476272895612957,0.2,False
2024-01-09,100014.26133989962,0,0,0.0,0.0,0.00027936710992787023,0.001366233249030835,0.45233988072311687,0.5476601192768831,0.2,False
2024-01-10,100014.26133989962,0,0,0.0,0.0,0.00019138944088296765,0.0013660221656703298,0.452014947098186,0.547985052901814,0.2,False
2024-01-11,100014.26133989962,0,0,0.0,0.0,0.0002671423899605538,0.00136896797474711,0.45324445547616443,0.5467555445238356,0.2,False
2024-01-12,100014.26133989962,0,0,0.0,0.0,0.0002759877625459677,0.0013676747308287128,0.45348629379001515,0.5465137062099849,0.2,False
2024-01-16,100014.26133989962,0,0,0.0,0.0,-7.539329312509551e-05,0.0015138923256905184,0.4389203071213447,0.5610796928786552,0.2,False
2024-01-17,100014.26133989962,0,0,0.0,0.0,-2.4781153213778956e-05,0.0015163876307313301,0.4405072187232743,0.5594927812767256,0.2,False
2024-01-18,100014.26133989962,0,0,0.0,0.0,6.550388646299822e-05,0.001355837382336297,0.43962628418260197,0.560373715817398,0.2,False
2024-01-19,100014.26133989962,0,0,0.0,0.0,1.9698412666512497e-05,0.0013562639994071527,0.44225905830482337,0.5577409416951766,0.2,False
2024-01-22,100014.26133989962,0,0,0.0,0.0,7.042559785606162e-05,0.0013575538806894496,0.443244295979155,0.5567557040208451,0.2,False
2024-01-23,100014.26133989962,0,0,0.0,0.0,0.0001368963695077421,0.0013546169720066634,0.4426826230151136,0.5573173769848865,0.2,False
2024-01-24,100014.26133989962,0,0,0.0,0.0,0.0002081377389398291,0.0013561900130031246,0.4431181868316207,0.5568818131683793,0.2,False
2024-01-25,100014.26133989962,0,0,0.0,0.0,0.00017117191509245214,0.0013549945842757415,0.4443557405269111,0.5556442594730888,0.2,False
2024-01-26,100014.26133989962,0,0,0.0,0.0,0.0001473884822523355,0.0013549953286845727,0.44473321995986653,0.5552667800401334,0.2,False
2024-01-29,100014.26133989962,0,0,0.0,0.0,0.00016225172649524775,0.001353467643805982,0.4449796713407791,0.5550203286592209,0.2,False
2024-01-30,100014.26133989962,0,0,0.0,0.0,4.029153672922992e-05,0.001352693530209387,0.44457811923464385,0.5554218807653561,0.2,False
2024-01-31,100014.26133989962,0,0,0.0,0.0,0.00014444733480839403,0.001364307753008091,0.45083722454287817,0.5491627754571218,0.2,False
2024-02-01,100014.26133989962,0,0,0.0,0.0,0.0002368605081525129,0.0013664955642596077,0.4531612381028514,0.5468387618971486,0.2,False
2024-02-02,100014.26133989962,0,0,0.0,0.0,0.0002204738617800579,0.00137100663835439,0.4542761006866026,0.5457238993133974,0.2,False
2024-02-05,100014.26133989962,0,0,0.0,0.0,0.0004810835550042725,0.0013864205130406353,0.46261584002833106,0.5373841599716689,0.2,False
2024-02-06,100014.26133989962,0,0,0.0,0.0,0.0006400560165097207,0.001383233394574856,0.46304116750368596,0.536958832496314,0.2,False
2024-02-07,100014.26133989962,0,0,0.0,0.0,0.0003156792746666078,0.0013834042741153257,0.46262304143640376,0.5373769585635962,0.2,False
2024-02-08,100014.26133989962,0,0,0.0,0.0,0.00025369677452365575,0.00138303226225419,0.4624423090242299,0.5375576909757701,0.2,False
2024-02-09,100014.26133989962,0,0,0.0,0.0,0.0003263770962918036,0.0013804204750016158,0.4620894852422056,0.5379105147577944,0.2,False
2024-02-12,100014.26133989962,0,0,0.0,0.0,0.00011547173873618631,0.0013808941264394014,0.46209998229323235,0.5379000177067677,0.2,False
2024-02-13,100014.26133989962,0,0,0.0,0.0,0.0003284534650521954,0.0014155486713810928,0.4788931332856746,0.5211068667143254,0.2,False
2024-02-14,100014.26133989962,0,0,0.0,0.0,0.00027611488943873956,0.0014174553530890241,0.4844663855631404,0.5155336144368596,0.2,False
2024-02-15,100014.26133989962,0,0,0.0,0.0,-1.0720549390804064e-05,0.001442969428677683,0.4920328170911162,0.5079671829088839,0.2,False
2024-02-16,100014.26133989962,0,0,0.0,0.0,-3.5549309837191725e-05,0.0014419014021738597,0.4935384814924248,0.5064615185075751,0.2,False
2024-02-20,100014.26133989962,0,0,0.0,0.0,0.00020631532988087491,0.0014273872559385516,0.494509866728932,0.505490133271068,0.2,False
2024-02-21,100014.26133989962,0,0,0.0,0.0,-1.524634501466771e-06,0.00144287399824422,0.4938496232310026,0.5061503767689974,0.2,False
2024-02-22,100014.26133989962,0,0,0.0,0.0,-5.723976727447787e-07,0.001439833978116946,0.49371639197564504,0.5062836080243549,0.2,False
2024-02-23,100014.26133989962,0,0,0.0,0.0,-0.00011384068990525728,0.0014383520793676465,0.4939261768006738,0.5060738231993263,0.2,False
2024-02-26,100014.26133989962,0,0,0.0,0.0,-9.473060861694725e-05,0.0014397981102965748,0.4941722026533357,0.5058277973466643,0.2,False
2024-02-27,100014.26133989962,0,0,0.0,0.0,0.00040075265101886576,0.001422865958644032,0.4935353558676864,0.5064646441323136,0.2,False
2024-02-28,100014.26133989962,0,0,0.0,0.0,6.524948310689559e-05,0.0014205219258703378,0.48991775773735163,0.5100822422626483,0.2,False
2024-02-29,100014.26133989962,0,0,0.0,0.0,0.00019795829940244097,0.0014156269841753332,0.48818017860701723,0.5118198213929828,0.2,False
2024-03-01,100014.26133989962,0,0,0.0,0.0,0.00024837617212720726,0.0014100410913477747,0.4869241774436245,0.5130758225563755,0.2,False
2024-03-04,100014.26133989962,0,0,0.0,0.0,1.9015301880625237e-05,0.001408385421683941,0.4849420068174142,0.5150579931825858,0.2,False
2024-03-05,100014.26133989962,0,0,0.0,0.0,-7.377828722836908e-05,0.0014492041380504566,0.4842104838996429,0.5157895161003572,0.2,False
2024-03-06,100014.26133989962,0,0,0.0,0.0,0.00037746134988225646,0.0013937644497082917,0.47698403794553706,0.523015962054463,0.2,False
2024-03-07,100014.26133989962,0,0,0.0,0.0,0.00046913188328074164,0.001385891210731664,0.47517711897441317,0.5248228810255868,0.2,False
2024-03-08,100014.26133989962,0,0,0.0,0.0,0.0007108839512833448,0.001387993765050805,0.47620207176655666,0.5237979282334433,0.2,False
2024-03-11,100014.26133989962,0,0,0.0,0.0,-0.00020144259777045523,0.0014626410505894675,0.46785838999797236,0.5321416100020276,0.2,False
2024-03-12,100014.26133989962,0,0,0.0,0.0,-0.0003539785626491827,0.0014645632646344364,0.46613049852300686,0.5338695014769932,0.2,False
2024-03-13,100014.26133989962,0,0,0.0,0.0,-0.000434455039336301,0.001460752777436957,0.46676311926230485,0.5332368807376952,0.2,False
2024-03-14,100014.26133989962,0,0,0.0,0.0,-0.0009316449845171039,0.0014742037580976097,0.4597723497846446,0.5402276502153553,0.2,False
2024-03-15,100014.26133989962,0,0,0.0,0.0,-0.0010908557933294023,0.0014768522233183407,0.4579761459976188,0.5420238540023812,0.2,False
2024-03-18,100014.26133989962,0,0,0.0,0.0,-0.000948514215469156,0.0014765767092275403,0.45761838031661634,0.5423816196833837,0.2,False
2024-03-19,100014.26133989962,0,0,0.0,0.0,-0.0008562833743503383,0.0014765434095349679,0.4575655061680604,0.5424344938319396,0.2,False
2024-03-20,100014.26133989962,0,0,0.0,0.0,-0.0009650952700110706,0.0014681302230498635,0.4607805762699193,0.5392194237300807,0.2,False
2024-03-21,100014.26133989962,0,0,0.0,0.0,-0.0008672459554838366,0.0014671274597522317,0.4618187594122244,0.5381812405877756,0.2,False
2024-03-22,100014.26133989962,0,0,0.0,0.0,-0.0006430152206224897,0.0014652159107015285,0.4660106366195101,0.53398936338049,0.2,False
2024-03-25,100014.26133989962,0,0,0.0,0.0,-0.0003933665474072668,0.0014639490475693094,0.4665430825893555,0.5334569174106445,0.2,False
2024-03-26,100014.26133989962,0,0,0.0,0.0,-0.00045381286723423836,0.0014644617579978052,0.4665048435198363,0.5334951564801638,0.2,False
2024-03-27,100014.26133989962,0,0,0.0,0.0,-0.00010211453845758812,0.0014660573477557792,0.46217763074656926,0.5378223692534307,0.2,False
2024-03-28,100014.26133989962,0,0,0.0,0.0,-0.00041055622393444604,0.0014658492557499236,0.4619772306532584,0.5380227693467416,0.2,False
2024-04-01,100014.26133989962,0,0,0.0,0.0,-0.0005075515530712662,0.0014663916111658309,0.46165338606127365,0.5383466139387263,0.2,False
2024-04-02,100014.26133989962,0,0,0.0,0.0,-0.00036421402743083204,0.0014663415056349928,0.4628563793011739,0.537143620698826,0.2,False
2024-04-03,100014.26133989962,0,0,0.0,0.0,-0.00048260039291045533,0.0014639238696016136,0.46352838659866513,0.5364716134013349,0.2,False
2024-04-04,100014.26133989962,0,0,0.0,0.0,-0.0005410678156804947,0.0014665287258635855,0.46359677585031456,0.5364032241496854,0.2,False
2024-04-05,100014.26133989962,0,0,0.0,0.0,-0.0006202263178423505,0.0014626629953721393,0.46457100332778195,0.5354289966722181,0.2,False
2024-04-08,100014.26133989962,0,0,0.0,0.0,-0.00036825560769346315,0.0014624531086311454,0.4638234196398503,0.5361765803601497,0.2,False
2024-04-09,100014.26133989962,0,0,0.0,0.0,-0.0002940102353289645,0.0014615610347995423,0.4633412748911675,0.5366587251088325,0.2,False
2024-04-10,100014.26133989962,0,0,0.0,0.0,-0.0007594989017214761,0.0014761705613595473,0.4554632664339004,0.5445367335660996,0.2,False
2024-04-11,100014.26133989962,0,0,0.0,0.0,-0.000305986825967453,0.0014770144189276625,0.4552955917837199,0.5447044082162801,0.2,False
2024-04-12,100014.26133989962,0,0,0.0,0.0,-0.0004351795904718475,0.0014814576460973029,0.45671775379619367,0.5432822462038063,0.2,False
2024-04-15,100014.26133989962,0,0,0.0,0.0,-0.00042593816018563597,0.001483564344544384,0.4578642441107403,0.5421357558892597,0.2,False
2024-04-16,100014.26133989962,0,0,0.0,0.0,-0.0011962420233778714,0.0015001226107309344,0.4471490134892834,0.5528509865107166,0.2,False
2024-04-17,100014.26133989962,0,0,0.0,0.0,-0.0007875803361135866,0.0015040598305212456,0.4414875096990177,0.5585124903009824,0.2,False
2024-04-18,100014.26133989962,0,0,0.0,0.0,-0.001357780543303518,0.001508580762972853,0.4383506871392232,0.5616493128607768,0.2,False
2024-04-19,100014.26133989962,0,0,0.0,0.0,-0.0015586094773832899,0.0019684667248571043,0.43984748765175785,0.5601525123482421,0.05,False
2024-04-22,100014.26133989962,0,0,0.0,0.0,-0.0012016861292034693,0.001505915926455887,0.4371715057277619,0.5628284942722381,0.2,False
2024-04-23,100014.26133989962,0,0,0.0,0.0,-0.0011796695186420026,0.001501683884646834,0.4380346526023032,0.5619653473976969,0.2,False
2024-04-24,100014.26133989962,0,0,0.0,0.0,-0.0009625265742197168,0.0014993439770499457,0.44160848696845184,0.5583915130315482,0.2,False
2024-04-25,100014.26133989962,0,0,0.0,0.0,-0.0014340080461582095,0.0015001606487036077,0.4415789711361775,0.5584210288638225,0.2,False
2024-04-26,100014.26133989962,0,0,0.0,0.0,-0.0012552120858493878,0.0015001393850240206,0.44079203776755765,0.5592079622324424,0.2,False
2024-04-29,100014.26133989962,0,0,0.0,0.0,-0.0008343799060761975,0.0015017995354260345,0.43780506279334536,0.5621949372066546,0.2,False
2024-04-30,100014.26133989962,0,0,0.0,0.0,-0.00102288641753138,0.001506324427175535,0.44016750151839923,0.5598324984816008,0.2,False
2024-05-01,100014.26133989962,0,0,0.0,0.0,-0.0010400006051365328,0.0015051973607022057,0.4404431383526097,0.5595568616473903,0.2,False
2024-05-02,100014.26133989962,0,0,0.0,0.0,-0.0006060204190137949,0.0015057600329348867,0.43616939813324807,0.5638306018667519,0.2,False
2024-05-03,100014.26133989962,0,0,0.0,0.0,-0.00014074903556023983,0.0015070953494981255,0.4315079103396556,0.5684920896603445,0.2,False
2024-05-06,100014.26133989962,0,0,0.0,0.0,-0.00036109073757500704,0.001497380063945182,0.43674218006592663,0.5632578199340734,0.2,False
2024-05-07,100014.26133989962,0,0,0.0,0.0,0.0003013119083560077,0.0013296558242276088,0.4363267592942986,0.5636732407057015,0.2,False
2024-05-08,100014.26133989962,0,0,0.0,0.0,0.00015153594146639205,0.0013299693196947224,0.4357501428805673,0.5642498571194328,0.2,False
2024-05-09,100014.26133989962,0,0,0.0,0.0,-0.00044989065271350016,0.0014938728638207342,0.4391117044150292,0.5608882955849708,0.2,False
2024-05-10,100014.26133989962,0,0,0.0,0.0,-0.00032746593287306605,0.001492928880181522,0.44025089408555634,0.5597491059144437,0.2,False
2024-05-13,100014.26133989962,0,0,0.0,0.0,-0.00010799665841952914,0.0014918685311842272,0.4408111937909942,0.5591888062090058,0.2,False
2024-05-14,100014.26133989962,0,0,0.0,0.0,0.00017428303647805813,0.0013338263964344421,0.4401091096681402,0.5598908903318598,0.2,False
2024-05-15,100014.26133989962,0,0,0.0,0.0,0.0007711014706507407,0.0013227404011841315,0.4345813398981638,0.5654186601018363,0.2,False
2024-05-16,100014.26133989962,0,0,0.0,0.0,0.001005715052935231,0.001319241608345734,0.43311874816437,0.56688125183563,0.2,False
2024-05-17,100014.26133989962,0,0,0.0,0.0,0.0007942107476120258,0.0013210983709360355,0.43493645982696655,0.5650635401730335,0.2,False
2024-05-20,100014.26133989962,0,0,0.0,0.0,0.0003806318573540549,0.001319423035428414,0.4332351770155142,0.5667648229844858,0.2,False
2024-05-21,100014.26133989962,0,0,0.0,0.0,0.0005861381318683984,0.001319733403386284,0.4335460835511583,0.5664539164488417,0.2,False
2024-05-22,100014.26133989962,0,0,0.0,0.0,-2.6304962051037502e-05,0.0015080761906537338,0.42551111031873246,0.5744888896812675,0.2,False
2024-05-23,100014.26133989962,0,0,0.0,0.0,0.00016858373605516306,0.0013188285580281627,0.42780268433334334,0.5721973156666567,0.2,False
2024-05-24,100014.26133989962,0,0,0.0,0.0,4.929907194647263e-05,0.0013210193915435123,0.4320709646737805,0.5679290353262195,0.2,False
2024-05-28,100014.26133989962,0,0,0.0,0.0,-2.7937236892554564e-05,0.001500475692665425,0.4328429286754138,0.5671570713245861,0.2,False
2024-05-29,100014.26133989962,0,0,0.0,0.0,0.0002314088371353838,0.0013530815449734202,0.4481305647477306,0.5518694352522694,0.2,False
2024-05-30,100014.26133989962,0,0,0.0,0.0,0.00016804156176637453,0.0013578681455265538,0.45370373384645024,0.5462962661535498,0.2,False
2024-05-31,100014.26133989962,0,0,0.0,0.0,-0.00016815105379933173,0.0014659646738000229,0.4618415753182173,0.5381584246817828,0.2,False
2024-06-03,100014.26133989962,0,0,0.0,0.0,0.0008941154464303929,0.0013714060774489818,0.4652855948558254,0.5347144051441746,0.2,False
2024-06-04,100014.26133989962,0,0,0.0,0.0,0.0010295938404523556,0.001375954610193078,0.46777530198253225,0.5322246980174677,0.2,False
2024-06-05,100014.26133989962,0,0,0.0,0.0,0.00145318144222111,0.0018490393036129191,0.4654381238482737,0.5345618761517263,0.05,False
2024-06-06,100014.26133989962,0,0,0.0,0.0,0.0015688311786387903,0.0018462737233430517,0.46472599351353017,0.5352740064864698,0.05,False
2024-06-07,100014.26133989962,0,0,0.0,0.0,0.0014787854670755298,0.0018458393770250053,0.46570606852118285,0.5342939314788171,0.05,False
2024-06-10,100014.26133989962,0,0,0.0,0.0,0.001404380555535807,0.001844373152946368,0.4660643193460629,0.533935680653937,0.05,False
2024-06-11,100014.26133989962,0,0,0.0,0.0,0.0011959426068737953,0.0013792916113371883,0.4649168478525214,0.5350831521474786,0.2,False
2024-06-12,100014.26133989962,0,0,0.0,0.0,0.001817399409027412,0.001842992201684293,0.4597471764924481,0.5402528235075519,0.05,False
2024-06-13,100014.26133989962,0,0,0.0,0.0,0.0023675800995222357,0.0018428078994093531,0.4652946971419989,0.5347053028580011,0.05,False
2024-06-14,100011.20148938292,-95,73,4955.970081329346,378.8700523376465,0.0019147503420960162,0.0018438945924460417,0.46453964732403963,0.5354603526759604,0.05,False
2024-06-17,99999.6071181208,-95,73,4958.239952087402,367.83998107910156,0.0022399755203997675,0.0018450042768590872,0.46416729963115416,0.5358327003688459,0.05,False
2024-06-18,99976.68849489259,-95,73,4986.810062408447,345.1100044250488,0.002939124319284509,0.0018446336110722,0.46005973054301735,0.5399402694569826,0.05,False
2024-06-20,99974.91713468233,-95,73,4991.119979858398,343.72015380859375,0.002868698697037725,0.0018446516573149838,0.45924903554196583,0.5407509644580342,0.05,False
2024-06-21,99979.62603464069,-95,73,4978.920202255249,348.6200428009033,0.002597626065617669,0.0018350242877496652,0.45838346386018514,0.5416165361398149,0.05,False
2024-06-24,100013.57535355812,-95,73,5030.5400466918945,383.14022064208984,0.0016926597816429348,0.00185305134422382,0.47092713211100246,0.5290728678889975,0.05,False
2024-06-25,100003.30413381128,-95,73,5031.860076904297,373.0599899291992,0.0019469399329735103,0.0018541432692906425,0.47356517940266674,0.5264348205973333,0.05,False
2024-06-26,100023.14273036587,-95,73,4998.690000534058,393.09004402160645,0.0012708702265994925,0.0013838510514767558,0.46844486406805225,0.5315551359319477,0.2,False
2024-06-27,100023.2235911996,-95,73,5040.7600021362305,393.3601760864258,0.001345318547413607,0.0013789205529480889,0.4676677139602654,0.5323322860397346,0.2,False
2024-06-28,100016.39240822644,-95,73,5028.420040130615,386.7199821472168,0.0014658677564146256,0.001853442686217383,0.46802196561451015,0.5319780343854899,0.05,False
2024-07-01,100009.60765476248,0,0,0.0,0.0,0.0011524226909929883,0.0013826657688757067,0.4683419069946021,0.5316580930053979,0.2,False
2024-07-02,100009.60765476248,0,0,0.0,0.0,0.0007384296066187685,0.0013893395743617785,0.473900239984524,0.526099760015476,0.2,False
2024-07-03,100009.60765476248,0,0,0.0,0.0,0.0008106517865334653,0.00138556755780193,0.47544148969038447,0.5245585103096155,0.2,False
2024-07-05,100009.60765476248,0,0,0.0,0.0,0.0014344783391063308,0.00186314502589695,0.476182978280014,0.523817021719986,0.05,False
2024-07-08,100009.60765476248,0,0,0.0,0.0,0.0008477185877649114,0.0013816108023936152,0.4719844057165156,0.5280155942834843,0.2,False
2024-07-09,100009.60765476248,0,0,0.0,0.0,0.001076252668116248,0.0013812494410292632,0.47171346512439755,0.5282865348756025,0.2,False
2024-07-10,100009.60765476248,0,0,0.0,0.0,0.0010284562388898006,0.001382019765955726,0.47523901126319495,0.524760988736805,0.2,False
2024-07-11,100009.60765476248,0,0,0.0,0.0,0.0008893508878677199,0.0013824627482402424,0.4772724028893787,0.5227275971106213,0.2,False
2024-07-12,100009.60765476248,0,0,0.0,0.0,0.0013263668868178707,0.001371977108588302,0.47171992302405014,0.5282800769759499,0.2,False
2024-07-15,100009.60765476248,0,0,0.0,0.0,0.0010976437461926469,0.0013691863997934385,0.46942664426880765,0.5305733557311924,0.2,False
2024-07-16,100009.60765476248,0,0,0.0,0.0,0.0005848375787742108,0.0013736126712993943,0.47393468904364056,0.5260653109563594,0.2,False
2024-07-17,100009.60765476248,0,0,0.0,0.0,0.0005665337773648361,0.001378497182827228,0.4755567942392922,0.5244432057607078,0.2,False
2024-07-18,100009.60765476248,0,0,0.0,0.0,0.0003298774366330363,0.0013769067879734083,0.4726982043332793,0.5273017956667208,0.2,False
2024-07-19,100009.60765476248,0,0,0.0,0.0,8.20511481914433e-05,0.001374069532917681,0.47019443529036703,0.5298055647096329,0.2,False
2024-07-22,100009.60765476248,0,0,0.0,0.0,-0.000118250611050787,0.001450195099142054,0.47144056095300757,0.5285594390469924,0.2,False
2024-07-23,100009.60765476248,0,0,0.0,0.0,-6.126220302265825e-05,0.0014498208123226131,0.47316443219875604,0.526835567801244,0.2,False
2024-07-24,100009.60765476248,0,0,0.0,0.0,-0.00051878171500245,0.0014644155532878651,0.464601334939642,0.5353986650603579,0.2,False
2024-07-25,100009.60765476248,0,0,0.0,0.0,-0.0006894477690254368,0.0014694079522823884,0.46196889368075433,0.5380311063192457,0.2,False
2024-07-26,100009.60765476248,0,0,0.0,0.0,-0.00039551270079376784,0.0014708464515217883,0.4569633479723905,0.5430366520276095,0.2,False
2024-07-29,100009.60765476248,0,0,0.0,0.0,-0.0005924267419674384,0.0014757506277354058,0.45458307336434334,0.5454169266356567,0.2,False
2024-07-30,100009.60765476248,0,0,0.0,0.0,-0.00042408612589808027,0.0014755237242324597,0.4529286730955878,0.5470713269044122,0.2,False
2024-07-31,100009.60765476248,0,0,0.0,0.0,-0.0004517077219306131,0.0014672607994030272,0.4564646232744489,0.5435353767255511,0.2,False
2024-08-01,100009.60765476248,0,0,0.0,0.0,-0.0006284576203500334,0.001466607318827232,0.46298865274075046,0.5370113472592495,0.2,False
2024-08-02,100009.60765476248,0,0,0.0,0.0,-0.0002613089607587671,0.0014583622191415486,0.4755377164842474,0.5244622835157526,0.2,False
2024-08-05,100009.60765476248,0,0,0.0,0.0,-0.0012051951030763526,0.0014857587706361148,0.460214790551014,0.539785209448986,0.2,False
2024-08-06,100009.60765476248,0,0,0.0,0.0,-0.0010129457950251743,0.0014848873123578402,0.45660632308531685,0.5433936769146832,0.2,False
2024-08-07,100009.60765476248,0,0,0.0,0.0,-0.0010817697010093962,0.00148606791078505,0.45584240498166445,0.5441575950183355,0.2,False
2024-08-08,100009.60765476248,0,0,0.0,0.0,-0.0007106711494950002,0.001482585142181186,0.45290302791204845,0.5470969720879515,0.2,False
2024-08-09,100009.60765476248,0,0,0.0,0.0,-0.0005218666675324234,0.001481794466171414,0.4516709387747141,0.5483290612252859,0.2,False
2024-08-12,100009.60765476248,0,0,0.0,0.0,-0.0007281341271587521,0.0014820662672314262,0.45142111003110513,0.5485788899688948,0.2,False
2024-08-13,100009.60765476248,0,0,0.0,0.0,-0.0006175518023952858,0.0014765988872594887,0.4520806251715378,0.5479193748284622,0.2,False
2024-08-14,100009.60765476248,0,0,0.0,0.0,-0.0013520113555223646,0.001476759783203088,0.4518429300870831,0.5481570699129169,0.2,False
2024-08-15,100009.60765476248,0,0,0.0,0.0,-0.001472136844088808,0.0019561895834559486,0.4536358810117662,0.5463641189882338,0.05,False
2024-08-16,100009.60765476248,0,0,0.0,0.0,-0.0010841620223378708,0.0014715291464448448,0.45221125569978743,0.5477887443002125,0.2,False
2024-08-19,100009.60765476248,0,0,0.0,0.0,-0.0003991903831640847,0.0014731686261323226,0.4463771326317948,0.5536228673682052,0.2,False
2024-08-20,100009.60765476248,0,0,0.0,0.0,-0.0005739768714276845,0.0014766114731427718,0.4447155249623713,0.5552844750376287,0.2,False
2024-08-21,100009.60765476248,0,0,0.0,0.0,-0.00020233217209511417,0.0014773716612124412,0.4427268319578295,0.5572731680421705,0.2,False
2024-08-22,100009.60765476248,0,0,0.0,0.0,-0.0005500291274689882,0.0014818240110324322,0.4406078729151916,0.5593921270848083,0.2,False
2024-08-23,100009.60765476248,0,0,0.0,0.0,-0.0001796067616894604,0.0014756876179513835,0.4391934076525992,0.5608065923474008,0.2,False
2024-08-26,100009.60765476248,0,0,0.0,0.0,-0.0005021425907214702,0.0014768188387697773,0.43878198869893414,0.5612180113010659,0.2,False
2024-08-27,100009.60765476248,0,0,0.0,0.0,-0.0005830326895761269,0.0014776326723088924,0.43862222403200185,0.5613777759679981,0.2,False
2024-08-28,100009.60765476248,0,0,0.0,0.0,-0.00016983300365950725,0.00147553232395211,0.44133643526925,0.5586635647307501,0.2,False
2024-08-29,100009.60765476248,0,0,0.0,0.0,0.00018693618056026285,0.0013174475246190075,0.44051938876193647,0.5594806112380635,0.2,False
2024-08-30,100009.60765476248,0,0,0.0,0.0,-0.0006608572142771171,0.0014762227906424045,0.4388606884288778,0.5611393115711222,0.2,False
2024-09-03,100009.60765476248,0,0,0.0,0.0,-0.0004434605369851591,0.0014728667336544917,0.44607813956193815,0.5539218604380618,0.2,False
2024-09-04,100009.60765476248,0,0,0.0,0.0,-0.000664394537902136,0.0014710910213721533,0.44747530652367346,0.5525246934763266,0.2,False
2024-09-05,100009.60765476248,0,0,0.0,0.0,-0.0002185058786455549,0.001469493100096476,0.44791541602087875,0.5520845839791213,0.2,False
2024-09-06,100009.60765476248,0,0,0.0,0.0,-0.000603231193317764,0.0014780624273511211,0.4456312829273094,0.5543687170726905,0.2,False
2024-09-09,100009.60765476248,0,0,0.0,0.0,-0.000223054755131518,0.0014762082513302254,0.4425863013583906,0.5574136986416094,0.2,False
2024-09-10,100009.60765476248,0,0,0.0,0.0,-0.00018286606841571142,0.0014776507100818328,0.44265366256147515,0.5573463374385248,0.2,False
2024-09-11,100009.60765476248,0,0,0.0,0.0,-0.0005843941091167918,0.0014705900322330668,0.44683028151758564,0.5531697184824144,0.2,False
2024-09-12,100009.60765476248,0,0,0.0,0.0,-5.6326443065654026e-05,0.0014697361318247663,0.4436338237467015,0.5563661762532985,0.2,False
2024-09-13,100009.60765476248,0,0,0.0,0.0,-0.0005083510025471976,0.0014718596082576407,0.44240212447894883,0.5575978755210511,0.2,False
2024-09-16,100009.60765476248,0,0,0.0,0.0,4.4220308240556296e-05,0.0013101235179697206,0.4386157774040808,0.5613842225959191,0.2,False
2024-09-17,100009.60765476248,0,0,0.0,0.0,-0.00014206275363929177,0.0014752523709745799,0.43736490178707416,0.5626350982129258,0.2,False
2024-09-18,100009.60765476248,0,0,0.0,0.0,3.348315082133269e-05,0.00131307699053285,0.43830739585151196,0.561692604148488,0.2,False
2024-09-19,100009.60765476248,0,0,0.0,0.0,0.0006337962675308578,0.0012995209064763861,0.43393436665383534,0.5660656333461647,0.2,False
2024-09-20,100009.60765476248,0,0,0.0,0.0,-9.030917308036014e-05,0.0014813830929289783,0.4289503637301528,0.5710496362698472,0.2,False
2024-09-23,100009.60765476248,0,0,0.0,0.0,-0.00013146397192435985,0.0014806379547619745,0.4283121783749296,0.5716878216250705,0.2,False
2024-09-24,100009.60765476248,0,0,0.0,0.0,-5.95374358617027e-05,0.0014785213762399385,0.42846513492063326,0.5715348650793668,0.2,False
2024-09-25,100009.60765476248,0,0,0.0,0.0,-0.0007714558878876497,0.0014874270643892389,0.42332482405369753,0.5766751759463025,0.2,False
2024-09-26,100009.60765476248,0,0,0.0,0.0,0.0001688267966189672,0.0012702524641876453,0.4152302713666313,0.5847697286333686,0.2,False
2024-09-27,100009.60765476248,0,0,0.0,0.0,0.0006892284068633355,0.001270823215290901,0.41519634572815534,0.5848036542718447,0.2,False
2024-09-30,100009.60765476248,0,0,0.0,0.0,0.0007005151061150103,0.0012705322844012398,0.4151891684821057,0.5848108315178944,0.2,False
2024-10-01,100009.60765476248,0,0,0.0,0.0,-1.0719968765316074e-05,0.001497338916102723,0.41276924300490847,0.5872307569950915,0.2,False
2024-10-02,100009.60765476248,0,0,0.0,0.0,2.144681802435158e-05,0.0012668075851226686,0.4124829630338379,0.5875170369661621,0.2,False
2024-10-03,100009.60765476248,0,0,0.0,0.0,-0.0004113795414867313,0.001501333645255132,0.4109329786401233,0.5890670213598768,0.2,False
2024-10-04,100009.60765476248,0,0,0.0,0.0,-0.0013241041113463687,0.0015030811914211522,0.40937900552283474,0.5906209944771652,0.2,False
2024-10-07,100009.60765476248,0,0,0.0,0.0,-0.001114516423637983,0.0015029228018355277,0.41115201868395657,0.5888479813160434,0.2,False
2024-10-08,100009.60765476248,0,0,0.0,0.0,-0.000811037815529843,0.0014996131554757338,0.4144332631283071,0.5855667368716929,0.2,False
2024-10-09,100009.60765476248,0,0,0.0,0.0,-0.001387370142791562,0.0014986392901874673,0.4153588380278454,0.5846411619721545,0.2,False
2024-10-10,100009.60765476248,0,0,0.0,0.0,-0.0011689234488573294,0.0014979950441167584,0.41526076983692345,0.5847392301630765,0.2,False
2024-10-11,100009.60765476248,0,0,0.0,0.0,-0.001027086250550408,0.0014964790784146435,0.4149907710822707,0.5850092289177293,0.2,False
2024-10-14,100009.60765476248,0,0,0.0,0.0,-0.0009577042956545926,0.0014969286533588724,0.4149888918031337,0.5850111081968663,0.2,False
2024-10-15,100009.60765476248,0,0,0.0,0.0,-0.0011727173885965883,0.0014983412109630472,0.4147160893418668,0.5852839106581331,0.2,False
2024-10-16,100009.60765476248,0,0,0.0,0.0,-0.0016171058551094992,0.0019963171165369555,0.418067138434437,0.581932861565563,0.05,False
2024-10-17,100009.60765476248,0,0,0.0,0.0,-0.001624271539399634,0.0019962822979636627,0.41884042145529454,0.5811595785447055,0.05,False
2024-10-18,100009.60765476248,0,0,0.0,0.0,-0.0016156906470522114,0.0020016022981581734,0.4191051397006331,0.5808948602993669,0.05,False
2024-10-21,100009.60765476248,0,0,0.0,0.0,-0.0020873264261689743,0.0020029131591900486,0.4168011108659399,0.58319888913406,0.05,False
2024-10-22,100006.53095937696,79,-69,4950.639930725098,-820.5200271606441,-0.002326924886722551,0.0020044904545365567,0.4159478810235207,0.5840521189764794,0.05,False
2024-10-23,100003.29379604918,79,-69,4906.240043640137,-823.52001953125,-0.00255611022630379,0.0020027270068036338,0.41585901641570805,0.5841409835842919,0.05,False
2024-10-24,100020.4284226642,79,-69,4912.569887161255,-806.149923324585,-0.0019011933989305121,0.0020074596213326902,0.41479136536892364,0.5852086346310763,0.05,False
2024-10-25,100023.7134129614,79,-69,4877.450061798096,-802.6299171447754,-0.0018914846888000668,0.00200531252120907,0.41631087942890477,0.5836891205710952,0.05,False
2024-10-28,100013.07299507991,79,-69,4904.7699909210205,-812.5700511932373,-0.0019997542165849647,0.0020015352023223646,0.41827090422660024,0.5817290957733998,0.05,False
2024-10-29,100009.65800126265,79,-69,4879.509977340698,-815.7500858306885,-0.002127122596946948,0.001998535070648584,0.41847850943520887,0.5815214905647912,0.05,False
2024-10-30,100001.12406086839,79,-69,4865.689962387085,-824.0499744415283,-0.002338751891652379,0.00200226571496224,0.4176937219471605,0.5823062780528395,0.05,False
2024-10-31,100024.12016681716,79,-69,4806.12010383606,-800.8200435638428,-0.0018544251002488936,0.0019862855601620105,0.42925484120914853,0.5707451587908514,0.05,False
2024-11-01,100029.02997479815,79,-69,4816.779933929443,-795.6798133850098,-0.0011678394742647856,0.0014872940003925197,0.43095640315195255,0.5690435968480474,0.2,False
2024-11-04,100014.83769964206,79,-69,4835.020069122314,-809.1801414489746,-0.0013431603810166988,0.0014846794540786471,0.43305956413036195,0.566940435869638,0.2,False
2024-11-05,100010.63508591923,0,0,0.0,0.0,-0.0011243066567993322,0.0014805665865581783,0.43221709537786446,0.5677829046221355,0.2,False
2024-11-06,100010.63508591923,0,0,0.0,0.0,-0.001618472038985199,0.0019856746117563277,0.43124236125722754,0.5687576387427724,0.05,False
2024-11-07,100010.63508591923,0,0,0.0,0.0,-0.0008715673690323206,0.0014967754230721477,0.41357276011884236,0.5864272398811576,0.2,False
2024-11-08,100010.63508591923,0,0,0.0,0.0,-0.0012427582000943825,0.001508320174359781,0.40722405987887206,0.5927759401211279,0.2,False
2024-11-11,100010.63508591923,0,0,0.0,0.0,-0.0014131415940765862,0.0015089981901249452,0.406394886527554,0.593605113472446,0.2,False
2024-11-12,100010.63508591923,0,0,0.0,0.0,-0.002503130734979143,0.0020225585993142105,0.4,0.6,0.05,False
2024-11-13,100007.54898372563,78,-71,4981.719974517822,-1002.1599388122559,-0.002207635151434323,0.0020227442752694673,0.4,0.6,0.05,False
2024-11-14,100015.46283800335,78,-71,4981.360088348389,-994.000171661377,-0.0019415370418558364,0.0020217347603776,0.4,0.6,0.05,False
2024-11-15,100041.55733644069,78,-71,4956.580062866211,-967.6601104736328,-0.001475461288562947,0.0015157991550891958,0.4026262576574138,0.5973737423425862,0.2,False
2024-11-18,100046.11715376038,78,-71,5005.889919281006,-962.3699073791504,-0.001184787206025191,0.0015152910792769869,0.4006695663418965,0.5993304336581036,0.2,False
2024-11-19,100045.28182925025,78,-71,5040.799865722656,-962.9599609374998,-0.0010499173142536251,0.0015132009418511842,0.4,0.6,0.2,False
2024-11-20,100037.52508962873,78,-71,5023.349899291992,-970.469970703125,-0.0011851462871910446,0.0015147989924854312,0.4,0.6,0.2,False
2024-11-21,100005.72881861821,78,-71,5095.459884643555,-1002.0199203491211,-0.0014437816120675994,0.0014963295025122586,0.4119871416427852,0.5880128583572148,0.2,False
2024-11-22,100009.58804713185,78,-71,5103.830062866211,-997.9101104736328,-0.0012951923188577676,0.0014940522165991003,0.4144214706308617,0.5855785293691382,0.2,False
2024-11-25,100014.51590780029,78,-71,5098.149932861328,-992.22998046875,-0.0011709820790444258,0.0014928762765964512,0.4155598772408992,0.5844401227591007,0.2,False
2024-11-26,100007.55565346261,78,-71,5050.259838104248,-998.9399452209473,-0.0013672314276484685,0.0014982189028304137,0.41405042908676354,0.5859495709132365,0.2,False
2024-11-27,100009.7377604013,0,0,0.0,0.0,-0.001122250051044636,0.001497724216568601,0.41141836540923094,0.5885816345907691,0.2,False
2024-11-29,100009.7377604013,0,0,0.0,0.0,-0.0012043581085192361,0.0014919857969225311,0.41406390049867614,0.5859360995013239,0.2,False
2024-12-02,100009.7377604013,0,0,0.0,0.0,-0.00031767313596807846,0.0014918826130555344,0.41580902892245536,0.5841909710775446,0.2,False
2024-12-03,100009.7377604013,0,0,0.0,0.0,-0.0003083551231642054,0.0014909179520207966,0.41671409340002635,0.5832859065999736,0.2,False
2024-12-04,100009.7377604013,0,0,0.0,0.0,-0.0003515623543634041,0.0014936312944650205,0.41573603583876606,0.5842639641612339,0.2,False
2024-12-05,100009.7377604013,0,0,0.0,0.0,-0.0004376685021587047,0.001490493263198937,0.41744189906440055,0.5825581009355995,0.2,False
2024-12-06,100009.7377604013,0,0,0.0,0.0,-0.0004755362765957198,0.0014935231664175079,0.41770041222538096,0.5822995877746191,0.2,False
2024-12-09,100009.7377604013,0,0,0.0,0.0,-0.0002832948290927345,0.0014994908182313072,0.41208895620017705,0.587911043799823,0.2,False
2024-12-10,100009.7377604013,0,0,0.0,0.0,-0.0004102186077410999,0.001512352667286341,0.40287567184527207,0.5971243281547279,0.2,False
2024-12-11,100009.7377604013,0,0,0.0,0.0,-0.00043695076922248917,0.0015130278070097604,0.4020658035812164,0.5979341964187836,0.2,False
2024-12-12,100009.7377604013,0,0,0.0,0.0,-0.00044164945401910455,0.001509814401394008,0.40888026287516166,0.5911197371248383,0.2,False
2024-12-13,100009.7377604013,0,0,0.0,0.0,-0.0004293507472820533,0.0015085352107124027,0.410936829913946,0.589063170086054,0.2,False
2024-12-16,100009.7377604013,0,0,0.0,0.0,-0.0003390612726778438,0.001507951591548214,0.41231075187234845,0.5876892481276516,0.2,False
2024-12-17,100009.7377604013,0,0,0.0,0.0,-0.00023440417037357477,0.0015103862740027997,0.4138357959294692,0.5861642040705308,0.2,False
2024-12-18,100009.7377604013,0,0,0.0,0.0,-0.0002675118696197696,0.0015049251732265861,0.42707852413850783,0.5729214758614922,0.2,False
2024-12-19,100009.7377604013,0,0,0.0,0.0,-0.00026593348109948576,0.0015031658606748926,0.43021746663578375,0.5697825333642162,0.2,False
2024-12-20,100009.7377604013,0,0,0.0,0.0,-0.0003592814727513227,0.0014990668212370702,0.43373342220542893,0.566266577794571,0.2,False
2024-12-23,100009.7377604013,0,0,0.0,0.0,-0.0002638517817891565,0.0015007129325342115,0.4296011483057184,0.5703988516942816,0.2,False
2024-12-24,100009.7377604013,0,0,0.0,0.0,-0.00029375160373281355,0.001496896741909307,0.43112267844978197,0.5688773215502181,0.2,False
2024-12-26,100009.7377604013,0,0,0.0,0.0,-0.00022158107814662764,0.0014968703590838308,0.43023935996412155,0.5697606400358785,0.2,False
2024-12-27,100009.7377604013,0,0,0.0,0.0,-0.00027149359235937453,0.0015017187975173028,0.42849303101058256,0.5715069689894174,0.2,False
2024-12-30,100009.7377604013,0,0,0.0,0.0,-0.0002657175995127061,0.0015031910620939527,0.4283164721061371,0.5716835278938629,0.2,False
2024-12-31,100009.7377604013,0,0,0.0,0.0,-0.00036299095722715056,0.0015024856274089735,0.42932022695316996,0.57067977304683,0.2,False
2025-01-02,100009.7377604013,0,0,0.0,0.0,-0.0004616477468741423,0.0015007019458349092,0.4292906769293052,0.5707093230706948,0.2,False
2025-01-03,100009.7377604013,0,0,0.0,0.0,-0.0003615625009360104,0.0015015256276977008,0.42594453389998904,0.574055466100011,0.2,False
2025-01-06,100009.7377604013,0,0,0.0,0.0,-0.00035688235242999593,0.0015004730106402435,0.4259302944554262,0.5740697055445738,0.2,False
2025-01-07,100009.7377604013,0,0,0.0,0.0,-0.00031811663099124213,0.0015011135054501838,0.42736396766979,0.57263603233021,0.2,False
2025-01-08,100009.7377604013,0,0,0.0,0.0,-0.00030259847681462034,0.00149803633178598,0.4280899719410521,0.571910028058948,0.2,False
2025-01-10,100009.7377604013,0,0,0.0,0.0,-0.00033096062555572456,0.0014993750501048407,0.4332995990711275,0.5667004009288725,0.2,False
2025-01-13,100009.7377604013,0,0,0.0,0.0,-0.00020087341659617575,0.0014983792076277921,0.4342619448289534,0.5657380551710466,0.2,False
2025-01-14,100009.7377604013,0,0,0.0,0.0,-0.0002168001233121615,0.0014942557138233057,0.4357304881626428,0.5642695118373572,0.2,False
2025-01-15,100009.7377604013,0,0,0.0,0.0,-0.00013826834987194542,0.0014921749838046373,0.4345219283455343,0.5654780716544656,0.2,False
2025-01-16,100009.7377604013,0,0,0.0,0.0,-0.00010523079645518394,0.001491442023957986,0.4344494236173253,0.5655505763826747,0.2,False
2025-01-17,100009.7377604013,0,0,0.0,0.0,-0.00021037520428616866,0.0014918428540649955,0.43460364500342247,0.5653963549965775,0.2,False
2025-01-21,100009.7377604013,0,0,0.0,0.0,-0.00010812519836709188,0.001487875233727298,0.43285997902322587,0.5671400209767741,0.2,False
2025-01-22,100009.7377604013,0,0,0.0,0.0,-8.864485991034005e-05,0.001489157674273933,0.43307332307825325,0.5669266769217467,0.2,False
2025-01-23,100009.7377604013,0,0,0.0,0.0,-0.00021018620656124338,0.001483003325870493,0.4367135153582571,0.5632864846417429,0.2,False
2025-01-24,100009.7377604013,0,0,0.0,0.0,-0.00017389743519261887,0.001480512654516099,0.43717666133425664,0.5628233386657433,0.2,False
2025-01-27,100009.7377604013,0,0,0.0,0.0,-5.088157414812834e-05,0.0014776107062540267,0.44070048234429243,0.5592995176557076,0.2,False
2025-01-28,100009.7377604013,0,0,0.0,0.0,-0.0001144246415133781,0.0014784775414171001,0.44104729969176276,0.5589527003082373,0.2,False
2025-01-29,100009.7377604013,0,0,0.0,0.0,-0.00025688580824084604,0.0014791018538950743,0.4399756728723804,0.5600243271276196,0.2,False
2025-01-30,100009.7377604013,0,0,0.0,0.0,-0.00015667286543724905,0.0014799965808354684,0.4368417923427737,0.5631582076572264,0.2,False
2025-01-31,100009.7377604013,0,0,0.0,0.0,-0.00014238201204377449,0.0014807977780259018,0.4404460550012481,0.5595539449987519,0.2,False
2025-02-03,100009.7377604013,0,0,0.0,0.0,0.0,0.0014710517782238965,0.45174172120394324,0.5482582787960568,0.2,False
2025-02-04,100009.7377604013,0,0,0.0,0.0,0.0,0.0014517382881933812,0.4641641632605215,0.5358358367394784,0.2,False
2025-02-05,100009.7377604013,0,0,0.0,0.0,0.0,0.0014433597720714412,0.468052491232353,0.5319475087676471,0.2,False
2025-02-06,100009.7377604013,0,0,0.0,0.0,0.0,0.0014428614205224326,0.46824072191870053,0.5317592780812994,0.2,False
2025-02-07,100009.7377604013,0,0,0.0,0.0,0.0,0.0014467898833212523,0.4666934569299772,0.5333065430700228,0.2,False
2025-02-10,100009.7377604013,0,0,0.0,0.0,0.0,0.0014425536106571393,0.4680988471592127,0.5319011528407873,0.2,False
2025-02-11,100009.7377604013,0,0,0.0,0.0,0.0,0.0014425527978093437,0.46817578850499075,0.5318242114950092,0.2,False
2025-02-12,100009.7377604013,0,0,0.0,0.0,0.0,0.001444146347794446,0.4659299727660839,0.5340700272339161,0.2,False
2025-02-13,100009.7377604013,0,0,0.0,0.0,0.0,0.0014402024145226807,0.46486498217266814,0.5351350178273319,0.2,False
2025-02-14,100009.7377604013,0,0,0.0,0.0,0.0,0.0014414775985862535,0.46612756465473626,0.5338724353452637,0.2,False
2025-02-18,100009.7377604013,0,0,0.0,0.0,0.0,0.0014403649504122237,0.46731997990661384,0.5326800200933861,0.2,False
2025-02-19,100009.7377604013,0,0,0.0,0.0,0.0,0.0014512032745896829,0.4606295451894517,0.5393704548105482,0.2,False
2025-02-20,100009.7377604013,0,0,0.0,0.0,0.0,0.0014521307276454988,0.45914707562515183,0.5408529243748481,0.2,False
2025-02-21,100009.7377604013,0,0,0.0,0.0,0.0,0.0014615109942014068,0.4563151144273201,0.5436848855726799,0.2,False
2025-02-24,100009.7377604013,0,0,0.0,0.0,0.0,0.0014612074659376283,0.4559398581391042,0.5440601418608958,0.2,False
2025-02-25,100009.7377604013,0,0,0.0,0.0,0.0,0.0014631364046841018,0.4555180156326622,0.5444819843673379,0.2,False
2025-02-26,100009.7377604013,0,0,0.0,0.0,0.0,0.0014645878742103287,0.4550481063895396,0.5449518936104605,0.2,False
2025-02-27,100009.7377604013,0,0,0.0,0.0,0.0,0.0014648227044537234,0.45890325745027233,0.5410967425497277,0.2,False
2025-02-28,100009.7377604013,0,0,0.0,0.0,0.0,0.0014570680326675967,0.4642584400091776,0.5357415599908224,0.2,False
2025-03-03,100009.7377604013,0,0,0.0,0.0,0.0,0.0014432832488937824,0.47983199367417095,0.520168006325829,0.2,False
2025-03-04,100009.7377604013,0,0,0.0,0.0,0.0,0.0014293811374036802,0.4933354404760721,0.5066645595239279,0.2,False
2025-03-05,100009.7377604013,0,0,0.0,0.0,0.0,0.001412408092163581,0.5022425929492577,0.49775740705074234,0.2,False
2025-03-06,100009.7377604013,0,0,0.0,0.0,0.0,0.0014207953160733978,0.4986412328038643,0.5013587671961357,0.2,False
2025-03-07,100009.7377604013,0,0,0.0,0.0,0.0,0.0014231896281933882,0.497522957758023,0.502477042241977,0.2,False
2025-03-10,100009.7377604013,0,0,0.0,0.0,0.0,0.001429474063697682,0.49796217017752936,0.5020378298224706,0.2,False
2025-03-11,100009.7377604013,0,0,0.0,0.0,0.0,0.001430592514678505,0.4983196284659269,0.5016803715340731,0.2,False
2025-03-12,100009.7377604013,0,0,0.0,0.0,0.0,0.0014257355608246825,0.5017134466115433,0.49828655338845673,0.2,False
2025-03-13,100009.7377604013,0,0,0.0,0.0,0.0,0.0014275240650195992,0.5037087834257769,0.49629121657422315,0.2,False
2025-03-14,100009.7377604013,0,0,0.0,0.0,0.0,0.0014224718703428067,0.50246406544628,0.49753593455372,0.2,False
2025-03-17,100009.7377604013,0,0,0.0,0.0,0.0,0.0014189539064046197,0.5004177768568617,0.49958222314313827,0.2,False
2025-03-18,100009.7377604013,0,0,0.0,0.0,0.0,0.0014325559443822032,0.49222441893920177,0.5077755810607982,0.2,False
2025-03-19,100009.7377604013,0,0,0.0,0.0,0.0,0.0014292696841715395,0.4922904324646295,0.5077095675353704,0.2,False
2025-03-20,100009.7377604013,0,0,0.0,0.0,0.0,0.001430375209034644,0.4918647578623065,0.5081352421376935,0.2,False
2025-03-21,100009.7377604013,0,0,0.0,0.0,0.0,0.0014323587565810085,0.4919298484612197,0.5080701515387803,0.2,False
2025-03-24,100009.7377604013,0,0,0.0,0.0,0.0,0.0014247507509324582,0.4943112196964819,0.5056887803035182,0.2,False
2025-03-25,100009.7377604013,0,0,0.0,0.0,0.0,0.0014234465386660353,0.49452139045521837,0.5054786095447816,0.2,False
2025-03-26,100009.7377604013,0,0,0.0,0.0,0.0,0.001423355809018815,0.49634630416650205,0.503653695833498,0.2,False
2025-03-27,100009.7377604013,0,0,0.0,0.0,0.0,0.001422013924351566,0.49692313188038734,0.5030768681196127,0.2,False
2025-03-28,100009.7377604013,0,0,0.0,0.0,0.0,0.0014214825765430407,0.501669384488713,0.498330615511287,0.2,False
2025-03-31,100009.7377604013,0,0,0.0,0.0,0.0,0.0014191836290125518,0.5032979463941932,0.49670205360580677,0.2,False
2025-04-01,100009.7377604013,0,0,0.0,0.0,0.0,0.0014178241282111132,0.5015215070831636,0.49847849291683644,0.2,False
2025-04-02,100009.7377604013,0,0,0.0,0.0,0.0,0.0014143787558310453,0.5027011407199076,0.49729885928009243,0.2,False
2025-04-03,100009.7377604013,0,0,0.0,0.0,0.0,0.001426197589063866,0.49926633274986343,0.5007336672501366,0.2,False
2025-04-04,100009.7377604013,0,0,0.0,0.0,0.0,0.0015143472696175894,0.4450553406700098,0.5549446593299903,0.2,False
2025-04-07,100009.7377604013,0,0,0.0,0.0,0.0,0.0015297570428738428,0.4361040096914877,0.5638959903085123,0.2,False
2025-04-08,100009.7377604013,0,0,0.0,0.0,0.0,0.0015323152641516455,0.43660512826210673,0.5633948717378933,0.2,False
2025-04-09,100009.7377604013,0,0,0.0,0.0,0.0,0.0015175827820094116,0.42503486381782807,0.5749651361821719,0.2,False
2025-04-10,100009.7377604013,0,0,0.0,0.0,0.0,0.0015258358784817443,0.4243626000653685,0.5756373999346315,0.2,False
2025-04-11,100009.7377604013,0,0,0.0,0.0,0.0,0.0015110045538349209,0.43007908234336567,0.5699209176566343,0.2,False
2025-04-14,100009.7377604013,0,0,0.0,0.0,0.0,0.0015044734212531813,0.4303320701075397,0.5696679298924603,0.2,False
2025-04-15,100009.7377604013,0,0,0.0,0.0,0.0,0.0015041447230652043,0.43037020084038374,0.5696297991596162,0.2,False
2025-04-16,100009.7377604013,0,0,0.0,0.0,0.0,0.0015017501880986662,0.43078038671292823,0.5692196132870717,0.2,False
2025-04-17,100009.7377604013,0,0,0.0,0.0,0.0,0.0014984506539928708,0.4308739389804358,0.5691260610195642,0.2,False
2025-04-21,100009.7377604013,0,0,0.0,0.0,0.0,0.0015003638883456997,0.43141152435687635,0.5685884756431236,0.2,False
2025-04-22,100009.7377604013,0,0,0.0,0.0,0.0,0.0014944855412611913,0.4313987747362401,0.5686012252637599,0.2,False
2025-04-23,100009.7377604013,0,0,0.0,0.0,0.0,0.0014939211746456832,0.43144117359004747,0.5685588264099526,0.2,False
2025-04-24,100009.7377604013,0,0,0.0,0.0,0.0,0.0014893696259331353,0.43053078179160315,0.5694692182083969,0.2,False
2025-04-25,100009.7377604013,0,0,0.0,0.0,0.0,0.0014903382656662498,0.4303690145833839,0.5696309854166162,0.2,False
2025-04-28,100009.7377604013,0,0,0.0,0.0,0.0,0.0014881680954270749,0.43072510667524894,0.5692748933247511,0.2,False
2025-04-29,100009.7377604013,0,0,0.0,0.0,0.0,0.0014886860977359874,0.4307982603877573,0.5692017396122426,0.2,False
2025-04-30,100009.7377604013,0,0,0.0,0.0,0.0,0.001487267768367767,0.43072818586886397,0.569271814131136,0.2,False
2025-05-01,100009.7377604013,0,0,0.0,0.0,0.0,0.0014881992426548556,0.4309318108440879,0.5690681891559122,0.2,False
2025-05-02,100009.7377604013,0,0,0.0,0.0,0.0,0.0014849721675854908,0.42808311749054745,0.5719168825094525,0.2,False
2025-05-05,100009.7377604013,0,0,0.0,0.0,0.0,0.0014886610592070007,0.42640866197550054,0.5735913380244995,0.2,False
2025-05-06,100009.7377604013,0,0,0.0,0.0,0.0,0.0014887821030923677,0.42608382251229693,0.5739161774877031,0.2,False
2025-05-07,100009.7377604013,0,0,0.0,0.0,0.0,0.001490211182206049,0.4254683866584975,0.5745316133415025,0.2,False
2025-05-08,100009.7377604013,0,0,0.0,0.0,0.0,0.001491254686891231,0.4253922282289569,0.5746077717710432,0.2,False
2025-05-09,100009.7377604013,0,0,0.0,0.0,0.0,0.00149060424108232,0.42506634095897056,0.5749336590410294,0.2,False
2025-05-12,100009.7377604013,0,0,0.0,0.0,0.0,0.0014878993017101029,0.4250163051322374,0.5749836948677626,0.2,False
2025-05-13,100009.7377604013,0,0,0.0,0.0,0.0,0.0014851261008663325,0.42504192639446897,0.5749580736055311,0.2,False
2025-05-14,100009.7377604013,0,0,0.0,0.0,0.0,0.001489261762721411,0.4236799620058298,0.5763200379941702,0.2,False
2025-05-15,100009.7377604013,0,0,0.0,0.0,0.0,0.0014866360125485004,0.42261165116496313,0.5773883488350369,0.2,False
2025-05-16,100009.7377604013,0,0,0.0,0.0,0.0,0.0014873900335738977,0.4221478957591808,0.5778521042408191,0.2,False
2025-05-19,100009.7377604013,0,0,0.0,0.0,0.0,0.001485772622545806,0.421925689376542,0.578074310623458,0.2,False
2025-05-20,100009.7377604013,0,0,0.0,0.0,0.0,0.0014851742334217512,0.421850841932751,0.578149158067249,0.2,False
2025-05-21,100009.7377604013,0,0,0.0,0.0,0.0,0.0014877661635692503,0.42187015408170964,0.5781298459182904,0.2,False
2025-05-22,100009.7377604013,0,0,0.0,0.0,0.0,0.0014869015635341233,0.4218511578440839,0.5781488421559161,0.2,False
2025-05-23,100009.7377604013,0,0,0.0,0.0,0.0,0.0014835157632267248,0.42251562772614354,0.5774843722738565,0.2,False
2025-05-27,100009.7377604013,0,0,0.0,0.0,0.0,0.0014805401001864783,0.42301104951220764,0.5769889504877923,0.2,False
2025-05-28,100009.7377604013,0,0,0.0,0.0,0.0,0.0014850773469172293,0.4211917202396822,0.5788082797603178,0.2,False
2025-05-29,100009.7377604013,0,0,0.0,0.0,0.0,0.0014846076897097377,0.42082843695308403,0.579171563046916,0.2,False
2025-05-30,100009.7377604013,0,0,0.0,0.0,0.0,0.0014837672342984725,0.4205505819065056,0.5794494180934944,0.2,False
2025-06-02,100009.7377604013,0,0,0.0,0.0,0.0,0.0014807093440734158,0.4202540057876036,0.5797459942123964,0.2,False
2025-06-03,100009.7377604013,0,0,0.0,0.0,0.0,0.0014810210095095367,0.42015481790113646,0.5798451820988635,0.2,False
2025-06-04,100009.7377604013,0,0,0.0,0.0,0.0,0.0014809503686514635,0.4194243210125944,0.5805756789874056,0.2,False
2025-06-05,100009.7377604013,0,0,0.0,0.0,0.0,0.001480685496060449,0.4192683807786967,0.5807316192213032,0.2,False
2025-06-06,100009.7377604013,0,0,0.0,0.0,0.0,0.0014805401495100424,0.419200069150786,0.580799930849214,0.2,False
2025-06-09,100009.7377604013,0,0,0.0,0.0,0.0,0.0014801697879818492,0.41952867144449457,0.5804713285555054,0.2,False
2025-06-10,100009.7377604013,0,0,0.0,0.0,0.0,0.0014786204249113432,0.4186449549484219,0.5813550450515781,0.2,False
2025-06-11,100009.7377604013,0,0,0.0,0.0,0.0,0.0014803126597314285,0.41786709503495345,0.5821329049650465,0.2,False
2025-06-12,100009.7377604013,0,0,0.0,0.0,0.0,0.0014774678595011648,0.4183640655684627,0.5816359344315374,0.2,False
2025-06-13,100009.7377604013,0,0,0.0,0.0,0.0,0.0014828043747712504,0.4161063252367983,0.5838936747632018,0.2,False
2025-06-16,100009.7377604013,0,0,0.0,0.0,0.0,0.0014855886663339278,0.4154345311490893,0.5845654688509108,0.2,False
2025-06-17,100009.7377604013,0,0,0.0,0.0,0.0,0.0014895421944833653,0.4147635501152064,0.5852364498847936,0.2,False
2025-06-18,100009.7377604013,0,0,0.0,0.0,0.0,0.0014886635653108072,0.4150560606135984,0.5849439393864015,0.2,False
2025-06-20,100009.7377604013,0,0,0.0,0.0,0.0,0.0014936601228341872,0.41364982522231847,0.5863501747776816,0.2,False
2025-06-23,100009.7377604013,0,0,0.0,0.0,0.0,0.0014918334069810401,0.4126656224144334,0.5873343775855666,0.2,False
2025-06-24,100009.7377604013,0,0,0.0,0.0,0.0,0.0014897395248975236,0.4119959939074539,0.5880040060925461,0.2,False
2025-06-25,100009.7377604013,0,0,0.0,0.0,0.0,0.0014884081706630836,0.4138949536169706,0.5861050463830294,0.2,False
2025-06-26,100009.7377604013,0,0,0.0,0.0,0.0,0.0014828905338136898,0.41579481267888396,0.584205187321116,0.2,False
2025-06-27,100009.7377604013,0,0,0.0,0.0,0.0,0.0014860853930665438,0.41544838685216573,0.5845516131478343,0.2,False
2025-06-30,100009.7377604013,0,0,0.0,0.0,0.0,0.0014787748855075297,0.41912186265873674,0.5808781373412633,0.2,False
2025-07-01,100009.7377604013,0,0,0.0,0.0,0.00011905915122310385,0.0012665975134955481,0.4200177336930834,0.5799822663069166,0.2,False
2025-07-02,100009.7377604013,0,0,0.0,0.0,0.00018410321297725486,0.0012657398357414937,0.4196582564457838,0.5803417435542162,0.2,False
2025-07-03,100009.7377604013,0,0,0.0,0.0,3.900302986735804e-05,0.001265768640147888,0.41992318469859397,0.580076815301406,0.2,False
2025-07-07,100009.7377604013,0,0,0.0,0.0,-7.77438242857385e-05,0.0014829102882788874,0.4179649305632291,0.5820350694367709,0.2,False
2025-07-08,100009.7377604013,0,0,0.0,0.0,8.077774130049766e-05,0.0012652702077163116,0.4177293835521621,0.582270616447838,0.2,False
2025-07-09,100009.7377604013,0,0,0.0,0.0,9.951276323026324e-05,0.001264958449216537,0.41761845488232546,0.5823815451176746,0.2,False
2025-07-10,100009.7377604013,0,0,0.0,0.0,0.00020456545976705145,0.0012592005930813642,0.4157169203485836,0.5842830796514165,0.2,False
2025-07-11,100009.7377604013,0,0,0.0,0.0,0.00017294242871153989,0.0012610452884437976,0.41576558896506355,0.5842344110349365,0.2,False
2025-07-14,100009.7377604013,0,0,0.0,0.0,9.07973298888018e-05,0.0012608741731225876,0.41668939502719493,0.5833106049728051,0.2,False
2025-07-15,100009.7377604013,0,0,0.0,0.0,4.549720566560075e-05,0.001265437355151855,0.4174693562650273,0.5825306437349727,0.2,False
2025-07-16,100009.7377604013,0,0,0.0,0.0,-2.136043436360409e-05,0.001477858611888923,0.4197820189122295,0.5802179810877706,0.2,False
2025-07-17,100009.7377604013,0,0,0.0,0.0,-4.119194129177984e-05,0.0014760234603740261,0.42065474115303375,0.5793452588469663,0.2,False
2025-07-18,100009.7377604013,0,0,0.0,0.0,0.00010144339130848999,0.001267506683401126,0.42054294949954235,0.5794570505004577,0.2,False
2025-07-21,100009.7377604013,0,0,0.0,0.0,2.12775430369135e-05,0.0012656502176770627,0.4200290232829507,0.5799709767170493,0.2,False
2025-07-22,100009.7377604013,0,0,0.0,0.0,5.757299468951453e-06,0.0012663525296583147,0.42108398959292626,0.5789160104070737,0.2,False
2025-07-23,100009.7377604013,0,0,0.0,0.0,0.00013903644552693868,0.0012603908171688436,0.41917806531077456,0.5808219346892254,0.2,False
2025-07-24,100009.7377604013,0,0,0.0,0.0,7.146890709829525e-05,0.0012614598111649316,0.41783242578629237,0.5821675742137076,0.2,False
2025-07-25,100009.7377604013,0,0,0.0,0.0,6.9874258146647236e-06,0.0012588319636557335,0.4169003690212856,0.5830996309787144,0.2,False
2025-07-28,100009.7377604013,0,0,0.0,0.0,-3.851826493413086e-05,0.0014808167105898312,0.4167424540253696,0.5832575459746304,0.2,False
2025-07-29,100009.7377604013,0,0,0.0,0.0,3.225255917572056e-05,0.001259957726201973,0.41601386850872696,0.5839861314912731,0.2,False
2025-07-30,100009.7377604013,0,0,0.0,0.0,4.821484150168947e-05,0.0012667726728876822,0.4187429518358644,0.5812570481641356,0.2,False
2025-07-31,100009.7377604013,0,0,0.0,0.0,4.5879937073019474e-05,0.0012686850862324748,0.4199166186585247,0.5800833813414753,0.2,False
2025-08-01,100009.7377604013,0,0,0.0,0.0,0.0,0.0014776035804125599,0.42250868097870786,0.5774913190212921,0.2,False
2025-08-04,100009.7377604013,0,0,0.0,0.0,0.0,0.0014669537514843372,0.42902216550701516,0.5709778344929848,0.2,False
2025-08-05,100009.7377604013,0,0,0.0,0.0,0.0,0.0014616199541157022,0.43182799650933534,0.5681720034906647,0.2,False
2025-08-06,100009.7377604013,0,0,0.0,0.0,0.0,0.0014472299546219817,0.4415042811841495,0.5584957188158505,0.2,False
2025-08-07,100009.7377604013,0,0,0.0,0.0,0.0,0.0014414020797303621,0.44736499854160144,0.5526350014583985,0.2,False
2025-08-08,100009.7377604013,0,0,0.0,0.0,0.0,0.0014396675531231742,0.4486638136647555,0.5513361863352445,0.2,False
2025-08-11,100009.7377604013,0,0,0.0,0.0,0.0,0.001439492295198436,0.44923777866239756,0.5507622213376024,0.2,False
2025-08-12,100009.7377604013,0,0,0.0,0.0,0.0,0.001440203012287342,0.4463590204915194,0.5536409795084807,0.2,False
2025-08-13,100009.7377604013,0,0,0.0,0.0,0.0,0.0014402746198485207,0.4454321187890731,0.5545678812109269,0.2,False
2025-08-14,100009.7377604013,0,0,0.0,0.0,0.0,0.0014406909342906434,0.44659572670189884,0.5534042732981012,0.2,False
2025-08-15,100009.7377604013,0,0,0.0,0.0,0.0,0.0014410344127885248,0.446873014927736,0.553126985072264,0.2,False
2025-08-18,100009.7377604013,0,0,0.0,0.0,0.0,0.0014399291969666504,0.4469210480687631,0.5530789519312369,0.2,False
2025-08-19,100009.7377604013,0,0,0.0,0.0,0.0,0.001442457309992438,0.44763991901839323,0.5523600809816067,0.2,False
2025-08-20,100009.7377604013,0,0,0.0,0.0,0.0,0.0014409540418051287,0.44766473519593264,0.5523352648040674,0.2,False
2025-08-21,100009.7377604013,0,0,0.0,0.0,0.0,0.0014402012789143106,0.4471117477072643,0.5528882522927356,0.2,False
2025-08-22,100009.7377604013,0,0,0.0,0.0,0.0,0.0014308613487730925,0.45209031419225465,0.5479096858077454,0.2,False
2025-08-25,100009.7377604013,0,0,0.0,0.0,0.0,0.001436643169900184,0.449729892978664,0.550270107021336,0.2,False
2025-08-26,100009.7377604013,0,0,0.0,0.0,0.0,0.001432231668238476,0.45235678116955774,0.5476432188304423,0.2,False
2025-08-27,100009.7377604013,0,0,0.0,0.0,0.0,0.0014283447514796992,0.4544926544665964,0.5455073455334036,0.2,False
2025-08-28,100009.7377604013,0,0,0.0,0.0,0.0,0.0014280078332990919,0.45473881138435307,0.5452611886156469,0.2,False
2025-08-29,100009.7377604013,0,0,0.0,0.0,0.0,0.001425951702298457,0.4559596251371115,0.5440403748628885,0.2,False
2025-09-02,100009.7377604013,0,0,0.0,0.0,-3.945400570000138e-05,0.0014321586853038096,0.4521868357649953,0.5478131642350047,0.2,False
2025-09-03,100009.7377604013,0,0,0.0,0.0,-7.16541788892228e-05,0.0014351841953455303,0.4500255688695159,0.5499744311304842,0.2,False
2025-09-04,100009.7377604013,0,0,0.0,0.0,-5.129854037800466e-05,0.0014369271262828615,0.4457223374708902,0.5542776625291098,0.2,False
2025-09-05,100009.7377604013,0,0,0.0,0.0,-4.825136270543923e-05,0.0014374576521308613,0.4448494058227504,0.5551505941772497,0.2,False
2025-09-08,100009.7377604013,0,0,0.0,0.0,-4.5939719615472464e-05,0.001437604175489686,0.4445833755459938,0.5554166244540062,0.2,False
2025-09-09,100009.7377604013,0,0,0.0,0.0,-5.262929822320585e-05,0.001438470713503927,0.44392275819996285,0.5560772418000371,0.2,False
2025-09-10,100009.7377604013,0,0,0.0,0.0,-3.6700315516617225e-05,0.00144092232595075,0.4414792769514198,0.5585207230485802,0.2,False
2025-09-11,100009.7377604013,0,0,0.0,0.0,-3.354884500800003e-05,0.0014365824038167008,0.4414289143669202,0.5585710856330798,0.2,False
2025-09-12,100009.7377604013,0,0,0.0,0.0,-3.0962447221417545e-05,0.0014368894554968499,0.4438102203656946,0.5561897796343054,0.2,False
2025-09-15,100009.7377604013,0,0,0.0,0.0,-2.675186250570582e-05,0.0014321556603245937,0.4444536685846184,0.5555463314153817,0.2,False
2025-09-16,100009.7377604013,0,0,0.0,0.0,-4.2689917706938454e-05,0.0014354663371398233,0.44236707904328065,0.5576329209567193,0.2,False
2025-09-17,100009.7377604013,0,0,0.0,0.0,-6.0816404988971106e-05,0.0014415789397489943,0.438974265243872,0.561025734756128,0.2,False
2025-09-18,100009.7377604013,0,0,0.0,0.0,-9.695898715427751e-05,0.0014484821075682855,0.43378047581278273,0.5662195241872172,0.2,False
2025-09-19,100009.7377604013,0,0,0.0,0.0,-0.00012302675625340984,0.0014426856973383693,0.43757147152926557,0.5624285284707344,0.2,False
2025-09-22,100009.7377604013,0,0,0.0,0.0,-0.00011782896955828703,0.0014414203128581867,0.4383983037190252,0.5616016962809748,0.2,False
2025-09-23,100009.7377604013,0,0,0.0,0.0,-9.472970235004442e-05,0.0014367750241117464,0.4438252011858393,0.5561747988141608,0.2,False
2025-09-24,100009.7377604013,0,0,0.0,0.0,-0.00010987233373959439,0.0014454422798656284,0.43895985455021996,0.56104014544978,0.2,False
2025-09-25,100009.7377604013,0,0,0.0,0.0,-9.262292253692593e-05,0.0014439598095084647,0.43977126733945276,0.5602287326605473,0.2,False
2025-09-26,100009.7377604013,0,0,0.0,0.0,-6.873736457965624e-05,0.0014472634881602267,0.4371727161319327,0.5628272838680672,0.2,False
2025-09-29,100009.7377604013,0,0,0.0,0.0,-6.257583322661116e-05,0.0014454348722305137,0.4349659086632497,0.5650340913367503,0.2,False
2025-09-30,100009.7377604013,0,0,0.0,0.0,-6.430250880368153e-05,0.0014462819707708446,0.4344911385980169,0.5655088614019831,0.2,False
2025-10-01,100009.7377604013,0,0,0.0,0.0,0.0,0.0014469169604697867,0.4331450360960065,0.5668549639039935,0.2,False
2025-10-02,100009.7377604013,0,0,0.0,0.0,0.0,0.0014473797013719299,0.4329468302626973,0.5670531697373027,0.2,False
2025-10-03,100009.7377604013,0,0,0.0,0.0,0.0,0.0014361066970997101,0.43932117354795075,0.5606788264520493,0.2,False
2025-10-06,100009.7377604013,0,0,0.0,0.0,0.0,0.0014365600020125196,0.4401093066079351,0.5598906933920649,0.2,False
2025-10-07,100009.7377604013,0,0,0.0,0.0,0.0,0.0014345693644267335,0.4427068840268164,0.5572931159731835,0.2,False
2025-10-08,100009.7377604013,0,0,0.0,0.0,0.0,0.0014333430825639692,0.44330343786413695,0.556696562135863,0.2,False
2025-10-09,100009.7377604013,0,0,0.0,0.0,0.0,0.0014286695457333095,0.4502501874799047,0.5497498125200952,0.2,False
2025-10-10,100009.7377604013,0,0,0.0,0.0,0.0,0.0014325023054248885,0.45124736312193425,0.5487526368780657,0.2,False
2025-10-13,100009.7377604013,0,0,0.0,0.0,0.0,0.0014196741954995578,0.45970923763225974,0.5402907623677402,0.2,False
2025-10-14,100009.7377604013,0,0,0.0,0.0,0.0,0.0014179619447277315,0.46166044021203145,0.5383395597879685,0.2,False
2025-10-15,100009.7377604013,0,0,0.0,0.0,0.0,0.0014130379439640662,0.46308342922709683,0.5369165707729031,0.2,False
2025-10-16,100009.7377604013,0,0,0.0,0.0,0.0,0.0014088406694893266,0.4665455603878069,0.5334544396121931,0.2,False
2025-10-17,100009.7377604013,0,0,0.0,0.0,0.0,0.0014060279751396177,0.4706823436267007,0.5293176563732993,0.2,False
2025-10-20,100009.7377604013,0,0,0.0,0.0,0.0,0.0014054242351054685,0.46808948555795366,0.5319105144420464,0.2,False
2025-10-21,100009.7377604013,0,0,0.0,0.0,0.0,0.001395756126763284,0.479398524386076,0.520601475613924,0.2,False
2025-10-22,100009.7377604013,0,0,0.0,0.0,0.0,0.0013920217748903882,0.4822466472672796,0.5177533527327204,0.2,False
2025-10-23,100009.7377604013,0,0,0.0,0.0,0.0,0.0013871573470260745,0.4846625643289692,0.5153374356710307,0.2,False
2025-10-24,100009.7377604013,0,0,0.0,0.0,0.0,0.0013860601748988755,0.48608777539452824,0.5139122246054717,0.2,False
2025-10-27,100009.7377604013,0,0,0.0,0.0,0.0,0.0013872832800066169,0.4843230953656261,0.5156769046343739,0.2,False
2025-10-28,100009.7377604013,0,0,0.0,0.0,0.0,0.0013784398381317575,0.4900971502356668,0.5099028497643332,0.2,False
2025-10-29,100009.7377604013,0,0,0.0,0.0,0.0,0.0013902288915470012,0.48312127419474377,0.5168787258052563,0.2,False
2025-10-30,100009.7377604013,0,0,0.0,0.0,0.0,0.0013932347182989842,0.4811323859484822,0.5188676140515178,0.2,False
2025-10-31,100009.7377604013,0,0,0.0,0.0,0.0,0.0013961546205286729,0.47968935521589423,0.5203106447841057,0.2,False
2025-11-03,100009.7377604013,0,0,0.0,0.0,-3.3563131606996457e-05,0.001395489231608559,0.47927891621205854,0.5207210837879415,0.2,False
2025-11-04,100009.7377604013,0,0,0.0,0.0,-2.221954445906589e-05,0.0013915633120619227,0.4876407058619988,0.5123592941380012,0.2,False
2025-11-05,100009.7377604013,0,0,0.0,0.0,-2.3828383398708018e-05,0.0013849081001460048,0.49016038124267913,0.5098396187573209,0.2,False
2025-11-06,100009.7377604013,0,0,0.0,0.0,-1.4949033537569466e-05,0.001383546392306421,0.4934487682943756,0.5065512317056244,0.2,False
2025-11-07,100009.7377604013,0,0,0.0,0.0,-3.3325859348063646e-05,0.0013808519312258755,0.49635489038367137,0.5036451096163286,0.2,False
2025-11-10,100009.7377604013,0,0,0.0,0.0,-3.711902991026128e-05,0.0013760318007508584,0.4984371021156472,0.5015628978843528,0.2,False
2025-11-11,100009.7377604013,0,0,0.0,0.0,-5.9510087345213864e-05,0.0013782179068305036,0.49701030315249284,0.5029896968475072,0.2,False
2025-11-12,100009.7377604013,0,0,0.0,0.0,-9.755373986260245e-05,0.001371396927691181,0.5042212806998602,0.49577871930013984,0.2,False
2025-11-13,100009.7377604013,0,0,0.0,0.0,-9.413333082130302e-05,0.0013778273223210144,0.5029606758979375,0.49703932410206253,0.2,False
2025-11-14,100009.7377604013,0,0,0.0,0.0,-9.980944049004058e-05,0.0013776088400237541,0.5033223607547116,0.4966776392452884,0.2,False
2025-11-17,100009.7377604013,0,0,0.0,0.0,-9.427718035728582e-05,0.001379601418649315,0.5037733634390931,0.49622663656090693,0.2,False
2025-11-18,100009.7377604013,0,0,0.0,0.0,-0.00011814678201201624,0.0013826362352746394,0.5018071072030882,0.4981928927969118,0.2,False
2025-11-19,100009.7377604013,0,0,0.0,0.0,-0.00012224042331959194,0.001384134589749527,0.5012413394330398,0.49875866056696017,0.2,False
2025-11-20,100009.7377604013,0,0,0.0,0.0,-0.00011051978658344847,0.0013842917504429183,0.5035257949936945,0.49647420500630546,0.2,False
2025-11-21,100009.7377604013,0,0,0.0,0.0,-9.588399004428186e-05,0.0013875521661312067,0.49672150870395204,0.503278491296048,0.2,False
2025-11-24,100009.7377604013,0,0,0.0,0.0,-0.00010731928150949872,0.0013849526823628906,0.49936348489112325,0.5006365151088767,0.2,False
2025-11-25,100009.7377604013,0,0,0.0,0.0,-0.00010778379244659328,0.0013820365947866714,0.5004314244310805,0.49956857556891954,0.2,False
2025-11-26,100009.7377604013,0,0,0.0,0.0,-0.00011352815934939121,0.0013786198608399223,0.5032766689378225,0.4967233310621775,0.2,False
2025-11-28,100009.7377604013,0,0,0.0,0.0,-0.00012095514804963783,0.0013752776317757797,0.5055890009626356,0.4944109990373644,0.2,False
2025-12-01,100009.7377604013,0,0,0.0,0.0,0.0,0.001372108405932042,0.5104299026381645,0.48957009736183554,0.2,False
2025-12-02,100009.7377604013,0,0,0.0,0.0,0.0,0.0013720962131430533,0.5087123012155804,0.4912876987844196,0.2,False
2025-12-03,100009.7377604013,0,0,0.0,0.0,0.0,0.0013732157327909975,0.5065644756581047,0.4934355243418953,0.2,False
2025-12-04,100009.7377604013,0,0,0.0,0.0,0.0,0.00137016727323018,0.5083070776746376,0.49169292232536244,0.2,False
2025-12-05,100009.7377604013,0,0,0.0,0.0,0.0,0.0013690224611738174,0.5087288276786675,0.49127117232133255,0.2,False
2025-12-08,100009.7377604013,0,0,0.0,0.0,0.0,0.0013674586194569042,0.5109146650987685,0.4890853349012315,0.2,False
2025-12-09,100009.7377604013,0,0,0.0,0.0,0.0,0.0013673397728525968,0.51057364390014,0.48942635609985996,0.2,False
2025-12-10,100009.7377604013,0,0,0.0,0.0,0.0,0.0013658700849359707,0.5093980380622055,0.4906019619377945,0.2,False
2025-12-11,100009.7377604013,0,0,0.0,0.0,0.0,0.001366266438183351,0.5100830160368734,0.48991698396312655,0.2,False
2025-12-12,100009.7377604013,0,0,0.0,0.0,0.0,0.0013655352096944066,0.5104660389782569,0.48953396102174307,0.2,False
2025-12-15,100009.7377604013,0,0,0.0,0.0,0.0,0.0013673130077598709,0.5103547355221458,0.48964526447785417,0.2,False
2025-12-16,100009.7377604013,0,0,0.0,0.0,0.0,0.0013702528896557416,0.511579957571957,0.48842004242804304,0.2,False
2025-12-17,100009.7377604013,0,0,0.0,0.0,0.0,0.0013754172810776979,0.5087640546986802,0.49123594530131975,0.2,False
2025-12-18,100009.7377604013,0,0,0.0,0.0,0.0,0.0013758485402017352,0.5057818980465965,0.49421810195340354,0.2,False
2025-12-19,100009.7377604013,0,0,0.0,0.0,0.0,0.0013741382918949735,0.507082687514986,0.492917312485014,0.2,False
2025-12-22,100009.7377604013,0,0,0.0,0.0,0.0,0.0013742201080536077,0.5045106372705022,0.49548936272949784,0.2,False
2025-12-23,100009.7377604013,0,0,0.0,0.0,0.0,0.001383269951334875,0.49129145467068885,0.5087085453293112,0.2,False
2025-12-24,100009.7377604013,0,0,0.0,0.0,0.0,0.001386175126299132,0.48852087371523256,0.5114791262847674,0.2,False
2025-12-26,100009.7377604013,0,0,0.0,0.0,0.0,0.0013860097325545293,0.4878402264327396,0.5121597735672604,0.2,False
2025-12-29,100009.7377604013,0,0,0.0,0.0,0.0,0.0013850743464713395,0.4903524310303159,0.5096475689696841,0.2,False
2025-12-30,100009.7377604013,0,0,0.0,0.0,0.0,0.001385449896982982,0.49066278148254416,0.5093372185174558,0.2,False
2025-12-31,100009.7377604013,0,0,0.0,0.0,0.0,0.0013868257526392395,0.4907967750194972,0.5092032249805027,0.2,False
2026-01-02,100009.7377604013,0,0,0.0,0.0,0.0,0.0013890313533477794,0.486175021018009,0.513824978981991,0.2,False
2026-01-05,100009.7377604013,0,0,0.0,0.0,0.0,0.0013884929259301987,0.48594287958385296,0.514057120416147,0.2,False
2026-01-06,100009.7377604013,0,0,0.0,0.0,0.0,0.0013907997219193234,0.48454973145333047,0.5154502685466695,0.2,False
2026-01-07,100009.7377604013,0,0,0.0,0.0,0.0,0.0013864195623102518,0.49025098052036226,0.5097490194796377,0.2,False
2026-01-08,100009.7377604013,0,0,0.0,0.0,0.0,0.0013834374775354187,0.4933786892906081,0.506621310709392,0.2,False
2026-01-09,100009.7377604013,0,0,0.0,0.0,0.0,0.001384232622893661,0.4930638904996089,0.506936109500391,0.2,False
2026-01-12,100009.7377604013,0,0,0.0,0.0,0.0,0.001383659820324879,0.49300551990826696,0.506994480091733,0.2,False
2026-01-13,100009.7377604013,0,0,0.0,0.0,0.0,0.0013837098138937249,0.49287903479227757,0.5071209652077224,0.2,False
2026-01-14,100009.7377604013,0,0,0.0,0.0,0.0,0.0013838939682496076,0.4917541786794403,0.5082458213205596,0.2,False
2026-01-15,100009.7377604013,0,0,0.0,0.0,0.0,0.001383627428842097,0.49084906130093525,0.5091509386990647,0.2,False
2026-01-16,100009.7377604013,0,0,0.0,0.0,0.0,0.00138252159540549,0.4909109991754128,0.5090890008245872,0.2,False
2026-01-20,100009.7377604013,0,0,0.0,0.0,0.0,0.001386623589187063,0.4882437991866,0.5117562008134,0.2,False
2026-01-21,100009.7377604013,0,0,0.0,0.0,0.0,0.0013897205178262796,0.48425382342179385,0.5157461765782061,0.2,False
2026-01-22,100009.7377604013,0,0,0.0,0.0,0.0,0.0013964339892262093,0.4739546594073324,0.5260453405926676,0.2,False
2026-01-23,100009.7377604013,0,0,0.0,0.0,0.0,0.001397046317542103,0.4713526118012769,0.528647388198723,0.2,False
2026-01-26,100009.7377604013,0,0,0.0,0.0,0.0,0.0013979402248124801,0.4683747005956203,0.5316252994043797,0.2,False
2026-01-27,100009.7377604013,0,0,0.0,0.0,0.0,0.0014125078649266873,0.4501772235123114,0.5498227764876886,0.2,False
2026-01-28,100009.7377604013,0,0,0.0,0.0,0.0,0.0014168690243365383,0.44514479657087824,0.5548552034291218,0.2,False
2026-01-29,100009.7377604013,0,0,0.0,0.0,0.0,0.0014189918471175047,0.4420594050847367,0.5579405949152634,0.2,False
2026-01-30,100009.7377604013,0,0,0.0,0.0,0.0,0.0013685013959306984,0.4986151960956811,0.5013848039043189,0.2,False
2026-02-02,100009.7377604013,0,0,0.0,0.0,0.0,0.001356907839831683,0.5100060716543554,0.4899939283456446,0.2,False
2026-02-03,100009.7377604013,0,0,0.0,0.0,0.0,0.0013529072572030997,0.5123750670066106,0.4876249329933894,0.2,False
2026-02-04,100009.7377604013,0,0,0.0,0.0,0.0,0.001352866743626871,0.5115217049463107,0.48847829505368934,0.2,False
2026-02-05,100009.7377604013,0,0,0.0,0.0,0.0,0.0013612905699407396,0.5062091412058178,0.49379085879418216,0.2,False
2026-02-06,100009.7377604013,0,0,0.0,0.0,0.0,0.0013578248989959503,0.507626118359307,0.49237388164069296,0.2,False
2026-02-09,100009.7377604013,0,0,0.0,0.0,0.0,0.0013517666778956562,0.5101413857216999,0.48985861427830013,0.2,False
2026-02-10,100009.7377604013,0,0,0.0,0.0,0.0,0.001353644166693831,0.5093563380568801,0.4906436619431199,0.2,False
2026-02-11,100009.7377604013,0,0,0.0,0.0,0.0,0.0013613138026570483,0.4965849674770208,0.5034150325229791,0.2,False
2026-02-12,100009.7377604013,0,0,0.0,0.0,0.0,0.001349698116731513,0.5093836451619494,0.49061635483805055,0.2,False
2026-02-13,100009.7377604013,0,0,0.0,0.0,0.0,0.0013410308808118633,0.5187932381954189,0.4812067618045811,0.2,False
2026-02-17,100009.7377604013,0,0,0.0,0.0,0.0,0.0013365348385447069,0.5219726255103898,0.4780273744896102,0.2,False
2026-02-18,100009.7377604013,0,0,0.0,0.0,0.0,0.0013336719407101227,0.5250558675193177,0.47494413248068235,0.2,False
2026-02-19,100009.7377604013,0,0,0.0,0.0,0.0,0.0013325357313381135,0.5261124301350416,0.4738875698649584,0.2,False
2026-02-20,100009.7377604013,0,0,0.0,0.0,0.0,0.0013316378413326454,0.5245755471769812,0.4754244528230188,0.2,False
2026-02-23,100009.7377604013,0,0,0.0,0.0,0.0,0.001337260474667333,0.5207200572235701,0.47927994277642993,0.2,False
2026-02-24,100009.7377604013,0,0,0.0,0.0,0.0,0.001337547808533156,0.5198423276734265,0.48015767232657347,0.2,False
2026-02-25,100009.7377604013,0,0,0.0,0.0,0.0,0.00134229848517551,0.5106124128787198,0.48938758712128017,0.2,False
2026-02-26,100009.7377604013,0,0,0.0,0.0,0.0,0.0013433439805482419,0.5101538963933646,0.4898461036066354,0.2,False
2026-02-27,100009.7377604013,0,0,0.0,0.0,0.0,0.0013426659540180512,0.5101423153261619,0.48985768467383806,0.2,False
2026-03-02,100009.7377604013,0,0,0.0,0.0,0.0,0.001346924979727005,0.5078233499698152,0.49217665003018485,0.2,False
2026-03-03,100009.7377604013,0,0,0.0,0.0,0.0,0.0013682460498890842,0.49147362080904256,0.5085263791909574,0.2,False
2026-03-04,100009.7377604013,0,0,0.0,0.0,0.0,0.0013698635779032444,0.4873874138801166,0.5126125861198834,0.2,False
2026-03-05,100009.7377604013,0,0,0.0,0.0,0.0,0.0013896039708628425,0.471229947169435,0.528770052830565,0.2,False
2026-03-06,100009.7377604013,0,0,0.0,0.0,0.0,0.0013934742187163333,0.4688191310351497,0.5311808689648503,0.2,False
2026-03-09,100009.7377604013,0,0,0.0,0.0,0.0,0.0013985659052831937,0.4606134582673174,0.5393865417326826,0.2,False
2026-03-10,100009.7377604013,0,0,0.0,0.0,0.0,0.0014001841602315945,0.4587514293858734,0.5412485706141266,0.2,False
2026-03-11,100009.7377604013,0,0,0.0,0.0,0.0,0.0013996696244122084,0.4590670763953678,0.5409329236046322,0.2,False
2026-03-12,100009.7377604013,0,0,0.0,0.0,0.0,0.0014077193993008027,0.45326958791410643,0.5467304120858936,0.2,False
2026-03-13,100009.7377604013,0,0,0.0,0.0,0.0,0.0014103344776260883,0.45386216087003967,0.5461378391299603,0.2,False
2026-03-16,100009.7377604013,0,0,0.0,0.0,0.0,0.0014118734940344693,0.4479231614751319,0.5520768385248681,0.2,False
2026-03-17,100009.7377604013,0,0,0.0,0.0,0.0,0.001412642623828577,0.4466628937848749,0.5533371062151251,0.2,False
2026-03-18,100009.7377604013,0,0,0.0,0.0,0.0,0.001419202774208445,0.44618440895055933,0.5538155910494407,0.2,False
2026-03-19,100009.7377604013,0,0,0.0,0.0,0.0,0.0014164365742697592,0.4479613479244538,0.5520386520755463,0.2,False
2026-03-20,100009.7377604013,0,0,0.0,0.0,0.0,0.0014386533070765565,0.4346346939656397,0.5653653060343603,0.2,False
2026-03-23,100009.7377604013,0,0,0.0,0.0,0.0,0.0014385188879407944,0.42951354579740536,0.5704864542025947,0.2,False
2026-03-24,100009.7377604013,0,0,0.0,0.0,0.0,0.0014493423777221074,0.4228976391292855,0.5771023608707144,0.2,False
2026-03-25,100009.7377604013,0,0,0.0,0.0,0.0,0.0014465467322919263,0.42336664437266924,0.5766333556273308,0.2,False
2026-03-26,100009.7377604013,0,0,0.0,0.0,0.0,0.0014511347919152439,0.42377063004364485,0.5762293699563552,0.2,False
2026-03-27,100009.7377604013,0,0,0.0,0.0,0.0,0.001450245353806549,0.42376675348274384,0.5762332465172562,0.2,False
2026-03-30,100009.7377604013,0,0,0.0,0.0,0.0,0.0014510984145276458,0.4239747459429258,0.5760252540570743,0.2,False
2026-03-31,100009.7377604013,0,0,0.0,0.0,0.0,0.0014337586062573447,0.4338705744463435,0.5661294255536564,0.2,False
2026-04-01,100009.7377604013,0,0,0.0,0.0,0.0,0.0014298408840807196,0.4351429654376784,0.5648570345623216,0.2,False
2026-04-02,100009.7377604013,0,0,0.0,0.0,0.0,0.0014292316584162711,0.4355287282933185,0.5644712717066815,0.2,False
2026-04-06,100009.7377604013,0,0,0.0,0.0,0.0,0.001428362411542283,0.4355723544765587,0.5644276455234414,0.2,False
2026-04-07,100009.7377604013,0,0,0.0,0.0,0.0,0.0014278801529097507,0.43406771904307606,0.5659322809569239,0.2,False
2026-04-08,100009.7377604013,0,0,0.0,0.0,0.0,0.001432523372788834,0.424173715113561,0.575826284886439,0.2,False
2026-04-09,100009.7377604013,0,0,0.0,0.0,0.0,0.0014336468228038214,0.42169895594583934,0.5783010440541607,0.2,False
2026-04-10,100009.7377604013,0,0,0.0,0.0,0.0,0.0014332816734105832,0.4217071837327541,0.5782928162672458,0.2,False
2026-04-13,100009.7377604013,0,0,0.0,0.0,0.0,0.0014297095524727127,0.42238572412464864,0.5776142758753513,0.2,False
2026-04-14,100009.7377604013,0,0,0.0,0.0,0.0,0.0014283600275767593,0.42341989864016943,0.5765801013598306,0.2,False
2026-04-15,100009.7377604013,0,0,0.0,0.0,0.0,0.0014273924959365791,0.4241219475294129,0.5758780524705871,0.2,False
2026-04-16,100009.7377604013,0,0,0.0,0.0,0.0,0.0014317826052277168,0.4215059914593452,0.5784940085406548,0.2,False
2026-04-17,100009.7377604013,0,0,0.0,0.0,0.0,0.001429682242446416,0.42181620803852116,0.5781837919614788,0.2,False
2026-04-20,100009.7377604013,0,0,0.0,0.0,0.0,0.0014316889810071082,0.4208776815402058,0.5791223184597942,0.2,False
2026-04-21,100009.7377604013,0,0,0.0,0.0,0.0,0.001431726599423663,0.42373518929871085,0.5762648107012891,0.2,False
2026-04-22,100009.7377604013,0,0,0.0,0.0,0.0,0.001431091437463009,0.42421960710937506,0.5757803928906249,0.2,False
2026-04-23,100009.7377604013,0,0,0.0,0.0,0.0,0.0014328773647768692,0.42409594844781334,0.5759040515521867,0.2,False
2026-04-24,100009.7377604013,0,0,0.0,0.0,0.0,0.001432769669925155,0.4236965618159026,0.5763034381840975,0.2,False
2026-04-27,100009.7377604013,0,0,0.0,0.0,0.0,0.0014326020735130863,0.4236208129760019,0.576379187023998,0.2,False
2026-04-28,100009.7377604013,0,0,0.0,0.0,0.0,0.0014307594868643427,0.42648440385604836,0.5735155961439516,0.2,False
2026-04-29,100009.7377604013,0,0,0.0,0.0,0.0,0.0014344270205234515,0.4252560479637947,0.5747439520362053,0.2,False
2026-04-30,100009.7377604013,0,0,0.0,0.0,0.0,0.001422621270454843,0.4330540362323774,0.5669459637676226,0.2,False
2026-05-01,100009.7377604013,0,0,0.0,0.0,3.089449462744597e-05,0.0012503435968594901,0.4341661607214619,0.565833839278538,0.2,False
2026-05-04,100009.7377604013,0,0,0.0,0.0,1.1152353047379755e-05,0.0012516370037020995,0.4340320004529584,0.5659679995470416,0.2,False
2026-05-05,100009.7377604013,0,0,0.0,0.0,8.082140289265998e-05,0.0012481937615019382,0.4321883712893344,0.5678116287106656,0.2,False
2026-05-06,100009.7377604013,0,0,0.0,0.0,0.00019204042618382004,0.0012176779223879175,0.4177249682006435,0.5822750317993566,0.2,False
2026-05-07,100009.7377604013,0,0,0.0,0.0,0.00011485371467059064,0.0012089494386542496,0.4087959618816977,0.5912040381183024,0.2,False
2026-05-08,100009.7377604013,0,0,0.0,0.0,0.00010017906826880647,0.0012046604319873356,0.40727322217658507,0.5927267778234149,0.2,False
2026-05-11,100009.7377604013,0,0,0.0,0.0,0.00010290796715956838,0.0012046368834897018,0.40694048301340685,0.5930595169865931,0.2,False
2026-05-12,100009.7377604013,0,0,0.0,0.0,4.530236262910744e-05,0.0012028938281755624,0.4050099002538749,0.594990099746125,0.2,False
2026-05-13,100009.7377604013,0,0,0.0,0.0,5.7128422796609056e-05,0.0012077219347477201,0.4070337438012074,0.5929662561987926,0.2,False
2026-05-14,100009.7377604013,0,0,0.0,0.0,4.637870745580148e-05,0.0012090189687678106,0.4085436741676652,0.5914563258323349,0.2,False
2026-05-15,100009.7377604013,0,0,0.0,0.0,1.4024846108949409e-05,0.0012134929107794797,0.4089478247943918,0.5910521752056082,0.2,False
2026-05-18,100009.7377604013,0,0,0.0,0.0,1.8960704757967105e-05,0.0012119391636107165,0.40896080135648877,0.5910391986435113,0.2,False
2026-05-19,100009.7377604013,0,0,0.0,0.0,-2.32323193869203e-05,0.001455547582615514,0.4074035841563656,0.5925964158436344,0.2,False
2026-05-20,100009.7377604013,0,0,0.0,0.0,-2.858057136725549e-05,0.00144906961148081,0.4102822793029727,0.5897177206970273,0.2,False
2026-05-21,100009.7377604013,0,0,0.0,0.0,-3.925925882139033e-05,0.001445922185458707,0.4113451072957906,0.5886548927042095,0.2,False
2026-05-22,100009.7377604013,0,0,0.0,0.0,-7.01282624489986e-05,0.001448187112183659,0.4107481304142279,0.589251869585772,0.2,False
2026-05-26,100009.7377604013,0,0,0.0,0.0,-5.6600163089837696e-05,0.0014468593018830806,0.41019204857980407,0.5898079514201959,0.2,False
2026-05-27,100009.7377604013,0,0,0.0,0.0,-1.8529557580735274e-05,0.0014452582837927866,0.4124052535447716,0.5875947464552285,0.2,False
2026-05-28,100009.7377604013,0,0,0.0,0.0,-4.114233618613742e-05,0.0014442642877762427,0.413610090845822,0.586389909154178,0.2,False
2026-05-29,100009.7377604013,0,0,0.0,0.0,-9.726994006772452e-06,0.001442971659088261,0.4124419997654832,0.5875580002345169,0.2,False
2026-06-01,100009.7377604013,0,0,0.0,0.0,-1.2328566569496017e-05,0.0014452768264810415,0.4120810060242538,0.5879189939757462,0.2,False
2026-06-02,100009.7377604013,0,0,0.0,0.0,-1.659663170952555e-05,0.0014400720568710852,0.4151335854668459,0.5848664145331541,0.2,False
2026-06-03,100009.7377604013,0,0,0.0,0.0,-7.323445972482931e-06,0.0014354189982582761,0.4216899294352883,0.5783100705647117,0.2,False
2026-06-04,100009.7377604013,0,0,0.0,0.0,-5.9978235465527224e-05,0.0014298366940276874,0.42744189200053084,0.5725581079994692,0.2,False
2026-06-05,100009.7377604013,0,0,0.0,0.0,-8.854499126140886e-05,0.0014355903169935363,0.42786552179881093,0.572134478201189,0.2,False
2026-06-08,100009.7377604013,0,0,0.0,0.0,-8.81076931102029e-05,0.0014355288336324727,0.427924368216853,0.572075631783147,0.2,False
2026-06-09,100009.7377604013,0,0,0.0,0.0,-6.567670301066753e-05,0.0014345250076442458,0.4268245870071754,0.5731754129928246,0.2,False
2026-06-10,100009.7377604013,0,0,0.0,0.0,-5.4955876067960524e-05,0.0014345887624662985,0.42762827506104906,0.5723717249389509,0.2,False
2026-06-11,100009.7377604013,0,0,0.0,0.0,-1.1058815577866647e-05,0.0014384897736327339,0.41936264235915405,0.5806373576408459,0.2,False
2026-06-12,100009.7377604013,0,0,0.0,0.0,2.808876106164744e-06,0.001221571664569395,0.4168596243438375,0.5831403756561625,0.2,False
2026-06-15,100009.7377604013,0,0,0.0,0.0,-4.916410824359333e-05,0.0014441399265642018,0.41598548820285525,0.5840145117971447,0.2,False
2026-06-16,100009.7377604013,0,0,0.0,0.0,-1.4276629033833524e-05,0.0014449077458718674,0.4127101789183643,0.5872898210816357,0.2,False
2026-06-17,100009.7377604013,0,0,0.0,0.0,1.3609833951171531e-06,0.0012282508512189915,0.41893745492336876,0.5810625450766312,0.2,False
2026-06-18,100009.7377604013,0,0,0.0,0.0,9.792851059576201e-06,0.0012315178186531194,0.4212477215730752,0.5787522784269248,0.2,False
2026-06-22,100009.7377604013,0,0,0.0,0.0,-6.120864602407028e-06,0.001438445956341401,0.4213839014469228,0.5786160985530773,0.2,False
2026-06-23,100009.7377604013,0,0,0.0,0.0,-4.827578190704726e-05,0.0014460195482237377,0.41746560043770986,0.5825343995622901,0.2,False
2026-06-24,100009.7377604013,0,0,0.0,0.0,-3.762282019840641e-05,0.0014469770411674216,0.41803137881303076,0.5819686211869692,0.2,False
2026-06-25,100009.7377604013,0,0,0.0,0.0,-5.730575448680051e-05,0.0014440277909291415,0.4192765066309972,0.5807234933690029,0.2,False
2026-06-26,100009.7377604013,0,0,0.0,0.0,-6.413478350724526e-05,0.0014425904437499189,0.4198028443638791,0.580197155636121,0.2,False
2026-06-29,100009.7377604013,0,0,0.0,0.0,-2.274322376320592e-05,0.00144274269010562,0.4199992335771267,0.5800007664228732,0.2,False
2026-06-30,100009.7377604013,0,0,0.0,0.0,-2.6472718643159836e-05,0.001442443618358073,0.42021835909587973,0.5797816409041203,0.2,False
2026-07-01,100009.7377604013,0,0,0.0,0.0,-1.697342103783949e-05,0.001452238169102684,0.41363953366733375,0.5863604663326663,0.2,False
2026-07-02,100009.7377604013,0,0,0.0,0.0,-8.004022017047184e-06,0.0014577191907440177,0.4071115048528333,0.5928884951471667,0.2,False
2026-07-06,100009.7377604013,0,0,0.0,0.0,-5.5359642331379836e-06,0.0014565391807005953,0.40514575314334156,0.5948542468566584,0.2,False
2026-07-07,100009.7377604013,0,0,0.0,0.0,-1.5214753423259618e-05,0.0014594172220288176,0.40390385158619957,0.5960961484138004,0.2,False
2026-07-08,100009.7377604013,0,0,0.0,0.0,-1.0239106273977341e-05,0.001458808663985043,0.4057426229245629,0.5942573770754371,0.2,False
2026-07-09,100009.7377604013,0,0,0.0,0.0,-1.405533822659811e-05,0.0014538548591740712,0.4080526076442072,0.5919473923557927,0.2,False
2026-07-10,100009.7377604013,0,0,0.0,0.0,-1.0794029231401024e-05,0.0014538195969413983,0.4075100310749496,0.5924899689250505,0.2,False
2026-07-13,100009.7377604013,0,0,0.0,0.0,-1.517624826438654e-05,0.0014532106803245217,0.4069825696715686,0.5930174303284315,0.2,False
2026-07-14,100009.7377604013,0,0,0.0,0.0,-1.0938448945653074e-05,0.0014527235584807048,0.405624603072941,0.594375396927059,0.2,False
2026-07-15,100009.7377604013,0,0,0.0,0.0,-1.3064418844265502e-05,0.0014514598929908182,0.4061171539860188,0.5938828460139812,0.2,False
2026-07-16,100009.7377604013,0,0,0.0,0.0,-1.69689463002744e-05,0.0014535278751783068,0.4055552112204591,0.5944447887795409,0.2,False
2026-07-17,100009.7377604013,0,0,0.0,0.0,-1.3747781004811026e-05,0.001453908077770977,0.4049859734487135,0.5950140265512864,0.2,False
2026-07-20,100009.7377604013,0,0,0.0,0.0,-7.566506268064474e-06,0.001445278428471682,0.41473862958098545,0.5852613704190146,0.2,False
2026-07-21,100009.7377604013,0,0,0.0,0.0,-9.11475806552383e-06,0.0014405754505468647,0.4185832095871681,0.5814167904128319,0.2,False
2026-07-22,100009.7377604013,0,0,0.0,0.0,-6.54006398239996e-06,0.001439572747725669,0.4190142012925402,0.5809857987074598,0.2,False
2026-07-23,100009.7377604013,0,0,0.0,0.0,-1.098587792086714e-05,0.0014417029109311291,0.4181581271810635,0.5818418728189365,0.2,False
2026-07-24,100009.7377604013,0,0,0.0,0.0,-7.020435905157579e-06,0.0014418997772508268,0.4169682462679952,0.5830317537320048,0.2,False
2026-07-27,100009.7377604013,0,0,0.0,0.0,-6.506162674787876e-06,0.0014415290851826276,0.41725576619522287,0.5827442338047771,0.2,False
2026-07-28,100009.7377604013,0,0,0.0,0.0,1.1762554801908178e-06,0.0012171430186704757,0.4137844208438993,0.5862155791561007,0.2,False
2026-07-29,100009.7377604013,0,0,0.0,0.0,3.514765783180503e-06,0.0012225555158589625,0.4169646968314508,0.5830353031685491,0.2,False
2026-07-30,100009.7377604013,0,0,0.0,0.0,1.9278598785848793e-05,0.001201277666951042,0.405607330637014,0.594392669362986,0.2,False
2026-07-31,100009.7377604013,0,0,0.0,0.0,9.601256293405395e-06,0.0011926109849484565,0.4,0.6,0.2,False
2026-08-03,100009.7377604013,0,0,0.0,0.0,0.0,0.0014555553714696533,0.4,0.6,0.2,False
2026-08-04,100009.7377604013,0,0,0.0,0.0,0.0,0.0014524715336162793,0.4,0.6,0.2,False
2026-08-05,100009.7377604013,0,0,0.0,0.0,0.0,0.0014518139544009666,0.4,0.6,0.2,False
2026-08-06,100009.7377604013,0,0,0.0,0.0,0.0,0.001451310838418249,0.4,0.6,0.2,False
2026-08-07,100009.7377604013,0,0,0.0,0.0,0.0,0.0014499656478994217,0.4,0.6,0.2,False
2026-08-10,100009.7377604013,0,0,0.0,0.0,0.0,0.0014522737699552563,0.4,0.6,0.2,False
2026-08-11,100009.7377604013,0,0,0.0,0.0,0.0,0.001452631220074998,0.4,0.6,0.2,False
2026-08-12,100009.7377604013,0,0,0.0,0.0,0.0,0.001453289693409443,0.4,0.6,0.2,False
2026-08-13,100009.7377604013,0,0,0.0,0.0,0.0,0.0014533235922718844,0.4,0.6,0.2,False
2026-08-14,100009.7377604013,0,0,0.0,0.0,0.0,0.001454023218550063,0.4,0.6,0.2,False
2026-08-17,100009.7377604013,0,0,0.0,0.0,0.0,0.0014551538745589925,0.4,0.6,0.2,False
2026-08-18,100009.7377604013,0,0,0.0,0.0,0.0,0.001453532762272428,0.4,0.6,0.2,False
2026-08-19,100009.7377604013,0,0,0.0,0.0,0.0,0.0014534002219278258,0.4,0.6,0.2,False
2026-08-20,100009.7377604013,0,0,0.0,0.0,0.0,0.0014541820162416513,0.4,0.6,0.2,False
2026-08-21,100009.7377604013,0,0,0.0,0.0,0.0,0.0014518060260031785,0.4,0.6,0.2,False
2026-08-24,100009.7377604013,0,0,0.0,0.0,0.0,0.0014520887670498369,0.4,0.6,0.2,False
2026-08-25,100009.7377604013,0,0,0.0,0.0,0.0,0.0014509107209532616,0.4,0.6,0.2,False
2026-08-26,100009.7377604013,0,0,0.0,0.0,0.0,0.001451303077631861,0.4,0.6,0.2,False
2026-08-27,100009.7377604013,0,0,0.0,0.0,0.0,0.0014519310573777823,0.4,0.6,0.2,False
2026-08-28,100009.7377604013,0,0,0.0,0.0,0.0,0.001452707413850421,0.4,0.6,0.2,False
2026-08-31,100009.7377604013,0,0,0.0,0.0,0.0,0.0014505422357138382,0.4014517919908704,0.5985482080091296,0.2,False
2026-09-01,100009.7377604013,0,0,0.0,0.0,6.352858768630861e-05,0.0012099498934297953,0.41105521768494635,0.5889447823150536,0.2,False
2026-09-02,100009.7377604013,0,0,0.0,0.0,6.869522340216568e-05,0.0012170468124996906,0.41651724793997813,0.5834827520600219,0.2,False
2026-09-03,100009.7377604013,0,0,0.0,0.0,1.6987252122730227e-05,0.0012444119314118148,0.4342788409608162,0.5657211590391837,0.2,False
2026-09-04,100009.7377604013,0,0,0.0,0.0,3.337148764377986e-05,0.0012554086342956938,0.4406627955286295,0.5593372044713705,0.2,False
2026-09-08,100009.7377604013,0,0,0.0,0.0,4.347779095456523e-05,0.001264050589386078,0.44483194567594564,0.5551680543240544,0.2,False
2026-09-09,100009.7377604013,0,0,0.0,0.0,1.6806073283953753e-05,0.0012636479918136944,0.4438954652180877,0.5561045347819122,0.2,False
2026-09-10,100009.7377604013,0,0,0.0,0.0,-2.255591482180053e-05,0.00141756026350849,0.4401691309171304,0.5598308690828696,0.2,False
2026-09-11,100009.7377604013,0,0,0.0,0.0,-8.843862386873846e-06,0.0014174960401154323,0.439093685885477,0.560906314114523,0.2,False
2026-09-14,100009.7377604013,0,0,0.0,0.0,-4.2873675477190574e-05,0.0014204203243708296,0.437318432344803,0.5626815676551971,0.2,False
2026-09-15,100009.7377604013,0,0,0.0,0.0,-5.375934852435152e-05,0.0014213925977164,0.43667767169708194,0.5633223283029181,0.2,False
2026-09-16,100009.7377604013,0,0,0.0,0.0,-9.135285063644877e-05,0.001427175403942755,0.4336702469036511,0.5663297530963489,0.2,False
2026-09-17,100009.7377604013,0,0,0.0,0.0,-5.851214873719522e-06,0.001435350945639561,0.42151217238773353,0.5784878276122665,0.2,False
2026-09-18,100009.7377604013,0,0,0.0,0.0,-6.618618721013556e-05,0.0014440684745156153,0.41475813419174457,0.5852418658082554,0.2,False
