Date,prediction,weight_x,weight_y,share_ratio_x_per_y,sigma_daily,correlation,volatility_ratio,last_label_index,training_samples,z,var_x,var_y,covariance
2015-01-02,,0.5,0.5,1.2981900470062178,,,,-1,0,,,,
2015-01-05,,0.5,0.5,1.2754682893914118,,,,-1,0,,,,
2015-01-06,,0.5,0.5,1.2619266601676822,,,,-1,0,,,,
2015-01-07,,0.5,0.5,1.251818223433061,,,,-1,0,,,,
2015-01-08,,0.5,0.5,1.250785016403711,,,,-1,0,,,,
2015-01-09,,0.5,0.5,1.2284444173177085,,,,-1,0,,,,
2015-01-12,,0.5,0.5,1.2230216296253098,,,,-1,0,,,,
2015-01-13,,0.5,0.5,1.217625908381228,,,,-1,0,,,,
2015-01-14,,0.5,0.5,1.2265268547117638,,,,-1,0,,,,
2015-01-15,,0.5,0.5,1.212505690933811,,,,-1,0,,,,
2015-01-16,,0.5,0.5,1.2213261918280023,,,,-1,0,,,,
2015-01-20,,0.5,0.5,1.222877879908035,,,,-1,0,,,,
2015-01-21,,0.5,0.5,1.21547462951704,,,,-1,0,,,,
2015-01-22,,0.5,0.5,1.226372675161264,,,,-1,0,,,,
2015-01-23,,0.5,0.5,1.239090919494629,,,,-1,0,,,,
2015-01-26,,0.5,0.5,1.2314311878626976,,,,-1,0,,,,
2015-01-27,,0.5,0.5,1.238245856712078,,,,-1,0,,,,
2015-01-28,,0.5,0.5,1.2136363983154297,,,,-1,0,,,,
2015-01-29,,0.5,0.5,1.2054422151195228,,,,-1,0,,,,
2015-01-30,,0.5,0.5,1.2062043997277156,,,,-1,0,,,,
2015-02-02,,0.5,0.5,1.213231934352422,,,,-1,0,,,,
2015-02-03,,0.5,0.5,1.2196936706326997,,,,-1,0,,,,
2015-02-04,,0.5,0.5,1.2032556503421228,,,,-1,0,,,,
2015-02-05,,0.5,0.5,1.2052722612484117,,,,-1,0,,,,
2015-02-06,,0.5,0.5,1.200956976303993,,,,-1,0,,,,
2015-02-09,,0.5,0.5,1.2108014087797188,,,,-1,0,,,,
2015-02-10,,0.5,0.5,1.2026143557275724,,,,-1,0,,,,
2015-02-11,,0.5,0.5,1.2171605358190112,,,,-1,0,,,,
2015-02-12,,0.5,0.5,1.2298900897686298,,,,-1,0,,,,
2015-02-13,,0.5,0.5,1.2087817682756106,,,,-1,0,,,,
2015-02-17,,0.5,0.5,1.2134303617444262,,,,-1,0,,,,
2015-02-18,,0.5,0.5,1.1945508616157248,,,,-1,0,,,,
2015-02-19,,0.5,0.5,1.1898247392012586,,,,-1,0,,,,
2015-02-20,,0.5,0.5,1.1781461966479645,,,,-1,0,,,,
2015-02-23,,0.5,0.5,1.1811594273596082,,,,-1,0,,,,
2015-02-24,,0.5,0.5,1.1769425878403303,,,,-1,0,,,,
2015-02-25,,0.5,0.5,1.1807885670451441,,,,-1,0,,,,
2015-02-26,,0.5,0.5,1.1887754481417705,,,,-1,0,,,,
2015-02-27,,0.5,0.5,1.1832770311087915,,,,-1,0,,,,
2015-03-02,,0.5,0.5,1.182700412840367,,,,-1,0,,,,
2015-03-03,,0.5,0.5,1.1754534759760944,,,,-1,0,,,,
2015-03-04,,0.5,0.5,1.1827819966025253,,,,-1,0,,,,
2015-03-05,,0.5,0.5,1.1828644962892068,,,,-1,0,,,,
2015-03-06,,0.5,0.5,1.1830803193224435,,,,-1,0,,,,
2015-03-09,,0.5,0.5,1.1783080584117056,,,,-1,0,,,,
2015-03-10,,0.5,0.5,1.180728224338073,,,,-1,0,,,,
2015-03-11,,0.5,0.5,1.1843277589382981,,,,-1,0,,,,
2015-03-12,,0.5,0.5,1.1592384339240311,,,,-1,0,,,,
2015-03-13,,0.5,0.5,1.1721094282785565,,,,-1,0,,,,
2015-03-16,,0.5,0.5,1.1767278609060625,,,,-1,0,,,,
2015-03-17,,0.5,0.5,1.1816585881235204,,,,-1,0,,,,
2015-03-18,,0.5,0.5,1.1721346840103473,,,,-1,0,,,,
2015-03-19,,0.5,0.5,1.1553356560200116,,,,-1,0,,,,
2015-03-20,,0.5,0.5,1.1470957130327464,,,,-1,0,,,,
2015-03-23,,0.5,0.5,1.144813266218933,,,,-1,0,,,,
2015-03-24,,0.5,0.5,1.1534632418881914,,,,-1,0,,,,
2015-03-25,,0.5,0.5,1.1547819006056952,,,,-1,0,,,,
2015-03-26,,0.5,0.5,1.163489987429757,,,,-1,0,,,,
2015-03-27,,0.5,0.5,1.1578272312451454,,,,-1,0,,,,
2015-03-30,,0.5,0.5,1.1712062747731653,,,,-1,0,,,,
2015-03-31,,0.48062023889104305,0.519379761108957,1.1002471500740698,0.004383346942716733,0.7551878208832022,,-1,0,,0.00017218428978562532,0.00014341314386127617,0.00011867144138752451
2015-04-01,,0.4770903959614669,0.522909604038533,1.087680181864377,0.0043092221576867705,0.7547178530946845,,-1,0,,0.00016578596729821538,0.00013886229953550988,0.0001145119166306381
2015-04-02,,0.48037489476386447,0.5196251052361356,1.1115296011473164,0.00432520485477489,0.7490204915476167,,-1,0,,0.00015999670934559404,0.00013928088502027195,0.00011181369086488789
2015-04-06,,0.4817041772434653,0.5182958227565346,1.1181656394373123,0.004244991841857121,0.7543512585713259,,-1,0,,0.00015700708179727116,0.00013743729353087717,0.00011081167949909482
2015-04-07,,0.4816856299196877,0.5183143700803123,1.1163135809405076,0.004167152099547668,0.7550670757655881,,-1,0,,0.00015196914663285067,0.00013264299154472573,0.00010720262011136029
2015-04-08,,0.4789224840578703,0.5210775159421297,1.0923093404434598,0.004207241664833638,0.7438342470343425,,-1,0,,0.00015005548391355087,0.00012772510367199335,0.00010297700052947432
2015-04-09,,0.4783666972079635,0.5216333027920366,1.0973447598067754,0.0041848089479786564,0.7377274509693689,,-1,0,,0.00014494750970652743,0.0001234823051884666,9.869693982983836e-05
2015-04-10,,0.4786807562148961,0.521319243785104,1.101462628587574,0.004115576967775644,0.7372938582881173,,-1,0,,0.00013966301349045934,0.00011946892201640485,9.523767683765525e-05
2015-04-13,,0.46995915397010707,0.5300408460298929,1.080445484169171,0.0042650594259896705,0.7185732294774866,,-1,0,,0.00014602582742934844,0.00011527478261065037,9.322942964270718e-05
2015-04-14,,0.46972790034788403,0.530272099652116,1.0833082418822864,0.0042020921714226245,0.7206928471879472,,-1,0,,0.00014172298028492726,0.00011358822196029258,9.144016492820325e-05
2015-04-15,,0.4807119719312284,0.5192880280687716,1.150897858675074,0.004426923486917382,0.6959950051340734,,-1,0,,0.0001367959586726905,0.0001217357767510735,8.98156199848795e-05
2015-04-16,,0.47656177150125667,0.5234382284987433,1.1192487273658174,0.004487604863553363,0.6855960691518498,,-1,0,,0.0001401848677471051,0.00011757217598429467,8.801793292130482e-05
2015-04-17,,0.4668520260477886,0.5331479739522114,1.0911795751021234,0.004524020846125215,0.6857861970824024,,-1,0,,0.00014877498333648937,0.0001150741312385896,8.973100817909642e-05
2015-04-20,,0.4647339166839386,0.5352660833160614,1.0879023302177862,0.004458838321688107,0.683653457793025,,-1,0,,0.00014356464603786453,0.00011108885561461792,8.633661423712366e-05
2015-04-21,,0.4674226363939557,0.5325773636060442,1.0939517773413432,0.004435458794483232,0.6811976045613964,,-1,0,,0.00013879023465684877,0.00011059027537788808,8.439389610311707e-05
2015-04-22,,0.46786420133151996,0.53213579866848,1.0953342642862243,0.004357584115855014,0.6811292066732092,,-1,0,,0.0001340225012360559,0.00010664634485874534,8.143129664181498e-05
2015-04-23,,0.471563350891061,0.528436649108939,1.1181375339677948,0.004314078081844395,0.6856676135460841,,-1,0,,0.00013097949892843997,0.00010767028652888473,8.142602485520285e-05
2015-04-24,,0.4577939424701908,0.5422060575298092,1.0330802405698687,0.00478763828859908,0.6223404107621837,,-1,0,,0.00014343144755373262,0.00010418609659286462,7.607729746055011e-05
2015-04-27,,0.4543136966247988,0.5456863033752012,1.0139512973017155,0.004722110069779253,0.6195885179172487,,-1,0,,0.00013881850393717378,0.00010054947112493681,7.320098685954842e-05
2015-04-28,,0.45028942623168755,0.5497105737683124,0.9907586772945024,0.0046640131288660834,0.6245731430339299,,-1,0,,0.00013951135997174858,9.804975783716021e-05,7.304850871579004e-05
2015-04-29,,0.43088337439080465,0.5691166256091953,0.9393113781761601,0.0050090982963279015,0.5810139460186813,,-1,0,,0.00015740295555665443,9.459430427279803e-05,7.08966136812242e-05
2015-04-30,,0.42682255811605324,0.5731774418839468,0.9298676036599816,0.004917362650848728,0.6195891129967683,,-1,0,,0.00016792046259882457,0.00010015479162987075,8.035103123024471e-05
2015-05-01,,0.425158102262308,0.574841897737692,0.919070280049958,0.004853630752236049,0.6168302719838399,,-1,0,,0.00016300791460427007,9.664572151290194e-05,7.742145722545994e-05
2015-05-04,,0.42557394670198967,0.5744260532980103,0.9282213527049743,0.004823476385715556,0.6102264022547804,,-1,0,,0.00015744540770223553,9.421730840135381e-05,7.432267624546641e-05
2015-05-05,,0.4317070564514773,0.5682929435485227,0.9422592090087133,0.004892973140936681,0.5981463867065795,,-1,0,,0.00015202644530248167,9.643584092806895e-05,7.242463080376867e-05
2015-05-06,,0.4289616203066212,0.5710383796933788,0.9407926656970138,0.004830002319623333,0.6120812578066986,,-1,0,,0.00015707459735741006,9.55833256635374e-05,7.499859499148826e-05
2015-05-07,,0.42559773467930667,0.5744022653206933,0.9362166309685936,0.004769252020414829,0.615342288700002,,-1,0,,0.00015676755918725367,9.294707703364772e-05,7.427843232245868e-05
2015-05-08,,0.4248241014924603,0.5751758985075397,0.9314584406042105,0.004685309214442411,0.626322180632468,,-1,0,,0.00015604944394866479,9.220721169779122e-05,7.5129647216009e-05
2015-05-11,,0.41724821969071035,0.5827517803092896,0.9175691938423679,0.004717423616882965,0.6199428681276721,,-1,0,,0.00016162240575304072,8.936574246984748e-05,7.450544031226479e-05
2015-05-12,,0.4,0.6,0.8337670083985929,0.005047608287817894,0.5719052720547964,,-1,0,,0.0001771884155444077,8.633787379967477e-05,7.073631589112554e-05
2015-05-13,,0.4,0.6,0.8159161241985868,0.005252610089100672,0.5385602524504207,,-1,0,,0.00018592169808114028,8.345169585770449e-05,6.70836863617373e-05
2015-05-14,,0.4,0.6,0.8111908194986868,0.005176643071637933,0.5377434222944617,,-1,0,,0.00018098591623265676,8.059322972731807e-05,6.494515793317204e-05
2015-05-15,,0.4,0.6,0.8137833860442927,0.005097370119583035,0.5363392266848974,,-1,0,,0.00017480580700138685,7.797270073981932e-05,6.26164984386227e-05
2015-05-18,,0.4,0.6,0.8239345573317153,0.0050448209152086695,0.5556154369685792,,-1,0,,0.00018316617372253862,7.762177108510711e-05,6.625043191607898e-05
2015-05-19,,0.4,0.6,0.8331138920031742,0.004979617628961499,0.5737085419124465,,-1,0,,0.0001890892024789315,7.735203683269563e-05,6.938419567861526e-05
2015-05-20,,0.4,0.6,0.8361979848569356,0.004897183145504149,0.5737616720881498,,-1,0,,0.00018309986803040744,7.472362739083222e-05,6.711267080198936e-05
2015-05-21,,0.4,0.6,0.8341328725751387,0.004812915656032339,0.5847967830853338,,-1,0,,0.00018110328685531826,7.430770063372812e-05,6.783987711023302e-05
2015-05-22,,0.4,0.6,0.8353130991582437,0.004735489122409215,0.5919898899592964,,-1,0,,0.0001772899856568073,7.375446563873785e-05,6.769405855537251e-05
2015-05-26,,0.4,0.6,0.8172231792020785,0.005231676180773702,0.529946177036936,,-1,0,,0.00017136169029945516,8.52931102352671e-05,6.406865515027933e-05
2015-05-27,,0.4,0.6,0.818035425921747,0.005143954930315967,0.5300177804475659,,-1,0,,0.00016555207808680283,8.252261253880252e-05,6.195041808903213e-05
2015-05-28,,0.4,0.6,0.830810356546826,0.00519907729192932,0.5113487526345541,,-1,0,,0.00016567048513536033,7.989158552331439e-05,5.882884108874108e-05
2015-05-29,,0.4,0.6,0.8216503862253893,0.00522777869895931,0.4954087184045603,,-1,0,,0.00016071571064225353,7.884120063171476e-05,5.5765991260177476e-05
2015-06-01,,0.4,0.6,0.8252123229098199,0.005142654195824056,0.4975626020586253,,-1,0,,0.00015677905767180728,7.638244509818436e-05,5.444882767710162e-05
2015-06-02,,0.4,0.6,0.8305135257575867,0.005127818930564795,0.4999283384695178,,-1,0,,0.00015230864068340418,7.800195379384484e-05,5.4490747688479464e-05
2015-06-03,,0.4,0.6,0.8377448505582282,0.0050819619411973885,0.49407878406204914,,-1,0,,0.0001486519064863032,7.54300466963244e-05,5.2318301409805354e-05
2015-06-04,,0.4,0.6,0.8530001183891824,0.00505535655779221,0.5411889107357619,,-1,0,,0.00017242479193328201,7.80860949048786e-05,6.27965228097265e-05
2015-06-05,,0.4,0.6,0.859314442623287,0.0049978571738664565,0.537109456701229,,-1,0,,0.00016699836476049342,7.566534064434429e-05,6.037642638182186e-05
2015-06-08,,0.4,0.6,0.8449181488465536,0.005222589043679546,0.4958196552518563,,-1,0,,0.00016270764784992857,7.785862255477948e-05,5.580602386780741e-05
2015-06-09,,0.4,0.6,0.8568326704949141,0.0053098498639344155,0.47582932226287944,,-1,0,,0.0001573780117078787,7.920629642127738e-05,5.31255062654086e-05
2015-06-10,,0.4,0.6,0.8475193803093264,0.0052409054133728955,0.5161084168673499,,-1,0,,0.00017176715853575752,8.125212346131032e-05,6.0971708874732496e-05
2015-06-11,,0.4,0.6,0.8399638270598209,0.005211686254056174,0.5081661222587956,,-1,0,,0.00016812926313102352,7.862814244140632e-05,5.84273745190666e-05
2015-06-12,,0.4,0.6,0.8385820677887903,0.005152949943307543,0.5186725360604343,,-1,0,,0.0001648830422127187,7.980747050200903e-05,5.949808961776051e-05
2015-06-15,,0.4,0.6,0.8353012285507738,0.005072112600241816,0.5195883225165037,,-1,0,,0.00016063593418797167,7.723373662803277e-05,5.7874100888823895e-05
2015-06-16,,0.4,0.6,0.8301773507426621,0.005003163621612628,0.5199072579089802,,-1,0,,0.00015751334125820184,7.47412485555767e-05,5.641112053477483e-05
2015-06-17,,0.4,0.6,0.8316089402686122,0.0049265598493436705,0.5212351784055879,,-1,0,,0.00015252513192261905,7.292833888622316e-05,5.497339824477971e-05
2015-06-18,,0.4,0.6,0.8310174848844827,0.004843558757295551,0.5234043382137374,,-1,0,,0.00014800564769413798,7.085037974362995e-05,5.3597872715405065e-05
2015-06-19,,0.4,0.6,0.8197552708363892,0.004971380078609944,0.49919270913850805,,-1,0,,0.00014315903444847593,7.31265456579538e-05,5.107579596379106e-05
2015-06-22,,0.40084513333162436,0.5991548666683757,0.8271544649080602,0.0049391726786939035,0.4974689582238846,,-1,0,,0.00013852992160819246,7.279602596652948e-05,4.995645541109746e-05
2015-06-23,,0.4012754553610597,0.5987245446389403,0.8259091791154766,0.004856028524287,0.5092893449939089,,-1,0,,0.00013731856070266547,7.196177129614431e-05,5.0626759951625086e-05
2015-06-24,,0.40118923455586747,0.5988107654441326,0.8271978657691343,0.004774660121833476,0.5108620455713526,,-1,0,,0.0001333608069953493,6.972521638486131e-05,4.926207269993656e-05
2015-06-25,,0.40032145289546706,0.5996785471045329,0.8432337695916701,0.00472408599947341,0.5062181770619167,,-1,0,,0.00012977683165808456,6.746578856590656e-05,4.7367244327035575e-05
2015-06-26,,0.4,0.6,0.8560323383361201,0.00477008890279341,0.4990414889058989,,-1,0,,0.00013657402020431452,6.538164794437864e-05,4.7157267400237094e-05
2015-06-29,,0.41693462969712314,0.5830653703028769,0.915225744626945,0.004851996403035592,0.5848919040762897,,-1,0,,0.00015126483804353788,8.890570359368051e-05,6.78280630219404e-05
2015-06-30,,0.41909597463941733,0.5809040253605826,0.9149404610650296,0.004835025678483364,0.5764416700164434,,-1,0,,0.00014831423459716925,8.603636208891034e-05,6.511601348815145e-05
2015-07-01,,0.41530544209598236,0.5846945579040177,0.8873671914617024,0.004909843650933813,0.5554054414256591,,-1,0,,0.00014844447355493462,8.342332176072465e-05,6.180674701040117e-05
2015-07-02,,0.415351454015058,0.584648545984942,0.8867911755313765,0.004830257641087743,0.5616597456899267,,-1,0,,0.0001451995993019171,8.211292738244417e-05,6.13284199210039e-05
2015-07-06,,0.4029558531449226,0.5970441468550773,0.857363348093737,0.0048418375575591446,0.5828286542389021,,-1,0,0.8890787765985034,0.00016458328869142547,8.243235197451532e-05,6.788637347612758e-05
2015-07-07,,0.4,0.6,0.8429302683473545,0.004773885626855873,0.5808241957102053,,-1,0,-0.12739271385781228,0.0001596719840799583,7.970678830389793e-05,6.552495263311561e-05
2015-07-08,,0.4,0.6,0.8526748845606675,0.004700240323360802,0.6260041822402268,,-1,0,0.3501196858585628,0.00017766291227398626,8.494177336334232e-05,7.690176099436288e-05
2015-07-09,,0.4,0.6,0.8405087992316858,0.004769770410557879,0.6071566776248722,,-1,0,-0.2445577562261579,0.00017637642778102754,8.24023380807909e-05,7.319658413461596e-05
2015-07-10,,0.4,0.6,0.8386473415707449,0.004699333213109194,0.6260506415101444,,-1,0,-0.25428223400753747,0.0001777025219210838,8.488562114685808e-05,7.689061348418989e-05
2015-07-13,,0.4,0.6,0.842105295472968,0.004651700653054378,0.6244642440144472,,-1,0,-0.050474971996996555,0.00017194304666153973,8.338356807515823e-05,7.477219376516e-05
2015-07-14,,0.4,0.6,0.8356403905351569,0.004588663372381811,0.6300096346806094,,-1,0,-0.30426058856432764,0.00017186842262337498,8.155110957780007e-05,7.45864906723117e-05
2015-07-15,,0.4,0.6,0.8306220539334321,0.004561209175569828,0.6261015936889704,,-1,0,-0.4595992824495684,0.00016621633821231485,8.04535062625127e-05,7.240259838577618e-05
2015-07-16,,0.4,0.6,0.8217494141854377,0.004531854255064386,0.6247728606971702,,-1,0,-0.7677154325885828,0.0001663141408116583,7.802900401815994e-05,7.11729187234536e-05
2015-07-17,,0.4,0.6,0.8206590143069273,0.004461523251071009,0.626746802529227,,-1,0,-0.7031834835466808,0.000161452658679597,7.626389963271942e-05,6.954633236805684e-05
2015-07-20,,0.4,0.6,0.8039030704290123,0.004768395674282569,0.5764987722084343,,-1,0,-1.3231340194911065,0.00015794446451781736,7.86157600400887e-05,6.42399804807625e-05
2015-07-21,,0.4,0.6,0.8007536677605247,0.0046914623867258705,0.5763752960482873,,-1,0,-1.303932069709993,0.00015299912299857795,7.601846708815913e-05,6.21597677196795e-05
2015-07-22,,0.4,0.6,0.8092263615935317,0.004651148333570218,0.5897232955910489,,-1,0,-0.7951673887911311,0.00016001783018456693,7.526401207031781e-05,6.471815907077524e-05
2015-07-23,,0.4,0.6,0.8148508370146741,0.004598075735473292,0.5908496312657366,,-1,0,-0.48539950007632654,0.00015855530831497907,7.303579020574485e-05,6.358215278190948e-05
2015-07-24,,0.4,0.6,0.8252555732486831,0.004612383824073613,0.5841387823478841,,-1,0,-0.0229580719052315,0.00016064933581100535,7.069979833383888e-05,6.225361789451445e-05
2015-07-27,,0.4,0.6,0.8140108350949883,0.004709925934687995,0.560436879502157,,-1,0,-0.46109420857838984,0.00015598766323460226,7.084756943247042e-05,5.891614333953986e-05
2015-07-28,,0.4,0.6,0.8081685066953491,0.004635058918844395,0.614891358579235,,-1,0,-0.6707243650030495,0.00017045178678423093,7.914625480582208e-05,7.141909673836236e-05
2015-07-29,,0.4038408841776855,0.5961591158223145,0.8308713175065111,0.00481163163081726,0.5981038943276138,,-1,0,-0.2377482695191588,0.00016532074389878558,8.577197728641593e-05,7.122181165337694e-05
2015-07-30,,0.4047786825014895,0.5952213174985105,0.8326910847979717,0.004731845006589045,0.5992909698384677,,-1,0,-0.2768135032906815,0.0001603258021549783,8.318221463441154e-05,6.920774262197073e-05
2015-07-31,,0.40487278451835484,0.5951272154816452,0.8308793835453325,0.004653400652391975,0.6003248009193066,,-1,0,-0.34460502101675555,0.00015558681911727145,8.059973339249416e-05,6.72263433297939e-05
2015-08-03,,0.40876444965290254,0.5912355503470974,0.8413819241758899,0.004612097117878651,0.6072799775652763,,-1,0,-0.4335027032620286,0.00015249560361608994,8.167208688158999e-05,6.777264734473112e-05
2015-08-04,,0.40582470163976125,0.5941752983602387,0.8225854290525036,0.004555268280677765,0.6207924755462331,,-1,0,-0.7615104972682479,0.00015774965294651264,8.110765948299273e-05,7.022012288412257e-05
2015-08-05,,0.4051396630361991,0.5948603369638009,0.8225241495706611,0.004492800578118185,0.6189173041701553,,-1,0,-0.6191959758745618,0.0001526733868443777,7.854464874369025e-05,6.777547907272487e-05
2015-08-06,,0.4,0.6,0.8248862515673816,0.004777803636954729,0.5776228660175943,,-1,0,0.22740217933703546,0.00016682802132283027,7.596437972648175e-05,6.50255260831009e-05
2015-08-07,,0.4,0.6,0.8246476453184283,0.0047066700212659435,0.5839838785370353,,-1,0,0.20903326689106572,0.00016317906254075757,7.535385414660573e-05,6.475686418794942e-05
2015-08-10,,0.4075187626234279,0.5924812373765721,0.8553581225201708,0.004783985233156125,0.6130098138662292,,-1,0,0.3811992429332738,0.0001668407606085744,8.905801679923247e-05,7.472312353619605e-05
2015-08-11,,0.4,0.6,0.8478769619233981,0.00484690592458118,0.6340828290963421,,-1,0,1.0836209797772585,0.00019771019593785446,9.043486294951773e-05,8.478684368779782e-05
2015-08-12,,0.4,0.6,0.851127764054004,0.004785585617592199,0.6335616522466219,,-1,0,1.1579478233985645,0.00019139117623120678,8.848569884222487e-05,8.244918766018489e-05
2015-08-13,,0.4,0.6,0.842969679580763,0.0048464632612629,0.6214554667319013,,-1,0,0.7847738054567914,0.00018511556953015128,8.981273648438498e-05,8.013097940923288e-05
2015-08-14,,0.4,0.6,0.8445786866121933,0.004768992326247052,0.6212497032349868,,-1,0,0.8089081014432181,0.00017901687454354058,8.696746687634926e-05,7.751604207218534e-05
2015-08-17,,0.4,0.6,0.8402743085661932,0.004707634122499555,0.6192901354806996,,-1,0,0.6060807942700723,0.0001740844065588543,8.410047306239703e-05,7.493303400116139e-05
2015-08-18,,0.4,0.6,0.84737732473032,0.0046580321990575095,0.6179708112851507,,-1,0,0.8443835187447101,0.0001714427435725874,8.14261455477144e-05,7.301455708611384e-05
2015-08-19,,0.4,0.6,0.8282115658608112,0.005071220605877513,0.5541234695844935,,-1,0,0.06550486162802704,0.00016884301547556382,8.480450843955377e-05,6.630672308511019e-05
2015-08-20,,0.4003291296806204,0.5996708703193796,0.8362080085772378,0.004987816512397969,0.6093363789953439,,-1,0,0.31335809583831065,0.0001868136086946648,9.338003449621242e-05,8.0480075912324e-05
2015-08-21,,0.41358855276828,0.58641144723172,0.8810470304110898,0.00501022415734934,0.6466535728638884,,-1,0,0.2026399885538625,0.00019522608356424936,0.0001088642409769718,9.427210985646279e-05
2015-08-24,,0.4,0.6,0.8708188934723433,0.005263547103166858,0.7513692119088439,,-1,0,1.4868880478161517,0.0003724352106057097,0.00014104127140263957,0.00017220742353043247
2015-08-25,,0.4,0.6,0.8245326900886024,0.006470196190438423,0.6954358514347847,,-1,0,-0.17810551350938053,0.0004980298962383461,0.0001382378485625117,0.00018247285445390776
2015-08-26,,0.4,0.6,0.8192091029025746,0.006380179907487568,0.7180666875461423,,-1,0,-0.3896762239710853,0.0005136622271777562,0.00015446652856200232,0.00020226502287261204
2015-08-27,,0.4,0.6,0.8325541442606873,0.006819410476675555,0.6996610451044514,,-1,0,0.120870243298752,0.0005127773194966881,0.0002001039120091245,0.00022411962540283876
2015-08-28,,0.4,0.6,0.8424717578766114,0.006808790949051273,0.6920396853618971,,-1,0,0.48979079590325336,0.0004962413494868836,0.0001959782201464622,0.0002158148770473859
2015-08-31,,0.4,0.6,0.8675603558243321,0.007059802756858784,0.6657966571663039,,-1,0,1.4057943421894585,0.0004986841962383281,0.00019023278179153112,0.00020506762057777674
2015-09-01,,0.4,0.6,0.880644511546517,0.006943925507712721,0.7067209888268912,,-1,0,1.7556475211071432,0.000542947950126671,0.0002133045404910506,0.00024050667737579633
2015-09-02,,0.4,0.6,0.8631115464773174,0.006973049782304747,0.7026186902728176,,-1,0,1.0843545209708243,0.0005482021888693107,0.00020701232742505003,0.0002366945100533489
2015-09-03,,0.4,0.6,0.8821998909104352,0.007111263520769776,0.6834044513238083,,-1,0,1.7323152258334165,0.000533648725732761,0.00020378672079994967,0.0002253686390487348
2015-09-04,,0.4,0.6,0.8882554017255886,0.006994257335718747,0.6910389659201643,,-1,0,1.8413053295888742,0.0005272741685890918,0.0002029550418708894,0.0002260584299364987
2015-09-08,,0.4,0.6,0.8640494460195729,0.007033398129187649,0.7130683106435226,,-1,0,0.952139804681106,0.00059058498552685,0.00020879991349366165,0.00025040182770490394
2015-09-09,,0.4,0.6,0.8592267899695865,0.006952527634242607,0.7107291268766267,,-1,0,0.7301284813954004,0.000571168094075042,0.00020348288155004032,0.00024229810813565446
2015-09-10,,0.4,0.6,0.8594770983812334,0.006840952281192582,0.7117012954880757,,-1,0,0.7147423962875654,0.000553997868956714,0.00019828812756986753,0.00023588491009306786
2015-09-11,,0.4,0.6,0.8525186627248822,0.006787670014845907,0.7074104594293523,,-1,0,0.41009630137335745,0.0005357991647965154,0.00019373643824000206,0.00022791774979876039
2015-09-14,,0.4,0.6,0.8405639669788727,0.006790677421753749,0.69853675771358,,-1,0,-0.10755320248293351,0.0005204802950392626,0.00018850487519850905,0.00021880271339881074
2015-09-15,,0.4,0.6,0.848353255047821,0.00676166592292764,0.6929267308944175,,-1,0,0.19416216955406332,0.0005034024807546866,0.0001858969765967398,0.00021197329675478184
2015-09-16,,0.4,0.6,0.8522045973561726,0.0068177512880725445,0.708357126001508,,-1,0,0.3543446718839614,0.0005125315314540923,0.00021443765093580127,0.00023483513904901752
2015-09-17,,0.4,0.6,0.8605024336451287,0.006740573459309979,0.7060653208727731,,-1,0,0.699106760546479,0.0004982179448586118,0.0002073966299038416,0.00022696318204668082
2015-09-18,,0.4,0.6,0.8540211130470434,0.006704996733320296,0.7025019349961074,,-1,0,0.35717269835783694,0.00048232080701650105,0.000205166164940951,0.00022098784855738892
2015-09-21,,0.4,0.6,0.8657632554177144,0.006699925015609158,0.6943356902051457,,-1,0,0.8846137968228892,0.00046804335535443497,0.00019972569438779354,0.000212289982544854
2015-09-22,,0.4,0.6,0.8560439508999577,0.0068034163295984775,0.6897034555006293,,-1,0,0.3614006704401004,0.00045709019688189913,0.00021103882787728496,0.00021421236621474841
2015-09-23,,0.4,0.6,0.861843310364206,0.00669073988608297,0.6966702930893759,,-1,0,0.5897198389467794,0.0004526597113616513,0.00020861310814532791,0.00021408390109783486
2015-09-24,,0.4,0.6,0.8486188003662531,0.0066702137399777,0.6918717103296853,,-1,0,-0.06504667025174278,0.00044821630761722697,0.00020186627836558607,0.00020811399602787504
2015-09-25,,0.4,0.6,0.8552899839668916,0.006597159015086359,0.6889199491868366,,-1,0,0.23613615866393065,0.00043396551534944896,0.00019573570827866716,0.00020078506326228504
2015-09-28,,0.4067881072798896,0.5932118927201104,0.8642393649348047,0.006910153707867359,0.6777512350410758,1.4262410745059084,-1,0,-0.5297690659778067,0.00042534196902683564,0.0002200613957377363,0.00020735349877851292
2015-09-29,,0.4074767234243464,0.5925232765756536,0.878003621634024,0.006881767389680412,0.670947833032656,1.4198917337699979,-1,0,-0.02408407881327825,0.000414363706188769,0.00021323617472858192,0.00019943898283793877
2015-09-30,,0.41868935154691966,0.5813106484530803,0.9244287976782158,0.006921258598105203,0.693936952926029,1.427225136270839,-1,0,0.1940326820974191,0.0004255335838769106,0.00024137789948191018,0.00022240046305359182
2015-10-01,,0.42025964552651807,0.5797403544734819,0.9226858255049154,0.006833691886092803,0.6928181599720913,1.4081917173958332,-1,0,-0.1874205974657507,0.000415163864812123,0.00023356405756947072,0.00021574067915584467
2015-10-02,,0.4238231706208794,0.5761768293791206,0.941137178257738,0.006779384937131602,0.6961242691707493,1.396420769063123,-1,0,0.03301314754492917,0.0004060347488361252,0.00023528157212942175,0.0002151603950037004
2015-10-05,,0.42491364782303215,0.5750863521769678,0.9384466534534319,0.006667809703726282,0.716534831103246,1.367895900051279,-1,0,-0.29375352790533255,0.00042169046133432237,0.00024355503750095927,0.00022963218248974422
2015-10-06,,0.426947092868235,0.5730529071317649,0.951819698588324,0.006605192209576112,0.7161290866797728,1.3493537827836661,-1,0,-0.027697505999516505,0.00040913857104432134,0.00024043054358051708,0.00022460599545033068
2015-10-07,,0.4288156687572807,0.5711843312427193,0.9585936149698376,0.006506296546984062,0.7230400382734706,1.3268642335814222,-1,0,-0.05502036623687898,0.0004041385382513189,0.00024027080157927624,0.00022530870881926304
2015-10-08,,0.42949676340708787,0.5705032365929121,0.9586504520492879,0.006399388671797849,0.727829111901802,1.3023820758982283,-1,0,-0.1799266804523427,0.0003975077616228553,0.0002366291251029386,0.00022322165725003316
2015-10-09,,0.4293958741028048,0.5706041258971952,0.9548376360670177,0.006295275654219795,0.7289184017940911,1.279017719632952,-1,0,-0.345850681407824,0.0003867982561410584,0.00022963409704101652,0.00021723978043984132
2015-10-12,,0.4305939744177438,0.5694060255822562,0.9544474836869458,0.006225239251144186,0.7282431324086404,1.2619923018291008,-1,0,-0.5957094146583624,0.0003747723103403451,0.00022515615800316674,0.00021154465683752608
2015-10-13,,0.42768178133427187,0.5723182186657281,0.9556595203557647,0.00617066678858212,0.7309588046586833,1.2452719721479675,-1,0,0.01635903276724138,0.00037855712669612745,0.00022043268164538188,0.00021115268440221287
2015-10-14,,0.4288151928828985,0.5711848071171015,0.965914182663881,0.006116052459202376,0.7300930529368681,1.2292340203332253,-1,0,0.29986914261422465,0.00036714644756559434,0.00021750316609103765,0.00020631493756672814
2015-10-15,,0.4256914558253949,0.5743085441746051,0.9380529478016447,0.0061457005793438034,0.7219101334792005,1.2331559942478008,-1,0,-0.48999883903865504,0.00036600196749952664,0.0002104204722850825,0.00020034054163630262
2015-10-16,,0.4251639726330306,0.5748360273669695,0.9353989140338456,0.006045226392965639,0.7222673646475458,1.2107798798354523,-1,0,-0.5289591179674842,0.0003543728361505364,0.00020401252782364655,0.00019420330769347497
2015-10-19,,0.42843989400612215,0.5715601059938779,0.9416333201964137,0.006016992021657569,0.7230447254416622,1.203275574504859,-1,0,-0.8571370191046931,0.00034564540561831774,0.0002055184179731491,0.0001927107451463047
2015-10-20,,0.4297588883201687,0.5702411116798314,0.9615999048980562,0.006099506993864794,0.7086308162488193,1.2184073976201832,-1,0,-0.11546054284096503,0.00033573697220734046,0.00020160967952884533,0.00018436365481753204
2015-10-21,,0.43845126629814996,0.5615487337018501,0.9802700639043451,0.006267522046143386,0.6980048989786974,1.2510870021641256,-1,0,-0.8711770307623719,0.00032654725975373854,0.00021288445596890368,0.00018403628953493064
2015-10-22,,0.44100580302801423,0.5589941969719858,0.9868660725984565,0.006165454630148383,0.7106946889486241,1.226340525707835,-1,0,-1.0309021977850426,0.000329202800343271,0.00021528035384598925,0.00018919821280506202
2015-10-23,,0.43971344102813203,0.560286558971868,0.9688068375068167,0.006147072422454387,0.7047752187292876,1.2181551733077256,-1,0,-1.6327639248944945,0.0003235401278120807,0.0002082146456363928,0.0001829238521311564
2015-10-26,,0.44131691531356887,0.5586830846864311,0.9672860033587772,0.006098692132945257,0.7030709472735964,1.207307404537834,-1,0,-1.952001411969332,0.0003134730620798665,0.00020543286673021185,0.00017841617667428697
2015-10-27,,0.4429890529095085,0.5570109470904915,0.9710351545948981,0.006010472407553333,0.706917797779582,1.1870689000655827,-1,0,-2.003153443442815,0.00030647269100647097,0.0002031756110974871,0.00017640081773492953
2015-10-28,,0.44714295971344065,0.5528570402865594,1.0131722551268403,0.006427047765931473,0.6647135842498616,1.2672457140723972,-1,0,-0.7931959390178723,0.00029892665589906366,0.00020719792356336438,0.0001654282118790886
2015-10-29,,0.4379177648155977,0.5620822351844024,1.0016988119117116,0.0066229238941004085,0.6468630931248784,1.3044859710398968,-1,0,0.37689577265378055,0.00031669580346882026,0.00020074671726132544,0.00016310142426005414
2015-10-30,,0.43979457957004947,0.5602054204299505,0.9875483667547036,0.006851057032446764,0.6194871462189662,1.3460720195665787,-1,0,-0.5977678148719832,0.0003072400295028487,0.00020329271449395276,0.00015482179776718
2015-11-02,,0.44111562530765897,0.5588843746923411,1.0025974047250783,0.006806212439615851,0.6139552060419208,1.3312638829924521,-1,0,-0.14905393768432093,0.00029731461106088843,0.00019858911538802622,0.00014918409813105047
2015-11-03,,0.4408252400982363,0.5591747599017637,0.9964149691070862,0.006694697137614779,0.6264700380753685,1.3036784294607602,-1,0,-0.3780164042623184,0.00029863345180026617,0.00019781787348428114,0.00015226577473732131
2015-11-04,,0.4421137524774167,0.5578862475225833,1.0007200002140613,0.006592546560349037,0.6332111297041364,1.2817725412733445,-1,0,-0.42678083602435435,0.0002931424727496802,0.0001962768469248909,0.0001518876453549838
2015-11-05,,0.4430277996117814,0.5569722003882186,1.0043204137575668,0.006486641190584202,0.6373366172413338,1.2599205819994206,-1,0,-0.4357272294951105,0.000286255694381894,0.00019257594454955964,0.00014963974403060958
2015-11-06,,0.44394244216904816,0.5560575578309519,1.0073916595217982,0.006383686633309051,0.6409882348786959,1.2359996418199148,-1,0,-0.46217712956278056,0.0002791716756736786,0.0001888734382474961,0.00014718758447850722
2015-11-09,,0.4363270358767181,0.5636729641232818,0.9978620109650566,0.006473566788923566,0.6306474334620663,1.2478298493190891,-1,0,0.4772186727575478,0.00029001232862703436,0.00018311808261408077,0.00014533174193497546
2015-11-10,,0.4347341443565713,0.5652658556434287,0.988694846760909,0.006373682574465646,0.6299747329607607,1.2285763978076842,-1,0,0.34802994931814535,0.00028050695758258866,0.0001773532055199164,0.0001405123415910967
2015-11-11,,0.4321658823880095,0.5678341176119905,0.9631740729891476,0.006409893631424523,0.6166798505709843,1.2313974096350022,-1,0,-0.34265000559457004,0.0002764922383682186,0.0001719361209394867,0.00013445742595102604
2015-11-12,,0.43709166507829733,0.5629083349217027,0.9639455459282018,0.006582632399526205,0.5949735529761634,1.2617325519395992,-1,0,-1.1759038225734897,0.00026752309302431745,0.00017586819922923581,0.0001290541451149121
2015-11-13,,0.4374064113979473,0.5625935886020528,0.969383977355364,0.006478145519161227,0.5996183070627192,1.2397928338405841,-1,0,-0.9615171940107637,0.00026331465936660684,0.0001716396062766293,0.00012747386615576066
2015-11-16,,0.44622238731844543,0.5537776126815546,1.0162700641077527,0.006530677691514617,0.6020693115577095,1.2487606221561174,-1,0,-0.4557836966464725,0.00025780865988694765,0.0001816612701086993,0.00013029459938910428
2015-11-17,,0.44599059197661567,0.5540094080233844,1.0034448433762724,0.006489239239001378,0.5972776431078674,1.2392816767602717,-1,0,-0.9597827628778086,0.0002541536132107497,0.000175709461761994,0.00012621819848353602
2015-11-18,,0.4452320718147965,0.5547679281852035,0.9953745426296542,0.006383414487256743,0.6075310356342443,1.2153730957811952,-1,0,-1.1678248469951433,0.0002535414886187441,0.0001737905409670101,0.00012752814840982275
2015-11-19,,0.43776467968822635,0.5622353203117736,0.9493421381333297,0.0063764199027081395,0.6126746213947775,1.2061251313174244,-1,0,-1.9100708537429179,0.00026609602231506734,0.00017055741082611185,0.00013052219828143613
2015-11-20,,0.43590703166442896,0.5640929683355711,0.9281076024902911,0.006390720197145579,0.6006299708613199,1.1290703645852465,-1,0,-2.507185185899953,0.0002590942687831917,0.00016634694152230708,0.00012469335569027817
2015-11-23,,0.43578115733512873,0.5642188426648713,0.9265933457706058,0.006285830750435559,0.6034130128928782,1.0452462008815868,-1,0,-2.4360050588474307,0.000252147062218022,0.0001622071224507997,0.00012203280333005016
2015-11-24,,0.4374963603843482,0.5625036396156518,0.9353292617800736,0.006206288418725369,0.6054020534018496,1.029045935895406,-1,0,-2.26640045821915,0.00024493586361612376,0.00015998763014031232,0.00011984316831304045
2015-11-25,,0.43613353225748497,0.563866467742515,0.9381749406413902,0.006152343396784611,0.6017173196772931,1.0132385825312729,-1,0,-1.8341810190786019,0.00024046810617959002,0.0001547466301082241,0.00011607317230172883
2015-11-27,,0.4355337312213845,0.5644662687786155,0.9375042284207182,0.006051453087063401,0.6040924134531112,0.9961120591543166,-1,0,-1.6993961671264983,0.00023447172743859678,0.0001504028262536878,0.00011344271760036737
2015-11-30,,0.4367287730093858,0.5632712269906142,0.9451150921296103,0.005974556131185848,0.6043905096258951,0.9834542753196148,-1,0,-1.5356079114196672,0.000227194034129928,0.0001474872870663496,0.00011063521683453642
2015-12-01,,0.4310783513848302,0.5689216486151698,0.9109519762830932,0.005911176609091008,0.6287831429550688,0.9730215568710373,-1,0,-2.124625342036398,0.0002451638311755587,0.00014981940830000384,0.00012050723690370775
2015-12-02,,0.43238135230493874,0.5676186476950613,0.9126840946946442,0.005834009771660494,0.6369400540231982,0.9603193486203183,-1,0,-2.1736151390860594,0.00024126067117500875,0.00015063132723715635,0.00012142258587879469
2015-12-03,,0.43378475335478334,0.5662152466452166,0.9153658898908121,0.005746653408737856,0.6404741073377559,0.9459398722698988,-1,0,-2.1955396865684844,0.00023514087376065509,0.00014817535982785565,0.000119551116439639
2015-12-04,,0.43403382376407873,0.5659661762359213,0.9136235576916217,0.005651929373588337,0.6411651038082413,0.9303476248630894,-1,0,-2.239794351558937,0.00022798140881229905,0.00014354961624134263,0.00011599001691113763
2015-12-07,,0.45332628770997985,0.5466737122900202,0.9731956320558682,0.0058170293904558105,0.6629905067229337,0.9575242575498477,-1,0,-2.6864801033125576,0.00023373965628084467,0.00017467209577637504,0.0001339631268542981
2015-12-08,,0.4554193344465016,0.5445806655534984,0.9862033057065654,0.005730238639741297,0.6761796622919595,0.9432378849768536,-1,0,-2.3364425020534303,0.00023895518199979884,0.00017462674930319278,0.00013812608915736766
2015-12-09,,0.45691180224939704,0.543088197750603,0.9987300696083415,0.005692535583105705,0.6714798780546333,0.9370316946881148,-1,0,-2.0028836420441025,0.00023114646084349837,0.00017066984374386623,0.00013336903917811487
2015-12-10,,0.4573180026381836,0.5426819973618164,0.9998286181555806,0.0055995780770990876,0.6715469971490713,0.9217302304959771,-1,0,-1.9522175237480393,0.00022361388927731016,0.00016522232997754008,0.00012908036068861223
2015-12-11,,0.45580158209222,0.54419841790778,0.9986886676318931,0.005509648408476734,0.700917666334972,0.9069271697927587,-1,0,-1.6636213146523413,0.0002403036165439997,0.00017404350869489556,0.00014334286312960349
2015-12-14,,0.4556423250368291,0.5443576749631709,0.9910220146140656,0.005444829875004831,0.6985086785770412,0.8962575798745804,-1,0,-1.8511830942106675,0.0002325643936857203,0.00016877994726211917,0.0001383897234981994
2015-12-15,,0.46463502402292867,0.5353649759770713,1.0450039643221385,0.005660480544781967,0.6788874136033346,0.9317552082357635,-1,0,-1.2309504300139034,0.0002252540934859278,0.00017824595463142745,0.0001360328960922686
2015-12-16,,0.4583195639049227,0.5416804360950773,1.0039863673498608,0.005645786955306368,0.6961066560625617,0.9293365392882678,-1,0,-1.7338114219612146,0.0002470128780066817,0.00018059061326810522,0.00014702228585464387
2015-12-17,,0.4610394012221546,0.5389605987778454,1.0105299663353842,0.00558137546376809,0.7111432414017744,0.9187339513566922,-1,0,-1.8000860409438302,0.00024917852664674576,0.00018879226214915996,0.0001542426538202543
2015-12-18,,0.4592780054013473,0.5407219945986528,0.9914770809837357,0.00555328520046937,0.707550905922888,0.9141100949681346,-1,0,-2.163299097864776,0.0002464504829253617,0.00018277937479566485,0.0001501710169669532
2015-12-21,,0.4566904994076577,0.5433095005923423,0.9829709947418039,0.00552473842959841,0.7036203874067105,0.9094110941983413,-1,0,-2.5073077226160643,0.00024330244893176978,0.00017689115463851254,0.00014597037145230916
2015-12-22,,0.4565213055245905,0.5434786944754095,0.9803030454109982,0.0054347456141769675,0.7064240843478804,0.8945976390845302,-1,0,-2.4801069121827677,0.00023729536656983213,0.000173074798099869,0.00014316176476443583
2015-12-23,,0.46294182627626324,0.5370581737237368,1.0093454107713382,0.005405294744407411,0.7221727394055051,0.8897498172295194,-1,0,-2.31109923418639,0.0002404176400327762,0.0001857827318171114,0.0001526254395970859
2015-12-24,,0.46460433929675965,0.5353956607032404,1.018352952780968,0.00533057457273034,0.7210674813564093,0.8774503474990633,-1,0,-2.150869295676144,0.00023253399001139187,0.00018018439007314805,0.0001475970624599753
2015-12-28,,0.4685434470760562,0.5314565529239438,1.0212467354275656,0.0053570418538294055,0.7143420979418309,0.8818070495169914,-1,0,-2.4592229411676114,0.00022516900291520258,0.000180564893883564,0.00014403804089523564
2015-12-29,,0.4621191339410992,0.5378808660589007,0.979965342301483,0.005355900750918098,0.7229322549980767,0.8816192158918544,-1,0,-2.8851801740211944,0.00024073082949084795,0.00018014114007793502,0.00015054623948809645
2015-12-30,,0.46242964360240923,0.5375703563975908,0.9724634831352958,0.005308330307417556,0.7214546406875504,0.873788783804145,-1,0,-2.9844691583596474,0.00023324814687290005,0.00017738162466814203,0.0001467480863189868
2015-12-31,,0.4611366549497093,0.5388633450502907,0.9704008093554585,0.005235560736346744,0.7234075112673806,0.8618103967555728,-1,0,-2.7058444181796206,0.00023009949397612988,0.00017271917169426658,0.0001442152273332563
2016-01-04,,0.46104075730766886,0.5389592426923311,0.9693324221910711,0.005149018388580722,0.7318592885562863,0.8475649130681012,-1,0,-2.5533642641416576,0.00022952313747780147,0.00017235526005497705,0.00014556370334396426
2016-01-05,,0.4574294792950538,0.5425705207049463,0.9652835630616405,0.005163117711472337,0.7258194260088474,0.8498857615248582,-1,0,-2.1360087762707303,0.00022972323694824164,0.00016693795600646313,0.00014213747527542072
2016-01-06,,0.4529887943770077,0.5470112056229923,0.9549488729523332,0.005093123408756662,0.7485118055610535,0.8383642033132889,-1,0,-1.816482250520634,0.00024888810195579847,0.0001739848693512394,0.00015576018810904121
2016-01-07,,0.43931753488532505,0.5606824651146749,0.9212206728248516,0.005147497884588351,0.7687326527722593,0.8473146273365584,-1,0,-1.2248533437052453,0.00029637276210962106,0.00018249986708326177,0.00017878280576348496
2016-01-08,,0.4345649679503219,0.5654350320496782,0.9128805221745276,0.005130286423890935,0.7640043489975673,0.8444814989441384,-1,0,-0.939721554036926,0.0002915220245200513,0.0001765489510538327,0.0001733261487363025
2016-01-11,,0.43327618713366045,0.5667238128663395,0.8885054464939076,0.005381101905675977,0.735813542620682,0.8857675045421626,-1,0,-1.4452446969509387,0.0002858690052960214,0.00017397786743845529,0.00016409612042630917
2016-01-12,,0.43290650379614987,0.5670934962038501,0.8837701030877347,0.005292118419592526,0.7376694269207118,0.8711201921895637,-1,0,-1.516733563936759,0.0002786772661290549,0.00016936774778141477,0.00016026102318830775
2016-01-13,,0.43697249335693766,0.5630275066430623,0.8942362217125337,0.0052507377535862924,0.7458569192982809,0.8643086413386178,-1,0,-1.5547896283449318,0.0002772303642533499,0.00017495611945381065,0.00016426327961728524
2016-01-14,,0.4372471253381095,0.5627528746618905,0.8882991053406475,0.005165133195245286,0.7602541214175483,0.8502175244357458,-1,0,-1.7247558036301527,0.0002857948288204551,0.00017867590616455994,0.0001717983399557369
2016-01-15,,0.42644445957891985,0.5735555404210801,0.8679624697609911,0.005158147864830781,0.798987072986142,0.849067689550974,-1,0,-1.1258963186910977,0.00036284174187006725,0.00020176935407350958,0.00021618520862369582
2016-01-19,,0.4165883807422079,0.5834116192577921,0.8106076839952416,0.005454064673003341,0.773944570964565,0.8977776930635657,-1,0,-1.7312847494230477,0.0003753671193070254,0.0001951587422973562,0.0002094748929540595
2016-01-20,,0.4154702433270363,0.5845297566729637,0.7995168162133061,0.005418021242293446,0.770614941477808,0.891844688962423,-1,0,-1.8647429103684756,0.0003630896594494455,0.00019086225530649982,0.00020286372291349758
2016-01-21,,0.4327032968752842,0.5672967031247158,0.8688083447730325,0.005755243886198314,0.7677632346753925,0.9473539257326198,-1,0,-1.5863170409560798,0.0003667207468030521,0.00022891839780691406,0.00022245153174239743
2016-01-22,,0.4573484891028701,0.5426515108971299,0.9799241897891412,0.006249174557464153,0.756222437156099,1.0246060902103624,-1,0,-1.1386260888697985,0.00036794923730571085,0.00028149402152274385,0.0002433761967405573
2016-01-25,,0.467749443630227,0.532250556369773,1.010584605337559,0.00624525497765083,0.7591205256172087,1.022508220216263,-1,0,-1.3181887685648166,0.00036259511828584093,0.0002911879759319615,0.00024666551057806325
2016-01-26,,0.476763989594005,0.523236010405995,1.0561923766622157,0.0062405076639504495,0.7695902541902914,1.0178818060244277,-1,0,-1.1491987960195271,0.000366043497823821,0.0003132231788563616,0.000260587064794448
2016-01-27,,0.4777887403477134,0.5222112596522865,1.0739363188193078,0.006250916860426175,0.762169093283035,1.0170067989560678,-1,0,-0.8432211548764902,0.00035724913695507344,0.0003033540718344812,0.0002509064595057541
2016-01-28,,0.48187989432108586,0.5181201056789142,1.0978918997048674,0.006191647754917041,0.7713300011488465,1.0068198109428805,-1,0,-0.7250813774539577,0.00035778326153683784,0.00031495061523903283,0.00025892349682203993
2016-01-29,,0.4847139185476284,0.5152860814523716,1.115045380412149,0.006110752293808213,0.7762819395398246,0.9936654526712804,-1,0,-0.6286592264138314,0.0003528346865351209,0.0003163680175110471,0.0002593590492171948
2016-02-01,,0.4854710426535151,0.5145289573464848,1.1111917960590803,0.00603672668604846,0.7745388838438929,0.9816281967808079,-1,0,-0.7541462302706212,0.00034138560857558455,0.0003066012735595874,0.00025058369399630993
2016-02-02,,0.48235157333799533,0.5176484266620047,1.1055408580234758,0.005959066676008535,0.7894906345833396,0.9689999531013889,-1,0,-0.5391219566423654,0.00036223871029297604,0.00031500458992639297,0.0002666876183526403
2016-02-03,,0.48956444460366966,0.5104355553963303,1.155355776511077,0.0060560867753708105,0.788260436966662,0.984776328302968,-1,0,-0.2001998593781854,0.00035784264493387874,0.00033552407417480575,0.00027313516710401924
2016-02-04,,0.49115287118191675,0.5088471288180832,1.1626471286166973,0.0059557948096419025,0.7945158819141348,0.9684679170413487,-1,0,-0.19597425005573013,0.00035655355183054785,0.00033449094803084746,0.00027438296901817754
2016-02-05,,0.48697114029401406,0.513028859705986,1.1584865923179748,0.0059498829348373205,0.7960815126839028,0.9675065909277402,-1,0,0.1274776502501128,0.0003665774651522742,0.0003293062690743366,0.0002765925126719836
2016-02-08,,0.48972350447620644,0.5102764955237935,1.150324729176584,0.006097969624522331,0.7824898857232272,0.9915868711396459,-1,0,-0.26328413075484847,0.00035455854441253555,0.0003299649498222462,0.00026764344757559234
2016-02-09,,0.4903369046019898,0.5096630953980101,1.1540395382195638,0.0059971765748434245,0.7891035983695918,0.9751969789431004,-1,0,-0.21775305944369702,0.0003536720055587098,0.0003291676532713324,0.00026924208312002274
2016-02-10,,0.49127152192566187,0.5087284780743382,1.1504198187502523,0.005933325514787499,0.7874936668096811,0.9648141996315743,-1,0,-0.34870260222622657,0.00034220315065256704,0.00032097595929100024,0.00026099087560591173
2016-02-11,,0.49208403075701734,0.5079159692429827,1.1472982261221714,0.005860237094191523,0.7863922828138625,0.952929339135737,-1,0,-0.4601690571451979,0.000331103737601994,0.0003124112462686408,0.0002529208392445515
2016-02-12,,0.501321396637732,0.498678603362268,1.2112257307041474,0.00598893751964516,0.784004647597897,0.973857231540565,-1,0,-0.07738766672059212,0.0003273659958922494,0.00033680802077760063,0.0002603314474481962
2016-02-16,,0.5001013280586523,0.49989867194134774,1.196789806586237,0.005929831885032517,0.7896849156765522,0.9642461027713126,-1,0,-0.23981568761109986,0.0003346619309974135,0.0003341021003159286,0.00026405634131785195
2016-02-17,,0.5128393743930071,0.4871606256069929,1.2889728331383645,0.0061835717950270794,0.783603864001071,1.0040060376873585,-1,0,0.3116836646923184,0.0003325790343903438,0.0003758416327596896,0.00027704253085533085
2016-02-18,,0.5154236615989688,0.4845763384010312,1.2973500408645116,0.006094957951736278,0.7826615145287674,0.989618101938283,-1,0,0.22221369803033697,0.00032202540504280456,0.00036358356666734034,0.000267806534348398
2016-02-19,,0.5173052705467959,0.48269472945320413,1.2955315970420178,0.006049081572013492,0.7801424072146438,0.9821693063625677,-1,0,0.015873680939914005,0.0003116648648824536,0.000356351037138991,0.00025999010674873196
2016-02-22,,0.5099127570185634,0.4900872429814366,1.2323422164142892,0.006270766859912835,0.7658578322040372,1.016651287233869,-1,0,-0.4753271473823382,0.00032614675630615624,0.00034603834516343045,0.00025728638392562433
2016-02-23,,0.5059724420023227,0.4940275579976773,1.2207148026241714,0.00619838121606278,0.7700673117012348,1.003442045272849,-1,0,-0.28976651188037683,0.0003281173503955057,0.0003404155925440797,0.000257364124998297
2016-02-24,,0.5038880822060252,0.4961119177939748,1.2265508073815745,0.006210486466276747,0.7628774530382414,1.0036971774460017,-1,0,0.04961949879149271,0.0003213212849955821,0.0003293909136270184,0.00024818774572631303
2016-02-25,,0.5049433074254253,0.49505669257457474,1.2454073314601553,0.006182324182706909,0.7587762377791885,0.999899108619188,-1,0,0.3409240996136444,0.00031082507586215817,0.0003231436031424086,0.00024047477529395215
2016-02-26,,0.5022739978605447,0.4977260021394553,1.261713601159317,0.006419924155637725,0.7356650100341133,1.0383273750963828,-1,0,0.9458224226079502,0.000310075921443068,0.00031361802473929676,0.00022941120681993545
2016-02-29,,0.5017076750489925,0.4982923249510075,1.2603155483503778,0.0063138113820738724,0.7356795577086931,1.0211652100975959,-1,0,0.9987923596221668,0.0002999228882859703,0.0003033635058113068,0.00022190912483536858
2016-03-01,,0.4946382016336169,0.5053617983663832,1.2130512396274462,0.006292369407296547,0.7497248330493483,1.0176972891615095,-1,0,0.7747681756325128,0.0003250506631671838,0.0003080196370759021,0.00023722837107792297
2016-03-02,,0.48438697536804165,0.5156130246319583,1.1333645108085368,0.006667042647797554,0.7207222307323693,1.0782951206774212,-1,0,0.062302400143523944,0.00034074688664976224,0.0002979212885619643,0.00022963317743415794
2016-03-03,,0.47982143603609134,0.5201785639639087,1.1032538408357397,0.006592826226722995,0.7231949540455193,1.066291716927593,-1,0,-0.16802948095170628,0.00034014979661175615,0.00029089345950246307,0.00022748746615091557
2016-03-04,,0.4772065654865717,0.5227934345134283,1.083861872919059,0.006506376003262475,0.7254897392835554,1.0523096773542078,-1,0,-0.36505952040065265,0.00033678013027646834,0.00028360589821322437,0.00022421369414987906
2016-03-07,,0.4785970834279078,0.5214029165720921,1.0946416493607507,0.0064220827288252414,0.7296251599159472,1.0386764922475222,-1,0,-0.23459910509541906,0.00033005538037679527,0.0002829543023351319,0.00022297252953889352
2016-03-08,,0.478230092987561,0.5217699070124391,1.0963838189462711,0.006317355757487947,0.7407337063012017,1.0217384601751407,-1,0,-0.11117572036768947,0.00033430195951870815,0.00028454209221921635,0.00022845718888111122
2016-03-09,,0.47675902946446014,0.5232409705355399,1.0843853447870533,0.006219880868428951,0.7497585912593706,1.0059733446938997,-1,0,-0.26094026601037756,0.0003381947241816662,0.0002838765082931897,0.0002323109027405522
2016-03-10,,0.4767466026171816,0.5232533973828184,1.0836984191192118,0.006118051199664768,0.752541283452266,0.9905376299366552,-1,0,-0.24809412442842782,0.000330454366277481,0.00027809569050362754,0.00022813042338541822
2016-03-11,,0.4753221996903677,0.5246778003096323,1.071812802523942,0.006023087836113699,0.7631354846776008,0.9764961987109767,-1,0,-0.41067916370475416,0.00033713445436509763,0.0002796407795616056,0.00023431682256520436
2016-03-14,,0.4730260210755284,0.5269739789244716,1.0706190782602412,0.005958250297005702,0.7643290268944324,0.9674213335821753,-1,0,-0.1275571770383673,0.00033492260117303174,0.00027256129134298836,0.00023093229410883157
2016-03-15,,0.4688079738164979,0.5311920261835021,1.063975735015172,0.005906081656147322,0.7707064986996904,0.9603840935126217,-1,0,0.23976303840957192,0.0003447750304908327,0.00027058174049390533,0.00023539984189317495
2016-03-16,,0.4684874261755185,0.5315125738244815,1.0612315047150507,0.005809115936774749,0.7805352376943966,0.9451270166503506,-1,0,0.20466813694047645,0.00034775042167861214,0.00027406805697062546,0.00024096588285853795
2016-03-17,,0.46835844667295107,0.5316415533270489,1.0581318933130686,0.00571309405931068,0.7879477940513879,0.931704124848577,-1,0,0.13509082651616566,0.00034838560328390335,0.000274149324288549,0.00024351242962290418
2016-03-18,,0.46981059006285975,0.5301894099371403,1.0594990652277174,0.005643930288904868,0.7892072866363793,0.9226552996899301,-1,0,0.01310375049024292,0.00033950035785044834,0.00027093917227034853,0.00023935753540937771
2016-03-21,,0.46946316828109413,0.5305368317189059,1.0639240533161851,0.005568539973481536,0.7886940475377481,0.910874114042003,-1,0,0.22043857838113037,0.0003307597357929578,0.00026233168464315644,0.00023232195593713773
2016-03-22,,0.4693401280875224,0.5306598719124775,1.0645696281796988,0.005476701611084321,0.7890113438625417,0.8970655711813396,-1,0,0.272672012374918,0.0003205116195855398,0.00025407133405687377,0.00022515571276487107
2016-03-23,,0.47090410079203726,0.5290958992079627,1.0715300406678263,0.005392076101302115,0.8019235400151595,0.8840774027784207,-1,0,0.3143631115321639,0.0003285331522705271,0.0002640403139959537,0.0002361879206722135
2016-03-24,,0.47165182849311976,0.5283481715068803,1.071879526083032,0.005311722226655699,0.8020079470092064,0.8710124675554797,-1,0,0.2505604642261134,0.00031825919787430986,0.0002568236930266102,0.00022929083557544978
2016-03-28,,0.4720355456329465,0.5279644543670535,1.0766808090562536,0.0052322528429354235,0.8016527447900802,0.8582438975727823,-1,0,0.3628098644725026,0.00030788688827490144,0.00024901038679215297,0.00022196812449627748
2016-03-29,,0.47278969512983654,0.5272103048701635,1.0939365326614585,0.0052777848388465155,0.7925903367969706,0.868696471353216,-1,0,0.8117510650618753,0.00029840575024024825,0.00024315726219477357,0.00021349907089650757
2016-03-30,,0.474809547953094,0.525190452046906,1.1131346771375321,0.005262778670595957,0.7890295487227853,0.8693390615090455,-1,0,1.1364324189878334,0.0002889216651372246,0.00023976493447966043,0.00020767114442184721
2016-03-31,,0.47574280452119955,0.5242571954788005,1.1136590496199619,0.005191645747412554,0.7884123340417811,0.8580853480747942,-1,0,1.0333680634837732,0.0002796110710578498,0.0002331898340724206,0.0002013192937014539
2016-04-01,,0.4758226634583427,0.5241773365416573,1.1162504224381269,0.005106148070116765,0.7898023055154676,0.8443886305694178,-1,0,1.112666790597447,0.00027243826176577725,0.00022692528858991789,0.0001963784806860954
2016-04-04,,0.47658325080281455,0.5234167491971855,1.119905526566668,0.00502463405465277,0.7951312201389514,0.8317585777386226,-1,0,1.126869411961127,0.00026973333586892184,0.00022616788845109537,0.00019639100357180976
2016-04-05,,0.46756248528770117,0.5324375147122988,1.1015114093110063,0.005146179263573528,0.7913059364979466,0.853442522539043,-1,0,1.7824244572655334,0.00029084376950047175,0.0002233437824586563,0.0002016792602444576
2016-04-06,,0.46096769904917667,0.5390323009508233,1.0589631826225971,0.005175243835369404,0.7879636835863635,0.8596693537757631,-1,0,1.3374502156376669,0.0002966311761324226,0.00021779473947122592,0.00020028032687076274
2016-04-07,,0.45699107091233343,0.5430089290876665,1.0523308116745251,0.005114945273310275,0.7934183231756821,0.850544236221176,-1,0,1.6592962135140983,0.0003016755172643661,0.0002158231644857088,0.00020245163425871383
2016-04-08,,0.46097550201763204,0.539024497982368,1.0804987065382825,0.005143854274788294,0.7918104397905478,0.8567629320825746,-1,0,2.0176310237361657,0.00029524979635801147,0.00022135738765996022,0.00020242448232582166
2016-04-11,,0.4626672631250967,0.5373327368749032,1.097472774625334,0.005109897089372068,0.7885944747208016,0.852636150313584,-1,0,2.2804476686519854,0.00028557114544473404,0.00021598015086025672,0.0001958474006049853
2016-04-12,,0.45958827250646833,0.5404117274935316,1.0760138981746963,0.005045302765601624,0.8045687531051708,0.8434497334733265,-1,0,2.0092337353556324,0.00030692867916164607,0.0002239912925527737,0.0002109587119421382
2016-04-13,,0.4565978890068259,0.5434021109931741,1.0510767520617157,0.005067663203088766,0.7982147671368208,0.8493084262783371,-1,0,1.5898752615241674,0.00030347753678847974,0.00021671340911298153,0.00020470380969573934
2016-04-14,,0.45539490227986934,0.5446050977201307,1.03281919287781,0.00512605274485348,0.7877468641437897,0.8602695986791316,-1,0,1.153737324183644,0.00029584530004406786,0.0002104776348636534,0.0001965721544503718
2016-04-15,,0.4548344181232949,0.5451655818767052,1.0172814872983214,0.005180228620073824,0.7771849964301355,0.8696003034575459,-1,0,0.7114151271814428,0.0002880020785131421,0.00020468075803018522,0.00018869514549264585
2016-04-18,,0.4541553710067779,0.5458446289932222,1.0105796150944826,0.005099091686306301,0.7787972844672724,0.8565815060248542,-1,0,0.5794525377968728,0.000281957424983732,0.0001992470962605723,0.00018459171162495873
2016-04-19,,0.45824417144378504,0.541755828556215,1.0337246692119137,0.005082803969630826,0.781843262800207,0.8554598686335931,-1,0,0.7877751520002769,0.00027795785402002403,0.00020448000729280595,0.00018639514628633096
2016-04-20,,0.4591275991239369,0.540872400876063,1.0422037183403263,0.005015430962956912,0.7805712689467458,0.8455474025882863,-1,0,0.9419482583491665,0.00026898472813031857,0.0001979616708391608,0.00018012206978345588
2016-04-21,,0.46027709858586496,0.539722901414135,1.0457633737375396,0.004940856946328509,0.783229490937814,0.8345331309880515,-1,0,0.8894992073794777,0.0002629850648620152,0.00019526410664922372,0.00017748668731513946
2016-04-22,,0.4600465658379705,0.5399534341620296,1.053870133652582,0.004913443503252742,0.7789594601290236,0.8315708082146495,-1,0,1.1879291801507896,0.00025557559288220955,0.0001890308296446444,0.00017121462725399586
2016-04-25,,0.4609254249513167,0.5390745750486833,1.0561647272223358,0.004841405453190725,0.7809321565858254,0.8229261089924669,-1,0,1.149037695406759,0.0002492180490958533,0.00018592051174052532,0.00016809960977184847
2016-04-26,,0.46106538268971,0.53893461731029,1.0561156335245867,0.004761515053216963,0.7816553528319022,0.8143346224579722,-1,0,1.1241917856831607,0.0002419238237233054,0.0001803800877713969,0.00016328598948145035
2016-04-27,,0.45067350860456273,0.5493264913954372,1.0428041574454114,0.005240353494835387,0.7380322831522074,0.899551262667548,-1,0,2.129767681585014,0.0002567047420637464,0.0001745913591130395,0.00015624411837263376
2016-04-28,,0.44840837948313744,0.5515916205168625,1.033454889756209,0.005153038796955378,0.7379884134378599,0.8864569729549171,-1,0,2.090630862110988,0.00024836048475211967,0.0001688697924958945,0.0001511356011024191
2016-04-29,,0.44803797370376863,0.5519620262962314,1.0345036537060666,0.005069812233423816,0.7379952342423268,0.8767994616273408,-1,0,2.133337491916935,0.00024028428548180126,0.00016355978498884023,0.00014630342974558203
2016-05-02,0.0,0.4487768574548295,0.5512231425451706,1.0237659618587136,0.005167127078373938,0.7216452895477873,0.8984825626375258,323,198,1.6366872863439736,0.00023352850803508844,0.00016074180259504123,0.00013981641125794148
2016-05-03,0.0,0.4611663143181434,0.5388336856818565,1.0630275577061297,0.005299362006854399,0.7236248960745627,0.9234838115527344,323,198,1.199898144164686,0.00023243906579103533,0.00017940262034088904,0.00014776869973910208
2016-05-04,0.0,0.4680082425190747,0.5319917574809253,1.0888440996643614,0.0052443492117670056,0.7365851901510816,0.9165772506468284,323,198,1.0896025341976006,0.00023412176752802102,0.00018757441357026663,0.0001543585457855023
2016-05-05,0.0,0.4694940658381914,0.5305059341618086,1.0954680481912167,0.005157901140141086,0.7366604876516322,0.9044482947191924,323,198,1.1006403682454904,0.00022650067719765234,0.0001814991031468678,0.0001493617420470874
2016-05-06,0.0,0.46968368063068433,0.5303163193693157,1.0999193559751057,0.005079025306511261,0.7361480948638525,0.8947446650824512,323,198,1.2046467089028923,0.00021932764659160004,0.00017554932147088772,0.0001444479754935883
2016-05-09,0.0,0.4746822486800693,0.5253177513199307,1.110269010539802,0.005115086096340246,0.7314564518491893,0.9043318149272191,323,198,0.8485633975800349,0.00021322006592217405,0.00017887425746347286,0.0001428487464344649
2016-05-10,0.0,0.4745719532460638,0.5254280467539362,1.1057482351956105,0.005032949434837664,0.7480146896863502,0.8909675704930812,323,198,0.7271463545292305,0.0002214555294275161,0.00018342696750459498,0.00015075960262046762
2016-05-11,0.0,0.4743233976183122,0.5256766023816878,1.1131390089398243,0.004997175847878889,0.7437926394043309,0.8852614710862088,323,198,0.9799885454328706,0.00021491253220865499,0.00017770734829232907,0.00014535682899399492
2016-05-12,0.0,0.47409571954310925,0.5259042804568907,1.118154985332347,0.004936130084248979,0.7418508499842559,0.8780408967674072,323,198,1.1486528536977862,0.00020827539668141404,0.00017197108159036712,0.000140398767435437
2016-05-13,0.0,0.47339046336414903,0.526609536635851,1.1185781156321122,0.004855956327294656,0.7499220955902529,0.8686122001215354,323,198,1.2343569164816754,0.000208837961072575,0.00017122658671412443,0.00014180987418138387
2016-05-16,0.0,0.4733262296631182,0.5266737703368818,1.1171162316462961,0.004775676334881535,0.7592125334191357,0.8566300545969991,323,198,1.1840761912450648,0.0002098032082674844,0.00017198707846176602,0.0001442172935537177
2016-05-17,0.0,0.4732149361909538,0.5267850638090462,1.1206019486411642,0.004704851620614942,0.7585009748327418,0.8460574675520808,323,198,1.2753333087391947,0.0002031174985907,0.00016636509749472008,0.0001394315073691913
2016-05-18,0.0,0.4751672793412836,0.5248327206587164,1.1276340877569173,0.004638373431865015,0.7666231496683602,0.837400891486749,323,198,1.1949914262452932,0.0002023775047060753,0.00016875384337895947,0.00014167391138401086
2016-05-19,0.0,0.4767739947915617,0.5232260052084383,1.1299692105479962,0.00458703345425714,0.765901471060641,0.8314070408387656,323,198,1.0348834733980943,0.00019613465569060532,0.00016542401242387292,0.00013795878080009874
2016-05-20,0.0,0.47744438293185504,0.5225556170681449,1.1349260705567916,0.004514342040362937,0.7665435969609397,0.8218092509933161,323,198,1.0716437345929295,0.00019018038891906538,0.00016089663510533253,0.00013408901690339505
2016-05-23,0.0,0.4767786445156623,0.5232213554843377,1.1376313103586162,0.004456186033133456,0.7659422712387297,0.8153474179793777,323,198,1.208330807535804,0.00018556894585488505,0.00015580468592510212,0.0001302383682188327
2016-05-24,0.0,0.4765508942040473,0.5234491057959527,1.1355391558503949,0.00438389780748134,0.7659358158488048,0.8044665058774275,323,198,1.1593412352662602,0.00017967169803501657,0.00015072901911598703,0.00012604645927916
2016-05-25,0.0,0.4830143832163011,0.5169856167836989,1.1797266581003878,0.0044661549197118735,0.7584141227172789,0.8210163942798749,323,198,1.5204774463366104,0.00017491724261106266,0.00015616858431880662,0.00012534862071751334
2016-05-26,0.0,0.4844833864552479,0.5155166135447521,1.1882053213448738,0.004392720487357009,0.7589311625591345,0.8095116287765957,323,198,1.5266046729532545,0.0001694997980732675,0.00015146709802103437,0.00012160351561640182
2016-05-27,0.0,0.48483341293850996,0.5151665870614901,1.1886562470044355,0.004323449244730438,0.7586186536355827,0.7989139834858141,323,198,1.458952779536934,0.00016394939261451738,0.0001465632678875258,0.00011759557859644734
2016-05-31,0.0,0.48692106012807335,0.5130789398719267,1.1944449890429247,0.004273617372742782,0.7610380515370799,0.7916033326651846,323,198,1.3134939606600167,0.000160250884990013,0.0001459888233528202,0.00011640359527020565
2016-06-01,0.0,0.48733301824354186,0.5126669817564582,1.2012014195153728,0.004213737896896962,0.7599622726681692,0.7822646008759169,344,219,1.4057529439368017,0.00015511041276273312,0.00014127307844635572,0.0001124973297334982
2016-06-02,0.0,0.48600749967334106,0.513992500326659,1.2075804911807595,0.004233889594000443,0.7512103282010053,0.7885701083583674,344,219,1.6886039349413822,0.00015208751668830357,0.00013674968919222497,0.00010833567874875513
2016-06-03,0.0,0.48466073108607244,0.5153392689139276,1.1995292515951055,0.004165419620450996,0.7683106240107328,0.7776424786603573,344,219,1.6235010653162703,0.00015897636367475092,0.00014136912894598634,0.00011518088445349957
2016-06-06,0.0,0.4854639127684502,0.5145360872315499,1.2062145010496288,0.0041008122045283505,0.7742931245783248,0.7674770362223237,344,219,1.6643138556605914,0.00015736103449059545,0.00014133475941652515,0.00011547248070167127
2016-06-07,0.0,0.48549599590807935,0.5145040040919207,1.206572268323973,0.004033158436720319,0.7779856924325158,0.7579488737718713,344,219,1.6351883998805667,0.0001548626029059367,0.00013887975524827213,0.00011409440783730724
2016-06-08,0.0,0.4849248203711318,0.5150751796288682,1.1969977400776162,0.004010412772313636,0.773743628966811,0.7552529066022364,344,219,1.4241956649926575,0.00015065578450619265,0.00013439984457792227,0.0001101005212186005
2016-06-09,0.0,0.48256920641662926,0.5174307935833707,1.192338163584791,0.003959326596562819,0.7794652917130237,0.7465010257199495,344,219,1.5453271959212675,0.00015234111517400416,0.00013299151056976567,0.00011094744522234239
2016-06-10,0.0,0.47663587042385164,0.5233641295761484,1.1741340400640103,0.003922495591128077,0.7996898181652731,0.7406888240729042,344,219,1.726496101234043,0.00016926941332164015,0.00014002975975580946,0.0001231178386669974
2016-06-13,0.0,0.47494525765718226,0.5250547423428178,1.1700585022556722,0.0038588240804670183,0.8024750951987759,0.7301531501503804,344,219,1.763434200122499,0.0001665656622888728,0.00013715524656253043,0.00012129154093997321
2016-06-14,0.0,0.47783965959853847,0.5221603404014615,1.1789131666275134,0.0038378510378124357,0.8041802039727246,0.7282060459812044,344,219,1.589422504490695,0.00016351934730763886,0.00013890728244535605,0.0001211993967148652
2016-06-15,0.0,0.4787725296184227,0.5212274703815774,1.1788595883041444,0.003800867945554799,0.8018197205245378,0.7230440876684004,344,219,1.4462903234675228,0.00015818935741209857,0.0001348351615469276,0.00011710270961695847
2016-06-16,0.0,0.47868430070838397,0.521315699291616,1.1813343575154271,0.0037391005395362898,0.8033914322858023,0.7125430312068729,344,219,1.4770943035011845,0.000154540182646493,0.0001313489707226167,0.00011446197717085722
2016-06-17,0.0,0.47848647890038415,0.5215135210996158,1.1801175623749443,0.003677508371483577,0.8066176961842658,0.701499789625468,344,219,1.4468160200054603,0.00015214316319313686,0.00012905231075225598,0.0001130256098332011
2016-06-20,0.0,0.46935780599734656,0.5306421940026534,1.1251640953382438,0.0037269850042137135,0.8117210040658238,0.7115340813158127,344,219,1.1192220380412543,0.0001680839345689817,0.00013049532905010116,0.00012021741082107404
2016-06-21,0.0,0.4665037396515188,0.5334962603484812,1.1053329926957434,0.003709521467063646,0.8078610474275805,0.7087480950951416,344,219,0.918270235745085,0.00016400704598855815,0.00012621806545270282,0.00011623279499748217
2016-06-22,0.0,0.4664952931912704,0.5335047068087295,1.1076004213194723,0.003672716691405634,0.8058684638748721,0.7046723756131686,344,219,0.7825835961315272,0.00015863471122887484,0.00012281206071969384,0.00011248219465243694
2016-06-23,0.0,0.45835392524650526,0.5416460747534948,1.0598955676872632,0.0036876409005922855,0.8169451972397265,0.7110847605621325,344,219,0.4327010222758284,0.0001770576670182859,0.00012642103957454412,0.00012222497899618969
2016-06-24,0.0,0.44361523901640504,0.556384760983595,1.0172960333315706,0.0036927419232908936,0.8705899727620713,0.7131962233842548,344,219,0.9724380510656621,0.0002708440101758086,0.00016804339673159692,0.0001857308320143653
2016-06-27,0.0,0.43970713480103607,0.5602928651989639,1.0096146363166,0.003630064655254197,0.8821242948811518,0.7019792048707956,344,219,1.1928237300685571,0.0002897394625696086,0.00017765016900719437,0.00020013194720152656
2016-06-28,0.0,0.43413325627186833,0.5658667437281317,0.974442202147744,0.003634715501154621,0.8858540030526576,0.7035663842953965,344,219,0.7939532219405437,0.00030837233973356887,0.0001799189968190759,0.00020865959997954102
2016-06-29,0.0,0.43597428471250277,0.5640257152874972,0.9852118027137091,0.0036343242747511684,0.8859646424818391,0.703763746170682,344,219,0.8992992734762233,0.0003036755963796637,0.00018263548455326058,0.00020864785163948304
2016-06-30,0.0,0.4336661398758648,0.5663338601241352,0.9649541511956712,0.0036599759119059646,0.8824491087702027,0.709210684455016,344,219,0.51097802262184,0.0003031262198730003,0.00017754988640511558,0.000204720635041912
2016-07-01,0.0,0.4356769275072899,0.5643230724927101,0.9810449191080672,0.003726513493161827,0.8760403425602012,0.7224691335540994,366,241,0.7787629979329066,0.00029367490654701173,0.00017670941662807396,0.00019956637675368257
2016-07-05,0.0,0.43367462910043786,0.5663253708995621,0.9829040061664769,0.0036969994829923487,0.8781234189276901,0.7167471734984125,366,241,1.0867397931027347,0.0002980344324079307,0.00017489205716386468,0.00020048127866488673
2016-07-06,0.0,0.43229355187478236,0.5677064481252176,0.9716845221680309,0.0036530005644327254,0.8781751305298175,0.7085679068481513,366,241,0.8745988257963377,0.00029277278501244986,0.00017010906847083785,0.00019597930766985776
2016-07-07,0.0,0.4334469673777036,0.5665530326222964,0.9738209619758972,0.0036240531124978577,0.8778709199208902,0.7029530061482216,366,241,0.7645604383214899,0.00028513387188076173,0.00016812418269366642,0.00019220742554720225
2016-07-08,0.0,0.4275356333929217,0.5724643666070783,0.9336367689745254,0.0037843478897070623,0.8667323685597536,0.7340451816796686,366,241,0.1165845868299795,0.0002945337663957525,0.00016363096161813032,0.00019027656500274803
2016-07-11,0.0,0.425305288255579,0.574694711744421,0.9166116965310831,0.003780849541624397,0.8629187901536263,0.7333666115194295,366,241,-0.23491294314079694,0.00028751225985257763,0.0001582664899851005,0.00018407406170405186
2016-07-12,0.0,0.42697260761851313,0.5730273923814868,0.9215633630821505,0.003737771549035977,0.8673187865289087,0.7258359862018549,366,241,-0.3191397532277056,0.00028705559559600365,0.00016126545589024727,0.0001866089358752771
2016-07-13,0.0,0.4272032787760172,0.5727967212239828,0.9267477353617155,0.003705650428586743,0.8653269548798677,0.7202406901341711,366,241,-0.16583931681689937,0.0002780234582039242,0.0001561040541035899,0.00018027190317592296
2016-07-14,0.0,0.42813176071496223,0.5718682392850378,0.9302352739653086,0.003655529350571662,0.8663343396786153,0.7118914209408628,366,241,-0.19490240506159906,0.0002712585172481776,0.00015363231212544965,0.0001768554730839112
2016-07-15,0.0,0.4289093700907496,0.5710906299092504,0.9316084500543053,0.0036051188877488744,0.8665482196595564,0.7040464822618605,366,241,-0.2842746731395751,0.0002633549391724098,0.00015003951817378817,0.0001722528033753017
2016-07-18,0.0,0.4291113383924873,0.5708886616075127,0.931494367640486,0.003545881784555211,0.8667085772275374,0.6932298946951021,366,241,-0.35144266328051305,0.0002550048870668147,0.00014533798886213578,0.00016685411409035622
2016-07-19,0.0,0.427909757610005,0.572090242389995,0.9326569039320615,0.003498739143120473,0.8688092061949875,0.6843605053296153,366,241,-0.10072098396017821,0.0002541119730976863,0.00014292157611595947,0.00016557161190138846
2016-07-20,0.0,0.42744592122588093,0.572554078774119,0.9258518981886765,0.0034660010999207685,0.8670094923021225,0.6785406771037007,366,241,-0.3617795569466734,0.00024627296500902464,0.00013827917083755026,0.00015999654526145543
2016-07-21,0.0,0.4276097728648522,0.5723902271351478,0.9233571641619878,0.0034227463577972323,0.866130276883833,0.6707821549499595,366,241,-0.5299702692514586,0.0002382132756465155,0.00013414162461057914,0.00015482745738258286
2016-07-22,0.0,0.42767116170473407,0.5723288382952659,0.9233946691167153,0.0033663070339190254,0.8662685755758603,0.661233850291151,366,241,-0.5517794155123809,0.00023062503276440976,0.00012989996225455715,0.00014993751039688033
2016-07-25,0.0,0.4316329027287657,0.5683670972712342,0.9237575377376109,0.003640698089457982,0.842462795113806,0.7165438407837854,366,241,-1.3009577553492722,0.00022312657636181123,0.0001316769497661399,0.00014440467730188623
2016-07-26,0.0,0.4328285075024937,0.5671714924975063,0.9269028513152795,0.003583369796964697,0.8436187111326302,0.7061635941780225,366,241,-1.3788924162780984,0.00021727640173034221,0.00012866788751376908,0.00014105470247184544
2016-07-27,0.0,0.43302647996426463,0.5669735200357353,0.9277303901409196,0.003524905023377538,0.8436474441355555,0.6954206785412738,366,241,-1.3571284907278858,0.00021032436415323758,0.00012448812570524926,0.0001365116611993445
2016-07-28,0.0,0.43303079119583077,0.5669692088041692,0.9257073804062428,0.0034674338056343732,0.8436149700015296,0.6857402301895414,366,241,-1.4473534343016055,0.00020351756624869234,0.00012041598277494675,0.0001320648660588543
2016-07-29,0.0,0.43346569292831405,0.566534307071686,0.9244415045136581,0.003411169808517977,0.8472938532794646,0.6769367824252882,366,241,-1.5817839184268556,0.00020132404774720564,0.00011952065767125327,0.000131432681867076
2016-08-01,0.0,0.4356222150483379,0.564377784951662,0.9313910880918013,0.0033710738667249904,0.8517696258602208,0.6703546374231063,386,252,-1.6020516826264504,0.0002003396284138718,0.00012128943944595418,0.00013277523399620272
2016-08-02,0.0,0.43603289245695503,0.563967107543045,0.9327282635122507,0.0033157480610989587,0.8519073991801538,0.6605033045669191,386,252,-1.5866426784154757,0.00019401007031462806,0.00011741330272749357,0.00012857696762454338
2016-08-03,0.0,0.4367246044342656,0.5632753955657344,0.9465368099508672,0.003473749779219291,0.8337974982269262,0.6938752005042171,386,252,-1.0210480925242371,0.00018863913113577788,0.00011539103797079856,0.00012301626060547445
2016-08-04,0.0,0.43665805254327245,0.5633419474567276,0.9428259835782715,0.0034233844668311152,0.8332715338548636,0.6889460998411095,386,252,-1.198907062012264,0.00018282281548537947,0.00011161406805234733,0.00011903130933985411
2016-08-05,0.0,0.43600837418514876,0.5639916258148512,0.9328178097378903,0.003419854978438087,0.8284809990402453,0.692489514839048,386,252,-1.5653731322123172,0.00017786408978191296,0.00010803324951776225,0.00011484323279962037
2016-08-08,0.0,0.43757064138047075,0.5624293586195293,0.9420060663336197,0.00340698845819977,0.8260931611837143,0.6918042548609314,386,252,-1.3922289846299916,0.00017242892659758338,0.00010657925900212324,0.00011198772893450259
2016-08-09,0.0,0.4384434881493924,0.5615565118506076,0.9459763643798409,0.0033592468749418392,0.8261243355803162,0.6877079315431426,386,252,-1.337444500871913,0.00016714034052811054,0.00010387287050462548,0.00010885217811553215
2016-08-10,0.0,0.43858499846331056,0.5614150015366894,0.9479268650352781,0.0033100332694880464,0.8255242581465737,0.682666759148666,386,252,-1.2424267879479955,0.00016173576146653982,0.0001004889704658499,0.0001052427206945885
2016-08-11,0.0,0.44174410845131934,0.5582558915486806,0.9683028733446134,0.0033933733577808873,0.8139393846915981,0.7056970986748959,386,252,-0.8356169397957193,0.00015645888121715765,0.0001005438912170906,0.00010208690051770924
2016-08-12,0.0,0.4394272987441508,0.5605727012558492,0.9668977515171256,0.0033822697185320414,0.812928618682287,0.7092800345294088,386,252,-0.46330556428446856,0.00015708409546774443,9.80495640706604e-05,0.00010088842780769441
2016-08-15,0.0,0.43886829009094874,0.5611317099090513,0.9631160647738425,0.003326243706999883,0.8138694842079445,0.7027498134410313,386,252,-0.5523436245864843,0.00015279415643152291,9.5279720766028e-05,9.819929625783852e-05
2016-08-16,0.0,0.43864209685412353,0.5613579031458764,0.9638069951390291,0.0032742563732639793,0.8136120150418619,0.700883550352862,386,252,-0.4740531091788677,0.0001479394325696107,9.215869390353268e-05,9.50008483057255e-05
2016-08-17,0.0,0.4387816173901877,0.5612183826098123,0.9632358408255384,0.0032229593250420255,0.8135874717402152,0.6987137510195558,386,252,-0.5256515720829006,0.00014317608793768202,8.93565963802039e-05,9.202436032402143e-05
2016-08-18,0.0,0.439795675455394,0.560204324544606,0.9734781272557552,0.0032363150904457455,0.8069330050869217,0.7111705461133357,386,252,-0.20484875724452714,0.00013852176428503065,8.743672990922004e-05,8.880623124351509e-05
2016-08-19,0.0,0.43991192253666433,0.5600880774633357,0.9764135062779169,0.0031829625433941137,0.811796917179947,0.7088611148235606,386,252,-0.07605856829263327,0.00013760428455528232,8.667360664659338e-05,8.865573005003556e-05
2016-08-22,0.0,0.4406152434724537,0.5593847565275463,0.9752388183462549,0.0031587428405196664,0.8091434268090324,0.7080524847041056,386,252,-0.2676213402154523,0.0001330945942166519,8.444932276633481e-05,8.578350841242069e-05
2016-08-23,0.0,0.44102283958881144,0.5589771604111886,0.9764403987447644,0.0031074813440154464,0.8104801183276902,0.7023424502947985,386,252,-0.2943893057484315,0.00012955106291500537,8.238571992914045e-05,8.373149136174467e-05
2016-08-24,0.0,0.44439411822843033,0.5556058817715697,0.9818609474113091,0.0031681956205626377,0.8002659304249914,0.7219627228008533,386,252,-0.6947816821295941,0.0001253634034515916,8.252734042642393e-05,8.139891948700655e-05
2016-08-25,0.0,0.4452825524530302,0.5547174475469698,0.9843372553631188,0.003118014208027717,0.8003749472515482,0.7161800693899532,386,252,-0.756511395661151,0.00012135708175700883,8.00295718591572e-05,7.887716543931167e-05
2016-08-26,0.0,0.44035129803305023,0.5596487019669498,0.9745032090796882,0.0031482519664920547,0.7958200011649773,0.7324014356462817,386,252,-0.2731618666333805,0.00012427575187131602,7.80315309869366e-05,7.836878498147883e-05
2016-08-29,0.0,0.4392599798593889,0.5607400201406111,0.9730326191477717,0.0031064487674879924,0.7945444786602387,0.7302841548367671,386,252,-0.14007902451964924,0.00012029963201779882,7.551920538098435e-05,7.573193776398189e-05
2016-08-30,0.0,0.43795788687225656,0.5620421131277434,0.9718438530886117,0.003060547670666325,0.7975112655343154,0.7245934255420625,386,252,0.04639524077247335,0.00011922891422250928,7.400991719201864e-05,7.491565486550802e-05
2016-08-31,0.0,0.4372855102402362,0.5627144897597638,0.9727203196004635,0.003010260353498811,0.8054734673596512,0.7185114606728559,386,252,0.20843804294285279,0.00012046103669535124,7.433357336732711e-05,7.621966624357776e-05
2016-09-01,0.0,0.4384335334021586,0.5615664665978414,0.9788926141434536,0.0029721983222781552,0.8068539463407967,0.7191180661777729,409,252,0.2763097594686689,0.00011746618796338023,7.338642370235428e-05,7.491335149025008e-05
2016-09-02,0.0,0.44664264862914715,0.5533573513708528,1.0262001770921672,0.00323164101080434,0.774762055394339,0.7946035591562551,409,252,0.980449421025164,0.00011361801863808098,7.728145223547148e-05,7.259882397219099e-05
2016-09-06,0.0,0.44501212759197994,0.55498787240802,1.0137286391962488,0.0031927381220838782,0.7874306070428464,0.7938608459133242,409,252,0.6755232077268858,0.00011978183828227417,7.864406294638453e-05,7.642593306132533e-05
2016-09-07,0.0,0.44554340629855765,0.5544565937014423,1.0144798991988835,0.003151031497526148,0.7875080003014389,0.7907489446471997,409,252,0.5775143459721572,0.00011618019301254313,7.692998950398367e-05,7.445071242361692e-05
2016-09-08,0.0,0.4419606982536395,0.5580393017463605,1.0091841591433133,0.003160942799642834,0.7832700415794173,0.8020842704569772,409,252,1.0399386539787894,0.00011685830375862338,7.471845772193763e-05,7.319059108693372e-05
2016-09-09,0.0,0.44451271305807033,0.5554872869419296,1.026080308496881,0.0031122852635027693,0.8340788730006211,0.7999376442183311,409,252,1.2980189080586186,0.0001462625722965061,9.54903036188312e-05,9.857195302244925e-05
2016-09-12,0.0,0.4429365509517636,0.5570634490482365,1.0134292965806722,0.003099777919414181,0.8320638008071539,0.8054849325918066,409,252,0.9619408882858889,0.00014494969272174963,9.272042574331619e-05,9.646127241446823e-05
2016-09-13,0.0,0.4430260444391281,0.5569739555608719,1.021911625721161,0.0030485981143118174,0.8664736623382115,0.7981961690042328,409,252,1.2998056575088588,0.0001766649376161113,0.0001125862894358655,0.00012220058965518643
2016-09-14,0.0,0.4410496385014776,0.5589503614985224,1.0045999676393014,0.0031035624815051914,0.8580805047077666,0.818318832030453,409,252,0.8120604436741884,0.00017399644551886222,0.0001088969184204396,0.00011811526220008179
2016-09-15,0.0,0.43937830438014036,0.5606216956198596,0.992624312065829,0.003055541463455754,0.86704510835512,0.8077889549322667,409,252,0.5375199648460438,0.00018152033015566313,0.00011192568728373188,0.00012358598226936036
2016-09-16,0.0,0.4403660323560615,0.5596339676439386,0.9904616308559113,0.003080682606701605,0.8613788436407468,0.8193359193751746,409,252,0.1930807903514431,0.00017557545961228904,0.00010987058426683702,0.00011963736104433276
2016-09-19,0.0,0.4406496143354619,0.5593503856645381,0.9911778214381431,0.003030065539063565,0.861970492282696,0.8105168854485956,409,252,0.160979032070696,0.000170505370855541,0.00010676977644741792,0.00011630157535337651
2016-09-20,0.0,0.4398823498984339,0.5601176501015661,0.9829508497938645,0.003007640399098108,0.8599325723400596,0.8058241089694396,409,252,-0.11853443531711419,0.00016626053537452794,0.00010330145150892163,0.00011269695936134553
2016-09-21,0.0,0.44343102805575435,0.5565689719442457,0.9955133606281154,0.002974617624983698,0.8740246128121902,0.7981802440910384,409,252,-0.2084124478523939,0.00017745582584023482,0.00011407119709974827,0.00012435315064191068
2016-09-22,0.0,0.4455839513495545,0.5544160486504455,1.0068711291297916,0.0029511035978468966,0.8736500956093831,0.7937304258605622,409,252,-0.06805702102161011,0.0001727312422124341,0.00011265397536986134,0.00012186983912891609
2016-09-23,0.0,0.4511959201243288,0.5488040798756713,1.0178733397064363,0.0031459863621218363,0.8561050941326749,0.8485268868729038,409,252,-0.7083820284890424,0.00016722201820693495,0.00011527271582055518,0.00011886036900621954
2016-09-26,0.0,0.45468674855116425,0.5453132514488357,1.0239751886242383,0.003193779434506799,0.8488106304597108,0.8628746388536209,409,252,-1.1243232202620979,0.00016182497046619233,0.00011433228516421774,0.00011545640221532341
2016-09-27,0.0,0.4531115350866204,0.5468884649133796,1.0058965969897735,0.0032684010467101472,0.8378903302810962,0.8845779214766943,409,252,-1.7157979337701914,0.0001598212195426031,0.00011060559119013274,0.00011140198756205469
2016-09-28,0.0,0.4617308419243871,0.5382691580756129,1.0499749521085229,0.003386415399780644,0.832451744989957,0.9176801476536107,409,252,-1.2506261060328858,0.00015823047645054407,0.00011969067450715335,0.0001145603397958708
2016-09-29,0.0,0.4603352863265217,0.5396647136734782,1.0532975780428626,0.0034084466650446334,0.8275386795476082,0.9255607833957628,409,252,-0.7488898043786836,0.0001582625072781609,0.00011613488192677511,0.00011219116668238398
2016-09-30,0.0,0.45922991826727816,0.5407700817327219,1.043843408275402,0.0033664827265846224,0.8270146079213462,0.916021672202057,409,252,-0.9783429622045716,0.0001545862117465446,0.0001125418707390023,0.00010908263571046553
2016-10-03,0.0,0.45916290214012806,0.540837097859872,1.0395410425727962,0.003326042923113412,0.8256079798194044,0.9071818779397083,430,252,-1.162757478379699,0.00014953967932329956,0.00010906572903994365,0.00010543778110162411
2016-10-04,0.0,0.4655780798966705,0.5344219201033296,1.0577424812088994,0.0033855648870082145,0.8224464210788214,0.9255860711011467,430,252,-1.5708723135988878,0.00014711051231694518,0.0001143063888151827,0.00010665094830025874
2016-10-05,0.0,0.46858499079548416,0.5314150092045158,1.0737324508187984,0.0033561496571935076,0.8221663936089473,0.9184199000960079,430,252,-1.38557274146472,0.00014307564195717117,0.00011300978316870946,0.0001045443563802416
2016-10-06,0.0,0.46971799114452334,0.5302820088554767,1.0738762623729161,0.0033202788083788195,0.8205596637421447,0.91045132680596,430,252,-1.5892316753910494,0.00013839315215332377,0.00010987798728895228,0.00010118655565075521
2016-10-07,0.0,0.47157588008715523,0.5284241199128448,1.077072519999641,0.003289600931679997,0.820402977017612,0.9043062337856744,430,252,-1.7817931586540967,0.00013459914294295546,0.00010856904381242916,9.917481097005356e-05
2016-10-10,0.0,0.4744417873111463,0.5255582126888537,1.092834343885384,0.0032660602715033436,0.8213488601464305,0.8986222038099557,430,252,-1.594293567012318,0.00013170508008239788,0.0001088178624838453,9.832841022298209e-05
2016-10-11,0.0,0.4668152510528302,0.5331847489471697,1.0723981059622238,0.0033518667857845717,0.8160159726275125,0.9228214012440262,430,252,-0.9476938125033609,0.00014041569851854107,0.0001071653397829941,0.00010009990486116528
2016-10-12,0.0,0.46434752660104267,0.5356524733989574,1.0567347258943567,0.0033132771259359165,0.8150287771893221,0.9134886507260697,430,252,-1.1768702006000127,0.00013713915268443488,0.00010378151971716217,9.72330003374084e-05
2016-10-13,0.0,0.46402728886936795,0.535972711130632,1.0630457817227315,0.0033339354233270554,0.8072224010138676,0.9223560936752557,430,252,-0.7893901736627302,0.00013303531163494505,0.00010097812573674473,9.356002383153362e-05
2016-10-14,0.0,0.46400268587379384,0.5359973141262062,1.0630729486514539,0.003279248888069458,0.8072576430139252,0.912361146242834,430,252,-0.7696974992867803,0.0001287039247469476,9.772990607857015e-05,9.053610396234637e-05
2016-10-17,0.0,0.4638420519067139,0.5361579480932861,1.0684089618567387,0.003267805958927148,0.8026160767948316,0.9167318396780364,430,252,-0.47444408392441023,0.0001248592377647985,9.473118368227803e-05,8.729003673267911e-05
2016-10-18,0.0,0.46311307116990286,0.5368869288300971,1.0623471785492005,0.003215161591700088,0.8092154097520765,0.9094211659989474,430,252,-0.6027038993180274,0.00012556299179031853,9.453319420428031e-05,8.816315800707021e-05
2016-10-19,0.0,0.4631850085679369,0.5368149914320631,1.0619559474533549,0.0031623382842686097,0.8117066945939396,0.9004836262499192,430,252,-0.622871204634895,0.00012296182941798917,9.274221780066734e-05,8.668082266366838e-05
2016-10-20,0.0,0.46216411597956875,0.5378358840204313,1.0608376360965601,0.0031140706861864636,0.8161658015024951,0.893245072418551,430,252,-0.4442096687993268,0.00012282979119478764,9.165177775585541e-05,8.659657125779838e-05
2016-10-21,0.0,0.46096574598888934,0.5390342540111106,1.0601959333392652,0.003079545634470662,0.8152406949170692,0.8873257987846711,430,252,-0.21305033818225472,0.0001201316472363406,8.879326649445763e-05,8.419854429152533e-05
2016-10-24,0.0,0.46157036313080063,0.5384296368691994,1.0598612052088485,0.003043960763429501,0.8144909445811473,0.878052741503536,430,252,-0.3485292495556599,0.00011637607890120463,8.674619599918079e-05,8.183580144356258e-05
2016-10-25,0.0,0.459786319393983,0.5402136806060169,1.042886367327977,0.003087411846585485,0.8043297475513076,0.896280754407275,430,252,-0.8042287863129676,0.00011454316800542307,8.394247066922976e-05,7.886959308179433e-05
2016-10-26,0.0,0.45527244389795585,0.5447275561020442,1.0328635417786345,0.0031065498158270354,0.8000294708821908,0.907534458632166,430,252,-0.34827957831414424,0.00011592167206897209,8.166134391282492e-05,7.783887766750895e-05
2016-10-27,0.0,0.44513223934514445,0.5548677606548555,1.0101144283495191,0.003411085917467078,0.7598206588368455,0.9970143662771966,430,252,0.6055009650116995,0.0001216628054873469,7.904667736969991e-05,7.451296081785566e-05
2016-10-28,0.0,0.44267761683607376,0.5573223831639262,1.002716942096089,0.003355224270048175,0.7605793481244201,0.9823487323468719,430,252,0.7194444814392262,0.00011835355520246663,7.666853028953038e-05,7.245089454242849e-05
2016-10-31,0.0,0.44129228742257876,0.5587077125774212,0.9873057709505323,0.003424895440282254,0.7443686057749385,1.0027471856996153,430,252,0.20680766130466588,0.00011581389774307607,7.46880181227059e-05,6.922992401953391e-05
2016-11-01,-3.097265691134235e-05,0.4405774676740241,0.5594225323259758,0.989515371545008,0.003392690061240517,0.7411612752374495,0.9945948077901029,451,252,0.45905617621867834,0.00011244888190672812,7.228411829660523e-05,6.682080981703336e-05
2016-11-02,-2.791637601422102e-05,0.4433370129734107,0.5566629870265893,1.0000059501552463,0.0033524004931402914,0.7498412074106765,0.9831760322510444,451,252,0.4137580080279824,0.00011198180335776021,7.386938545207612e-05,6.819857101779141e-05
2016-11-03,-1.1903991772695357e-05,0.443326063868795,0.556673936131205,0.9952811724519197,0.0033241921126192313,0.7463662228515315,0.9754893275359332,451,252,0.17643306999958963,0.00010888824448369724,7.147209620190798e-05,6.584317048331677e-05
2016-11-04,-1.9695343013041412e-05,0.4430063997999137,0.5569936002000864,0.996389198242253,0.0032697725221603343,0.7499231658892791,0.9616466331178031,451,252,0.29191130999068715,0.000107076083219221,7.00124979955045e-05,6.493080609169408e-05
2016-11-07,3.4153801443457975e-05,0.42638917572796636,0.5736108242720337,0.9164742622971574,0.0033519337125627944,0.7672529820350813,0.9878875293641642,451,252,-0.5062049903837679,0.0001325525324306419,7.347065310674823e-05,7.571632905843662e-05
2016-11-08,4.5253443028808004e-05,0.42252446649772674,0.5774755335022732,0.8990262962807319,0.003294269180875652,0.7719170098568401,0.9718890493199155,451,252,-0.6707165154412992,0.00013118960266251574,7.23909086146866e-05,7.522502371025377e-05
2016-11-09,1.404433125708253e-05,0.4199472998278694,0.5800527001721306,0.8974828867616725,0.0033204907355931217,0.761982365779765,0.9806557594595816,451,252,-0.20815576212526332,0.00012880866969918714,7.008495298725091e-05,7.23985488687693e-05
2016-11-10,2.71302901294252e-05,0.42095941369562345,0.5790405863043766,0.8976556626758394,0.0032995476389409183,0.7594930310162418,0.9750674569499251,451,252,-0.40210716446338984,0.0001247357202240589,6.897480344072537e-05,7.044731552392402e-05
2016-11-11,7.671725540555495e-05,0.4345881383708857,0.5654118616291143,0.9349125290810919,0.00361585496799124,0.724792904875216,1.0685411741685427,451,252,-1.1370522721791085,0.00012094953047705362,7.688797003655759e-05,6.989485756462872e-05
2016-11-14,7.778760091172947e-05,0.43761117046097536,0.5623888295390247,0.9456853401155749,0.003556627706261924,0.7252861299040476,1.0510386005445267,451,252,-1.1529162232990846,0.00011717102823905012,7.452545092819219e-05,6.777535468896049e-05
2016-11-15,2.5103691107375192e-05,0.4543337589040145,0.5456662410959855,1.0274135863822458,0.0038754793255243313,0.692185004245046,1.1452641949470228,451,252,-0.37207025802511456,0.00011379217855484989,8.47491439055502e-05,6.797450478713616e-05
2016-11-16,-3.565403252447559e-05,0.44605094170339993,0.5539490582966,1.0113181552634902,0.0040544632259831076,0.6685568259803899,1.198156711059121,451,252,0.5284404203459989,0.00012257360834078948,8.211091098069158e-05,6.707138092920597e-05
2016-11-17,-4.255310664178466e-05,0.44472593582240855,0.5552740641775915,1.0078809356479912,0.003991820525066996,0.6690681143362004,1.1796448222299136,451,252,0.6306939206771688,0.00011873868266631662,7.990977316685718e-05,6.51728023319811e-05
2016-11-18,-7.624614387460573e-05,0.4422975184976731,0.5577024815023268,1.0080668780342614,0.004002600384889173,0.6588972343750127,1.1828304378515933,451,252,1.1300697695611017,0.0001169565073355848,7.735282260813359e-05,6.267119312147578e-05
2016-11-21,-0.00011715547677328073,0.4569164606737952,0.5430835393262048,1.0820763810309653,0.0041354292799283135,0.6591998073327612,1.2220834346462859,451,252,1.7364007661520178,0.00011577950098381836,8.797962142781943e-05,6.653098494237328e-05
2016-11-22,-7.906133673817162e-05,0.45602978322423615,0.5439702167757638,1.066599768176663,0.00418889358551928,0.6443355731300843,1.2378829654289085,451,252,1.1717946908349177,0.00011601731893069125,8.512022224908902e-05,6.403094272134596e-05
2016-11-23,-4.024004776928693e-05,0.45314688124130836,0.5468531187586916,1.0425402217733954,0.004244707650757839,0.6271359511064439,1.2543768865991656,451,252,0.5964112963476864,0.0001149614616119604,8.257848094763795e-05,6.110423073895995e-05
2016-11-25,3.2695636953951533e-06,0.44902486540205117,0.5509751345979488,1.012542779997026,0.004315698098824884,0.6074765535514166,1.2753556640677908,451,252,-0.048459304353765935,0.00011461228932250146,8.010466630174173e-05,5.82068399226711e-05
2016-11-28,-1.423879070243134e-05,0.44737070959765163,0.5526292904023484,1.0104511056292462,0.004260518745335997,0.6054964455865852,1.259049310055027,451,252,0.21103791103702618,0.00011152349662076937,7.747859043083957e-05,5.628408915743791e-05
2016-11-29,-2.755723344627223e-06,0.4472521658894163,0.5527478341105837,1.0065616949226905,0.004203016006625463,0.603718111756139,1.2420563597061927,451,252,0.04084350351092609,0.00010789202898562116,7.515781425193839e-05,5.4364569829005945e-05
2016-11-30,-8.612373632501935e-05,0.43755398938929385,0.5624460106107061,0.9899431625805112,0.004549197724359969,0.5411450858639449,1.3443584217131799,451,252,1.2764688929399184,0.00011362584668770492,7.370374834385449e-05,4.952187422653795e-05
2016-12-01,-0.00016993447046864793,0.4320408552154021,0.567959144784598,0.9613561048201194,0.0045024996367308305,0.5428744458077093,1.3305584131872885,472,252,0.9205134728303754,0.00011361030477086358,7.159083791560779e-05,4.895950116214963e-05
2016-12-02,-0.000206994480305556,0.4314246547022204,0.5685753452977795,0.961954914066495,0.004437821213596884,0.542501173440604,1.3114449368972503,472,252,1.121262845597533,0.0001099218064467122,6.968961007711555e-05,4.748174022823518e-05
2016-12-05,-0.00022590835915868378,0.4315361630056838,0.5684638369943162,0.9638311120102949,0.0043664718334233904,0.5429438983347639,1.2903600894291738,472,252,1.2237169283964542,0.00010639126002854372,6.759548661218553e-05,4.6043336023319236e-05
2016-12-06,-0.0002333912886318836,0.43156586685125314,0.5684341331487468,0.9644822843786786,0.004294307335726709,0.5429825031132767,1.2690343621019704,472,252,1.2642510082527876,0.00010291080300219229,6.538551574962454e-05,4.454070589648582e-05
2016-12-07,-0.00020591851312420895,0.4313559738018416,0.5686440261981585,0.9608305177025696,0.004223396155039985,0.5664346043583393,1.2480790093725538,472,252,1.1154344678468517,0.00010540215923179027,6.640781167884069e-05,4.738971705719135e-05
2016-12-08,-0.0002650915570176521,0.43346861129085296,0.566531388709147,0.9739961327340432,0.004185253350109923,0.5651522557189034,1.2368072194565183,472,252,1.4359673413838132,0.00010206521107082161,6.557713674404031e-05,4.6236032419322797e-05
2016-12-09,-0.0002706074242115514,0.43400366331287266,0.5659963366871273,0.9767130965202306,0.004116306259930125,0.5654718503344475,1.2164322859073573,472,252,1.465846094366211,9.8779765254959e-05,6.348571238192913e-05,4.477988601237664e-05
2016-12-12,-0.0002658866407486546,0.434082334671397,0.565917665328603,0.9768924407666747,0.00404855601572859,0.5655674141974883,1.1964110388910447,472,252,1.4402742091099292,9.55976357400225e-05,6.141407759123702e-05,4.3335311399940526e-05
2016-12-13,-0.0002699082842266925,0.43468209489104476,0.5653179051089552,0.9798993193154096,0.003983316159231262,0.5693821174119086,1.177131650342181,472,252,1.4620589417438963,9.313888113576056e-05,6.008410657011848e-05,4.259406950734706e-05
2016-12-14,-0.00022544208195667245,0.4515767477364623,0.5484232522635377,1.0461862435673672,0.003991461353907794,0.6373471798674522,1.179538681586669,472,252,1.2211911639335915,0.00010297857016495341,7.601236368909437e-05,5.6388639449372545e-05
2016-12-15,-0.00027498900333575177,0.4539407943118365,0.5460592056881635,1.0613318170529904,0.003936997779607758,0.6387624333317151,1.163443851415893,472,252,1.4895805527428763,0.000101306666552923,7.380115982306108e-05,5.523189865762906e-05
2016-12-16,-0.00040659690872270533,0.4503049728448037,0.5496950271551964,1.0589342358552227,0.003991935402828655,0.6222650942333198,1.1796787703886247,472,252,2.202483883689067,0.00010150372601282993,7.143491411615981e-05,5.298728847280661e-05
2016-12-19,-0.00035399605241384646,0.4515796289372445,0.5484203710627555,1.06045748004411,0.003957855777496822,0.6205523347722052,1.1696077130067153,472,252,1.9175517167120761,9.829729690590719e-05,7.052211694618803e-05,5.16668365998516e-05
2016-12-20,-0.00030219376260573895,0.4494626724861892,0.5505373275138108,1.0467971758529542,0.003907655169085508,0.6250699450766647,1.1547726553147857,472,252,1.6369452831831932,9.817702142503181e-05,6.88621103210435e-05,5.139533572752622e-05
2016-12-21,-0.0002930465870875642,0.449099756248223,0.5509002437517769,1.062440022195023,0.003844205285880758,0.6251060090485419,1.1360222316112252,472,252,1.5873961935864622,9.497563181664966e-05,6.66853521709048e-05,4.9747927636375954e-05
2016-12-22,-0.000241285866208497,0.44992494737482813,0.5500750526251719,1.0612892018054758,0.0038121919475801306,0.6207843866935765,1.1265617940661288,472,252,1.3070149336737809,9.188032182838646e-05,6.509953719321491e-05,4.801102632062207e-05
2016-12-23,-0.00025997197778512295,0.45001758206266235,0.5499824179373376,1.0639160032201684,0.0037492416027895613,0.6282638148790713,1.1079589917047834,472,252,1.408235230024834,9.077073298641684e-05,6.416251959059993e-05,4.794636345620566e-05
2016-12-27,-0.00021081316224432384,0.4491649679934112,0.5508350320065888,1.0555186153272282,0.0037105550482860075,0.6248281091740453,1.0965265153638621,472,252,1.1419481613159725,8.844333949858264e-05,6.206866177769009e-05,4.629449129112378e-05
2016-12-28,-0.00014779845415131005,0.4485638323934594,0.5514361676065406,1.0467794056243689,0.0036904085686529147,0.617913395003734,1.0905729184433344,472,252,0.8006054800687661,8.601448170478098e-05,6.022750416167064e-05,4.44744751285011e-05
2016-12-29,-0.0001237488906226221,0.4478261935214517,0.5521738064785483,1.0414375991953848,0.003630321247143633,0.6247661800553092,1.0728161838268906,472,252,0.6703320447687067,8.507514261040461e-05,5.916252813178205e-05,4.4324333826380484e-05
2016-12-30,-0.00018872195982340696,0.445054371439454,0.5549456285605461,1.0366650340953718,0.003603638453489944,0.6220458913643968,1.0649310048268466,472,252,1.0222829197472896,8.429169470636459e-05,5.7285264417099474e-05,4.3225127172725354e-05
2017-01-03,-0.0003968130322273368,0.4335600323159514,0.5664399676840486,0.9776755102656597,0.0036433751104123857,0.623507963954123,1.0766738027048894,493,252,0.3356568352528725,9.143539184473939e-05,5.6263716916515506e-05,4.47211929409289e-05
2017-01-04,-0.0006664522231743153,0.44159494991549053,0.5584050500845095,1.0142151481613226,0.00365077470587002,0.6465083743965185,1.078860497826421,493,252,0.5637396605204564,9.291641048816385e-05,6.265312610093388e-05,4.932779918262533e-05
2017-01-05,-0.0005134745532425517,0.44309457206021496,0.556905427939785,1.018264245755961,0.003590900362203808,0.6542731061663959,1.0611667014628994,493,252,0.4343386671472432,9.212562342054493e-05,6.184036686626471e-05,4.938389238882114e-05
2017-01-06,-0.0007279298867974879,0.4423761584427563,0.5576238415572436,1.018742636936622,0.0035371061299864794,0.6568427010894001,1.0452696722496584,493,252,0.6157424838518045,9.056526462807077e-05,6.017138398056383e-05,4.8488328010669415e-05
2017-01-09,0.0005155649443621646,0.4411985720174085,0.5588014279825915,0.9957882675195632,0.003835050504730522,0.5977464030660951,1.1333168519192505,493,252,-0.4361068904934158,9.063096830784676e-05,6.049301327836331e-05,4.425964136449259e-05
2017-01-10,0.00053474944964986,0.44093630927640814,0.5590636907235919,0.9943409488489713,0.0037716354718307183,0.5977628725167913,1.1145767270208402,493,252,-0.4523347101661091,8.76621497642776e-05,5.85149390934303e-05,4.281228168766158e-05
2017-01-11,0.0006037891626973022,0.44223653106535166,0.5577634689346483,0.9985854915682003,0.0037119108116826565,0.6106574230234095,1.0969271644564211,493,252,-0.5107341318236986,8.726406820212375e-05,5.8787894721083834e-05,4.373804049941154e-05
2017-01-12,0.0008637513843461579,0.4423233421353511,0.5576766578646488,0.9951278467602167,0.003661568688048563,0.6087887202003888,1.0820502868232464,493,252,-0.7306313869974399,8.457389090273984e-05,5.6893035767735953e-05,4.222934124373491e-05
2017-01-13,0.0002333735563753166,0.44103802662635677,0.5589619733736433,0.9988985343012361,0.003696580461703787,0.5920103017532958,1.0923968084792464,493,252,-0.19740639294268153,8.302274548536112e-05,5.541636378626174e-05,4.0155664992961465e-05
2017-01-17,6.312454863567371e-06,0.4399634830820288,0.5600365169179712,0.9979812113167704,0.003646717093662324,0.590702053228852,1.0776614105424693,493,252,-0.005339589303024054,8.084394965122492e-05,5.360341096460735e-05,3.8885568709619976e-05
2017-01-18,0.0005944442852852304,0.45618199211304516,0.5438180078869548,1.056872382498934,0.003717419985858434,0.6099213511858106,1.0985552107952803,493,252,-0.5028294721396259,8.14541978257027e-05,6.231097298018258e-05,4.34523069379236e-05
2017-01-19,0.0011373020626809353,0.4603571255476687,0.5396428744523313,1.0666472241113714,0.0037136479726816106,0.6001884362237382,1.0974405224505812,493,252,-0.9620228674025594,7.906202284985093e-05,6.084347499946835e-05,4.162733324199912e-05
2017-01-20,0.0005905047349709797,0.4641333678641805,0.5358666321358194,1.0915184190847729,0.0037410598380770268,0.5868880177088787,1.1055411534479689,493,252,-0.4994970790894822,7.653332297019614e-05,6.050763144984227e-05,3.99379348640637e-05
2017-01-23,0.0004309049680881338,0.46425246846552615,0.5357475315344739,1.0947194307342076,0.0036858415238992383,0.587087140265662,1.088556483570921,493,252,-0.3644945758745645,7.45862894266092e-05,5.858032747311963e-05,3.88068119540872e-05
2017-01-24,-0.0002995388255177915,0.4796034720634026,0.5203965279365974,1.176250418379549,0.00378037154549821,0.5890285697061208,1.1164744684426093,493,252,0.2533743754440579,7.342741101408136e-05,6.596765591405327e-05,4.099500973098296e-05
2017-01-25,-0.0006938360762549871,0.4859764319090781,0.514023568090922,1.2132950544989194,0.0037532821563844793,0.5871342632396405,1.1084740349013074,493,252,0.5869031574713882,7.112975237006961e-05,6.55356909081858e-05,4.0086857722897436e-05
2017-01-26,-0.0008983992120188141,0.4858575166350504,0.5141424833649496,1.2164371232734172,0.0036981336245202738,0.5921595801065206,1.0921867660290714,493,252,0.7599393462640799,7.041400339330902e-05,6.396869771096662e-05,3.9742211742647335e-05
2017-01-27,-7.355112807849428e-05,0.4905448802087813,0.5094551197912187,1.2265490087895912,0.0037674943019843743,0.5721908020439075,1.1126713730499789,493,252,0.06221554453877461,6.818341169213718e-05,6.46073251754958e-05,3.797704042715203e-05
2017-01-30,4.60119160885573e-05,0.493258236229717,0.506741763770283,1.2384037260534662,0.0037075724058493317,0.5916933865537235,1.09497436461304,493,252,-0.03892063234797636,6.870764383373931e-05,6.600067645163667e-05,3.984496377613407e-05
2017-01-31,-0.00038681993789811616,0.49550061762899733,0.5044993823710027,1.2568357075606162,0.003685278955000539,0.5859805666177844,1.0872463855859271,493,252,0.32720386081777897,6.64640759995386e-05,6.476739476749132e-05,3.844633210976859e-05
2017-02-01,0.00045445609760135343,0.4959417626500876,0.5040582373499124,1.2488819093887855,0.0036989803937109026,0.5724381454213342,1.0901697096854777,513,252,-0.2357017860468306,6.485189109351937e-05,6.317060289261088e-05,3.663931952743507e-05
2017-02-02,0.0014994080942907781,0.49130228717737456,0.5086977128226254,1.2165459061959119,0.0036981646660287186,0.5676051747786975,1.0899292970539372,513,252,-0.7776618417108867,6.54438876001383e-05,6.118380432482663e-05,3.59169235200399e-05
2017-02-03,0.0011412818390507706,0.49065381604892216,0.5093461839510778,1.2167311423069758,0.003648305100553063,0.5657806497289537,1.0752346022369395,513,252,-0.5919211322433292,6.33061605710565e-05,5.9406295667801596e-05,3.469663150915183e-05
2017-02-06,0.0008276027463716424,0.4880321974681751,0.5119678025318248,1.206823372414899,0.003593256016784173,0.5844436476025494,1.059010443878918,513,252,-0.42923276084672635,6.490332894370475e-05,5.9560483126472536e-05,3.6337515905317044e-05
2017-02-07,0.0009141839711588359,0.4876907638122967,0.5123092361877033,1.2044303512469567,0.0035342125031952425,0.5872484480659317,1.0416090404604263,513,252,-0.4741377570128573,6.314723415574045e-05,5.80722312533852e-05,3.556176443093303e-05
2017-02-08,0.0011100163986820326,0.4871492055120707,0.5128507944879293,1.200087607147526,0.0034770181175403916,0.5899016646329291,1.0223787474153176,513,252,-0.5757054401768174,6.164780219853935e-05,5.6455954035836816e-05,3.480112602651093e-05
2017-02-09,0.0008633932276438825,0.48860406050219163,0.5113959394978084,1.209357217701129,0.003426382222830486,0.5947034595402385,1.0048730411867937,513,252,-0.4477953467683758,6.015376561424428e-05,5.584317333247004e-05,3.4468066269848864e-05
2017-02-10,0.001192730055446918,0.48659348569406913,0.5134065143059309,1.1967547767412383,0.0033731292786238916,0.6207588504327242,0.9892552716220119,513,252,-0.618604538093751,6.30078251288008e-05,5.722119728925431e-05,3.72733678265775e-05
2017-02-13,0.0014207513285442802,0.4856959406700131,0.5143040593299869,1.1903599171475214,0.0033195210082289507,0.621811048348723,0.9735332936869211,513,252,-0.7368668336364664,6.13182460177621e-05,5.546362611227272e-05,3.626247362097719e-05
2017-02-14,0.0010902250726862182,0.4856718596669623,0.5143281403330378,1.193028619755912,0.003273589330671174,0.6202000837316279,0.9600626702968179,513,252,-0.565440750341936,5.932948557804615e-05,5.375477003487325e-05,3.502479612979032e-05
2017-02-15,0.0026499322305546073,0.47683995221865316,0.5231600477813468,1.1385079571058883,0.0033605792926738784,0.6013447606142382,0.9855746715814176,513,252,-1.3743764533943454,6.198580214683879e-05,5.200777897551045e-05,3.41431666590615e-05
2017-02-16,0.002564803892526162,0.47466281582544156,0.5253371841745584,1.1290186156031496,0.0033054472532620025,0.6017797062521272,0.9694058099344306,513,252,-1.3302249909705677,6.009506905162358e-05,5.034389926464962e-05,3.3100182029910796e-05
2017-02-17,0.002578601176387449,0.47426480571373175,0.5257351942862682,1.126811629109753,0.003250800379793136,0.6050793576947824,0.9533792354419192,513,252,-1.3373808955031834,5.859582938419847e-05,4.9113312610070834e-05,3.245975995883318e-05
2017-02-21,0.002835234371652521,0.47389305748494154,0.5261069425150584,1.1226148870270671,0.003200042182672595,0.6048626273182183,0.9384931134074832,513,252,-1.4704826468101777,5.68230969074515e-05,4.750999390551074e-05,3.142763413347422e-05
2017-02-22,0.0037268703520609054,0.47726453814535524,0.5227354618546447,1.1297368462716173,0.00320769844945662,0.596205959211229,0.9407385068245215,513,252,-1.932925981150087,5.496109300948202e-05,4.741754058926348e-05,3.0436415581963812e-05
2017-02-23,0.003981552016333959,0.47905987168001174,0.5209401283199883,1.1346059816124936,0.003161569222572413,0.5972796409123331,0.9272099471098857,513,252,-2.0650155789338425,5.328370743568102e-05,4.638399520438754e-05,2.969333688347161e-05
2017-02-24,0.0038967992281771476,0.4817230220329741,0.5182769779670259,1.1458414454716992,0.0031108376067676686,0.6488157043810591,0.9123316207170058,513,252,-2.0210588939065195,5.8662919281938165e-05,5.1894745084829644e-05,3.5798504191083054e-05
2017-02-27,0.0038724594358935144,0.4823788143401259,0.517621185659874,1.1477844178810046,0.0030594893625456414,0.6499632030855059,0.8972724524820136,513,252,-2.0084351607372626,5.691308473382091e-05,5.037146917308217e-05,3.480063287151664e-05
2017-02-28,0.005280517384078143,0.5017607490113348,0.49823925098866517,1.2245394747149183,0.0031978034927729886,0.6462913540863777,0.9378365611078879,513,252,-2.738718624852376,5.6336914790804736e-05,5.928892982722303e-05,3.735181257007747e-05
2017-03-01,0.0037285638419910267,0.5026007310019172,0.49739926899808284,1.223472563460772,0.003156764643832488,0.6590982991846845,0.9258008831654605,532,252,-2.8980016270113875,5.788396382147545e-05,5.905211949853027e-05,3.853426392698732e-05
2017-03-02,0.0032081434901681917,0.4964143128899624,0.5035856871100376,1.1981803894790122,0.0031389582753446983,0.6719135770889286,0.9205787163168254,532,252,-2.4935083448185695,6.121070472583684e-05,5.894073011331437e-05,4.035848566472996e-05
2017-03-03,0.0027383333632800913,0.49737804862087276,0.5026219513791272,1.2083701739842994,0.0031320275809770836,0.6658667521548584,0.9185461153185142,532,252,-2.128351525784165,5.920703971611762e-05,5.823273845474966e-05,3.909827626275787e-05
2017-03-06,0.0023290750766393454,0.4968266434847029,0.5031733565152972,1.2108098368318674,0.003115833599331228,0.6596769596302715,0.9137968215949578,532,252,-1.8102582247668375,5.772898174620835e-05,5.63915707742914e-05,3.763876460909776e-05
2017-03-07,0.002707368781808613,0.496301290301608,0.503698709698392,1.2010890020689293,0.0030984318250914258,0.6534479222641721,0.9086933122182512,532,252,-2.104284509290181,5.6160328558676655e-05,5.4664645500993115e-05,3.620587680853416e-05
2017-03-08,0.003004988087564333,0.502003737812344,0.497996262187656,1.2220150987948164,0.003073610706507215,0.6687245010198866,0.9014138929079416,532,252,-2.3356071495509165,5.6308679348593476e-05,5.776775673545448e-05,3.813973381931602e-05
2017-03-09,0.0028887112653897587,0.5032304068285115,0.4967695931714885,1.2280260335179407,0.003024530710441509,0.6684000518648147,0.887019945677139,532,252,-2.2452317572750284,5.4482219965475275e-05,5.58784621061913e-05,3.687959091482686e-05
2017-03-10,0.0033317392086207763,0.4994807457717272,0.5005192542282728,1.2006782543489458,0.003030462758432152,0.6625061952396657,0.8887596684275971,532,252,-2.589572300900911,5.472654946549296e-05,5.4119187214338156e-05,3.605492610887765e-05
2017-03-13,0.0030719798905011852,0.5001794226108172,0.49982057738918284,1.206109373001277,0.0029930734024499524,0.6629179650221148,0.8777942963790546,532,252,-2.387676086046249,5.308242617545995e-05,5.322395093215632e-05,3.5236172365307336e-05
2017-03-14,0.003322014043152223,0.5065526728373609,0.49344732716263906,1.2298146067278588,0.0029718774780574915,0.6784688468301102,0.8715780567362332,532,252,-2.5820134802543606,5.3338762993179186e-05,5.6601434364375796e-05,3.7279072556488493e-05
2017-03-15,0.003973340365445296,0.483910489939098,0.516089510060902,1.1115169811558607,0.003023455583424443,0.7543544864682254,0.8867046375518217,532,252,-3.0882525636416878,8.085077644646703e-05,6.856419196779626e-05,5.616506375587416e-05
2017-03-16,0.0031036042727574744,0.47406547508908453,0.5259345249109155,1.0788423016838493,0.0031244511250593963,0.7343131566184372,0.9163241284518141,532,252,-2.4122559283436567,8.185566288567336e-05,6.632896115589305e-05,5.410747558382605e-05
2017-03-17,0.003454896389640301,0.4738334889115056,0.5261665110884943,1.0695152240403676,0.00313118185371836,0.7266891422689559,0.9182980844605365,532,252,-2.6852954066590065,7.917504559479545e-05,6.535062074247748e-05,5.2271828341858614e-05
2017-03-20,0.0036269859987821994,0.4744835128680399,0.5255164871319601,1.0663958839569512,0.003102017405304268,0.7236667175418148,0.9097448740868863,532,252,-2.8190509190813615,7.658205255659435e-05,6.364478071339613e-05,5.052234469804358e-05
2017-03-21,0.0032528659311073117,0.47122292140101235,0.5287770785989876,1.0551897998392157,0.0030600337272339256,0.7430000897889393,0.8974321011622414,532,252,-2.528268566742591,8.156876000777109e-05,6.552419145424645e-05,5.4318983191300656e-05
2017-03-22,0.0024637328766399075,0.47070390471436524,0.5292960952856347,1.0651499706150684,0.003228843073317354,0.7098295376308796,0.9469397012920009,532,252,-1.914920110690995,8.021062203391759e-05,6.479308349473635e-05,5.117222888628373e-05
2017-03-23,0.0019653545859606315,0.47047957151247266,0.5295204284875273,1.0720925475569507,0.0032656592455300366,0.6956530649333462,0.9577369727375823,532,252,-1.527558874981417,7.8204712189307e-05,6.321304514158758e-05,4.891167322584967e-05
2017-03-24,0.0023819603590314576,0.4686488662006082,0.5313511337993918,1.0554496632777823,0.0032756633328324936,0.6859460328821669,0.960670923761766,532,252,-1.8513629613121176,7.687131236432199e-05,6.119579884116749e-05,4.7047104566389414e-05
2017-03-27,0.002120276450176178,0.4689384131971664,0.5310615868028337,1.0602622306208307,0.003248415931189457,0.6819195534540623,0.9526799357245767,532,252,-1.6479708710159402,7.437353458261694e-05,5.961458686278568e-05,4.540656238174388e-05
2017-03-28,0.0024471579924772668,0.46434833659885016,0.5356516634011499,1.0341717178393917,0.0032157528229172384,0.6953361947323752,0.9431006550694828,532,252,-1.9020373914171826,7.792128018294359e-05,5.9728328373689535e-05,4.7436545671794945e-05
2017-03-29,0.0026055474967121373,0.4622298892611868,0.5377701107388132,1.0216135992651199,0.003164260805598925,0.7063603997334787,0.9279993217463276,532,252,-2.0251445877603924,7.879077475127783e-05,5.9674246771093826e-05,4.843479903069314e-05
2017-03-30,0.0029069570549445788,0.46402608926186373,0.5359739107381363,1.0215844331296613,0.0031668716247973835,0.6994517421826293,0.9287650103523631,532,252,-2.259413176732162,7.62099166039875e-05,5.900260125951738e-05,4.6902833361764734e-05
2017-03-31,0.0023896820215027624,0.46043266864589183,0.5395673313541082,1.0144932456101374,0.003198959943154406,0.6880765359957093,0.9403484045228843,532,252,-1.8573645724829013,7.635123639430246e-05,5.706922823158205e-05,4.541985935954264e-05
2017-04-03,0.0005345562048113312,0.4597452426893148,0.5402547573106852,1.0110562044239118,0.003145978673962613,0.6907463990022993,0.9247743264351876,555,252,-1.823339954359181,7.446784480559685e-05,5.56891003954129e-05,4.4482390996280057e-05
2017-04-04,0.0004437461456808694,0.4595547319716454,0.5404452680283546,1.0167600561904595,0.0031659404826452657,0.6785404477678928,0.9306421882651842,555,252,-1.5135921531364254,7.249359562768817e-05,5.430002742655238e-05,4.257215022663791e-05
2017-04-05,0.0004618162411396799,0.46045601565532324,0.5395439843446768,1.0176379982141024,0.003121453825127167,0.6792229807600513,0.9175651387981472,555,252,-1.575228192027345,7.029551201920667e-05,5.3106783996637646e-05,4.150029385907837e-05
2017-04-06,0.0003737935182703979,0.4619999737972451,0.5380000262027549,1.0307129667626895,0.0031469470897641594,0.6663130760700813,0.9250589965373713,555,252,-1.2749878317911496,6.815824169805852e-05,5.223597205468642e-05,3.9757801926964225e-05
2017-04-07,0.00032270716878773876,0.46076227320129803,0.539237726798702,1.0291170254500033,0.0031107241417862312,0.6657503366482878,0.9144111009889911,555,252,-1.1007352811786937,6.699883002845864e-05,5.0615566986318765e-05,3.876921943788733e-05
2017-04-10,0.00026001832598947287,0.4649726787870209,0.535027321212979,1.0518811933877559,0.0031123328506649623,0.6630531727086969,0.9148839880692728,555,252,-0.8869073043676068,6.507471175154955e-05,5.1237120851872954e-05,3.828660368790389e-05
2017-04-11,0.00034850517541715713,0.4636086150183944,0.5363913849816055,1.0375557057091327,0.0031350861424132926,0.6501853075484021,0.9215724186759057,555,252,-1.1887307731529073,6.425055158539821e-05,4.963292859866115e-05,3.6716437182477434e-05
2017-04-12,0.0003160573016156737,0.46263821799531385,0.5373617820046861,1.0355058032595883,0.0030893159792900475,0.6500742243956381,0.9081180770672217,555,252,-1.0780529731316153,6.257211509613303e-05,4.804562673569651e-05,3.5643496132074874e-05
2017-04-13,0.0004247602614994023,0.47498405091840146,0.5250159490815985,1.0765292473842116,0.0032000151485456875,0.6372058487098967,0.9406585868083045,555,252,-1.44883241246683,6.092270997218523e-05,5.2476580890202344e-05,3.602899313734372e-05
2017-04-17,0.00033919178607462274,0.48733565716832805,0.512664342831672,1.1389431537255323,0.003235879875135758,0.6381594829605715,0.9512011815975242,555,252,-1.1569633467421718,5.97470770488404e-05,5.607936521289068e-05,3.693933760839982e-05
2017-04-18,0.0002707461394722425,0.4833766428817654,0.5166233571182346,1.126474178577709,0.0032104852839181645,0.6583758570606485,0.9437363293457552,555,252,-0.9234992488067341,6.430099197446088e-05,5.675022734542308e-05,3.977100228853528e-05
2017-04-19,0.0002776201145329406,0.4850784509609709,0.5149215490390291,1.1322472154425993,0.0031624075621587634,0.6789296435689649,0.9296036706839004,555,252,-0.9469459757563596,6.56343150941142e-05,5.922168322094521e-05,4.232828021986025e-05
2017-04-20,0.0003215064835698113,0.4822372271027816,0.5177627728972184,1.1145688292262346,0.0031247146429917044,0.687785686639143,0.918523670611876,555,252,-1.0966398141150793,6.692169373364466e-05,5.859968580453988e-05,4.307092901393463e-05
2017-04-21,0.0003743104577490595,0.4817998269795452,0.5182001730204548,1.106297456447297,0.0031072624405807376,0.6819320059613903,0.9133935186299226,555,252,-1.2767510821228187,6.489037865649648e-05,5.694118037577386e-05,4.145190186063469e-05
2017-04-24,0.0003861547237990851,0.48147944829776435,0.5185205517022357,1.103003859058635,0.003055947829177146,0.6976432538227892,0.8983093619603966,555,252,-1.3171511809799519,6.613589339018288e-05,5.7847682683866804e-05,4.315141032311482e-05
2017-04-25,0.00041075434827136004,0.4813841116603918,0.5186158883396081,1.0989144939099063,0.0030140315231363445,0.6961724324490458,0.8859878786628927,555,252,-1.4010590614962046,6.402708936664134e-05,5.5996104791586965e-05,4.16847892690194e-05
2017-04-26,0.00040895859370514376,0.48314029611569176,0.5168597038843082,1.104945067843679,0.0029670252984283344,0.7134566021199387,0.8721701912919047,555,252,-1.3949338476845705,6.527289387500252e-05,5.795906589441696e-05,4.388283568451749e-05
2017-04-27,0.0005013219237567487,0.48971781267140085,0.5102821873285992,1.1229346616482654,0.0030406852292402795,0.6981473409936071,0.8938228532967866,555,252,-1.7099797651857895,6.316589111441428e-05,5.9439469606020965e-05,4.277853077373378e-05
2017-04-28,0.0004936392082552931,0.49129217103035305,0.508707828969647,1.1291624136457206,0.0029907181691938792,0.699004238311118,0.8791348153005998,555,252,-1.6837744718869816,6.12432610634834e-05,5.7704436770609794e-05,4.155406991577471e-05
2017-05-01,0.0006182804926324716,0.4866858892160141,0.5133141107839859,1.0961126038221567,0.003073653368965054,0.678548718246157,0.9085827494254826,574,252,-2.038655847572458,6.195976636731806e-05,5.5841019110273134e-05,3.991283603980944e-05
2017-05-02,0.0005845535512738608,0.48550302842336396,0.5144969715766361,1.0918975558812698,0.0030301877571147794,0.6772693318609023,0.8957341616441997,574,252,-1.9274480267843335,6.0031290825420646e-05,5.402230479837788e-05,3.856886029538253e-05
2017-05-03,0.0003568887259637158,0.45698528968599467,0.5430147103140053,0.9923394760708967,0.0034043410366620974,0.6278920700098464,1.0063351874040203,574,252,-1.1767689532315713,7.499259158690466e-05,5.2511027268569604e-05,3.9402106130282785e-05
2017-05-04,0.00039335115617235083,0.4571708945941337,0.5428291054058663,0.988054186668481,0.0033893037318640956,0.6384265448975917,1.0023918097547315,574,252,-1.2969964995431826,7.425975138307792e-05,5.509892846443552e-05,4.083751039543037e-05
2017-05-05,0.00024424429828265684,0.4792691605231539,0.5207308394768462,1.0948749148840335,0.003645972597648996,0.61496711741134,1.0733480250660647,574,252,-0.8053465585014952,7.25343411878334e-05,6.576110708393269e-05,4.24725452605994e-05
2017-05-08,0.00015875854432822898,0.482246306184296,0.517753693815704,1.1163471451045905,0.0036516537930591218,0.6042421829001047,1.0691851080292143,574,252,-0.5234744401667982,7.145417733512766e-05,6.368367715850625e-05,4.0760445154831714e-05
2017-05-09,9.910949802196319e-05,0.47831678304954395,0.521683216950456,1.1045581573437784,0.0036136154507061913,0.6167070293324456,1.04690884854928,574,252,-0.32679368037663803,7.383018919827441e-05,6.310858355469741e-05,4.2095929718038446e-05
2017-05-10,9.402453230964288e-05,0.47876843400927566,0.5212315659907243,1.1070255454224887,0.003555691825884958,0.6329069898914126,1.0142846579226876,574,252,-0.3100270263940912,7.423187768683055e-05,6.412347225658645e-05,4.366602215028222e-05
2017-05-11,0.00015972368974108216,0.48248056252356464,0.5175194374764354,1.115766694716147,0.003558628821136574,0.626444144357297,1.0064965265284271,574,252,-0.5266568134797478,7.183583537894913e-05,6.412094554919958e-05,4.251604776725175e-05
2017-05-12,0.00012107449616431261,0.48242927094058624,0.5175707290594138,1.118952275915071,0.003510692164537156,0.6257342690976665,0.9929384734732365,574,252,-0.39921885380263694,7.006378552346691e-05,6.205032208029198e-05,4.1258055861923e-05
2017-05-15,8.630579796130861e-05,0.4861278222117335,0.5138721777882664,1.1390988388770933,0.003468958028680581,0.6377914423889884,0.9811346959823622,574,252,-0.28457604888048554,6.95135583906866e-05,6.359070802588084e-05,4.240433709532207e-05
2017-05-16,0.00014452086336312172,0.4854969235373863,0.5145030764626137,1.1292607469708213,0.0034543586155978074,0.6311030672248369,0.9806686615419283,574,252,-0.47652854441032166,6.812161793565507e-05,6.153260525436816e-05,4.0859723143683846e-05
2017-05-17,7.769902335209448e-05,0.477862952284844,0.522137047715156,1.1008071298586881,0.0034100871089181354,0.7065198743667271,0.9760241828183714,574,252,-0.2561969368190564,8.668226788038519e-05,7.2733977741636e-05,5.609939599227741e-05
2017-05-18,9.19663962339926e-05,0.4758633368627402,0.5241366631372598,1.0899014787101113,0.003356746991471082,0.7066040974350283,0.9665299508111193,574,252,-0.30324073571256,8.41732981341845e-05,7.040432501272565e-05,5.439550251660061e-05
2017-05-19,-7.53855076448616e-06,0.48879165699940513,0.5112083430005949,1.1584883240229236,0.003432053047013976,0.7130174112288343,0.9914476611004974,574,252,0.024856858305211216,8.439468188252347e-05,7.984405586943724e-05,5.853006012322392e-05
2017-05-22,7.843390390785565e-06,0.490605155931152,0.509394844068848,1.1649929103399783,0.003378135770311047,0.7179596327109274,0.9811018962609721,574,252,-0.025862005797542834,8.360927338302664e-05,7.837109709913444e-05,5.811727119560001e-05
2017-05-23,1.9579926144488073e-05,0.4910903460333163,0.5089096539666838,1.1654902334128268,0.003325751698728444,0.7175058633970886,0.9698281219774103,574,252,-0.06456087715066472,8.08693428913089e-05,7.587013692744684e-05,5.620213909966183e-05
2017-05-24,2.2195413300184658e-05,0.4911207963517021,0.5088792036482979,1.1649162924876455,0.0032713265575680566,0.7175995840799613,0.957022228528398,574,252,-0.0731849211691149,7.82975181654839e-05,7.340649013404206e-05,5.4403069763615926e-05
2017-05-25,2.1611508291485487e-05,0.49137790156978794,0.5086220984302121,1.1654283550546098,0.0032180185664854293,0.7189072934993731,0.9444720812186134,574,252,-0.07125961158132071,7.603085053142411e-05,7.14440146335128e-05,5.298473169023144e-05
2017-05-26,-8.28285108230801e-05,0.48999233069447784,0.5100076693055222,1.1695759793206442,0.0032655700700152425,0.7037257176701416,0.9613602657424999,574,252,0.27311039236615003,7.476655950426229e-05,6.936482420848508e-05,5.0678851686510845e-05
2017-05-30,-0.00010648448145799997,0.4892390737807405,0.5107609262192595,1.1680066755581786,0.0032132071028889812,0.7055907723218743,0.9496079283327807,574,252,0.35111120824107245,7.300557862727962e-05,6.744364835913362e-05,4.951097101983168e-05
2017-05-31,-9.335955753376742e-05,0.4899276022683975,0.5100723977316025,1.1692339356259482,0.00316652761376071,0.7065046629226236,0.9380545988963217,574,252,0.30783440551816044,7.08376905827086e-05,6.595500274122821e-05,4.829154509491555e-05
2017-06-01,-0.0003107022160654886,0.49310510141573605,0.506894898584264,1.1950192162770412,0.0032153466641057955,0.6918048766799042,0.9550002439402008,596,252,0.6549600888311461,6.85595543632085e-05,6.56697431488342e-05,4.641947998506291e-05
2017-06-02,-9.086412792331912e-05,0.4845915075796117,0.5154084924203883,1.1401977894391442,0.003378873339671269,0.6621036062395017,1.0035698171060194,596,252,0.1915415282512112,7.202796888760766e-05,6.35188710054611e-05,4.478451987708162e-05
2017-06-05,-9.888363975345762e-05,0.48269507367166997,0.51730492632833,1.1314807271988374,0.00332275395019774,0.6621597041906222,0.9893084866341844,596,252,0.20844665447516722,6.968454418221717e-05,6.144449632341557e-05,4.332838226477797e-05
2017-06-06,-0.00040219537921258884,0.4775457084140495,0.5224542915859505,1.1267101047693502,0.0035685469487418842,0.6106516891856016,1.0624902819339883,596,252,0.8478276229643327,7.114709349339972e-05,6.037780511677351e-05,4.002310745586217e-05
2017-06-07,-0.0001985634165016996,0.48450160855067526,0.5154983914493247,1.1449885539429543,0.0036936736824608545,0.5849242504319828,1.099745204034262,596,252,0.41857156526735995,6.88267416439778e-05,6.28672264625931e-05,3.8476041330192e-05
2017-06-08,-0.0002060289114660362,0.4860573199437354,0.5139426800562645,1.1520621102419466,0.0036325842491303226,0.5902667211041369,1.0815565882825684,596,252,0.434308824263864,6.745955609290173e-05,6.158038139206534e-05,3.804444258467586e-05
2017-06-09,-0.0003781075562466079,0.49036503916483115,0.5096349608351689,1.1825509982595728,0.0036592420773301285,0.5778474864933933,1.0894936236660442,596,252,0.7970505063111882,6.52558383310786e-05,6.16985881977744e-05,3.666574624524514e-05
2017-06-12,-0.00045363036288342416,0.49173009578480215,0.5082699042151979,1.1932738157539517,0.0036091414174967353,0.576173248618096,1.0745767779705637,596,252,0.9562525383082846,6.312387987437973e-05,5.988203229941144e-05,3.542404886765827e-05
2017-06-13,-0.00017449448786224894,0.46781369092259284,0.5321863090774072,1.0678633773538508,0.00378664097291471,0.5734684866471157,1.1274250535819272,596,252,0.36783427784343503,7.704584863461086e-05,5.9159106968005e-05,3.871640139450335e-05
2017-06-14,0.00024241554828866545,0.46675915795895945,0.5332408420410406,1.0403100712753945,0.0042247484177935545,0.4842480551578771,1.2578660732218152,596,252,-0.5110118332974164,7.728807539480246e-05,6.244860404205032e-05,3.364228603049992e-05
2017-06-15,0.00014751386274768172,0.4640807268714826,0.5359192731285174,1.033176547177362,0.004167284032208897,0.4901305195903321,1.2407567701586928,596,252,-0.3109591359614984,7.69345651119717e-05,6.085819638208739e-05,3.3537604304419135e-05
2017-06-16,5.28932236132955e-05,0.46763836806410475,0.5323616319358953,1.0524419447559672,0.004128953101819196,0.4958659132072401,1.229344214398174,596,252,-0.11149888428548507,7.498840161352844e-05,6.140715357994222e-05,3.364889344241296e-05
2017-06-19,5.38523904714413e-05,0.4685219292755247,0.5314780707244753,1.0555551948098596,0.004060768321607682,0.49810303916124804,1.209043047735345,596,252,-0.11352080745864536,7.285294431707858e-05,5.965863374970904e-05,3.283820406568457e-05
2017-06-20,-9.97736804576718e-05,0.46160378492530524,0.5383962150746948,1.04713659512329,0.004011232210724982,0.5463992520713408,1.1942942894385742,596,252,0.21032285975647294,8.154207791686685e-05,6.240102614470032e-05,3.89759625255843e-05
2017-06-21,-0.0002277410350189086,0.45692059727691103,0.543079402723089,1.0330013354792835,0.0039614562868978825,0.5530364953483461,1.1794741298329328,596,252,0.48007796795064345,8.194529163610082e-05,6.099183929954431e-05,3.9097740473081385e-05
2017-06-22,-0.00041722271295050595,0.46286831732008044,0.5371316826799195,1.066917308641214,0.003987936361700054,0.5484031152754956,1.187358241362448,596,252,0.8795052336505949,7.950112945980445e-05,6.29494551988851e-05,3.8795606924629745e-05
2017-06-23,-0.0003540480699665482,0.4625951387092735,0.5374048612907265,1.0622913107918135,0.003929981387960524,0.5530730698526263,1.1701028718037823,596,252,0.7463331233753092,7.86423919519997e-05,6.13377968848502e-05,3.8412710755626464e-05
2017-06-26,-0.00040470235338341737,0.4628677516462198,0.5371322483537802,1.0652834529806097,0.003868219069215497,0.5532103038810664,1.151713912824432,596,252,0.8531123230428064,7.609521768160368e-05,5.952339084447868e-05,3.7231692076698504e-05
2017-06-27,-0.0005786325415689549,0.46320385687965704,0.536796143120343,1.0746827422003316,0.0038588594083091357,0.5433522184941355,1.1489271906940948,596,252,1.2197570574994365,7.394260608634813e-05,5.806104992662871e-05,3.5601743233415574e-05
2017-06-28,-0.0004733071563675204,0.4586356262817763,0.5413643737182237,1.050026246413272,0.0038010231972462638,0.6088287513266095,1.131707181239028,596,252,0.9977312074064779,8.606686483433491e-05,6.421547887067996e-05,4.526192365230107e-05
2017-06-29,-0.0002838674697672592,0.4605937041868837,0.5394062958131163,1.0493448520314945,0.003831899503187483,0.5955043349130352,1.140900215680156,596,252,0.5983924594083001,8.329658187314141e-05,6.39664104343265e-05,4.346848534662001e-05
2017-06-30,-0.0003994848089946067,0.459550058118803,0.540449941881197,1.0495525296663568,0.0037830585939017153,0.5955467488773337,1.1263584449756279,596,252,0.8421137425381356,8.177322992530806e-05,6.197179755907695e-05,4.239537498742213e-05
2017-07-03,-0.0009052422771590481,0.45998777831517923,0.5400122216848208,1.0633809234362899,0.0038549449955316588,0.5724243973631987,1.1477617231816066,618,252,1.4064929056963043,7.990706848134377e-05,6.114810992527246e-05,4.001310497623767e-05
2017-07-05,-0.0005410666110300115,0.4621599523413062,0.5378400476586938,1.060635116011923,0.003944418873041334,0.5462572736454537,1.1744014526587536,618,252,0.8406659400742357,7.790710306427651e-05,6.0951449587841436e-05,3.7642441143444734e-05
2017-07-06,-0.0007080928312821413,0.45969507875082394,0.5403049212491761,1.055586605105656,0.003894086538152618,0.5537812681496528,1.1594156286092305,618,252,1.1001778959090314,7.833626986643729e-05,5.96568281693361e-05,3.7857312931935505e-05
2017-07-07,-0.0008341037801772214,0.459964923522579,0.540035076477421,1.0610957864458088,0.003847330707331026,0.5515106837789907,1.1454946639742536,618,252,1.2959636100022878,7.576806327337218e-05,5.814711466664059e-05,3.660674447548917e-05
2017-07-10,-0.0009231271111723141,0.46124326405629146,0.5387567359437085,1.0696595031575196,0.003793449824588535,0.5527178305201381,1.1294523041235291,618,252,1.4342809275263928,7.344748347314358e-05,5.695363759612554e-05,3.5748075692391906e-05
2017-07-11,-0.0008245759706139746,0.4613866079702289,0.5386133920297711,1.0670030215121233,0.0037442983318851284,0.5502009253313875,1.1148180610856646,618,252,1.281160063045126,7.119166390809873e-05,5.51520099333828e-05,3.447597525600823e-05
2017-07-12,-0.001166696617481884,0.47456182069365566,0.5254381793063443,1.1374067642630366,0.0038330047291288715,0.5447046499091726,1.1412292828996529,618,252,1.8127197071904266,6.93607050050653e-05,6.023308424030805e-05,3.520751581088166e-05
2017-07-13,-0.0008590897431609319,0.47175533236659967,0.5282446676334003,1.1144926771058075,0.003861881320620586,0.5332021061930915,1.14982692734038,618,252,1.3347847969544355,7.048389768663562e-05,5.826216664547537e-05,3.416883155602548e-05
2017-07-14,-0.0005913870956451576,0.46164637071026493,0.5383536292897351,1.0613001049332134,0.0038521849586083774,0.5505917614630921,1.1469399566612588,618,252,0.9188498764724777,7.6174756504035e-05,5.7897134373109175e-05,3.6564848678030315e-05
2017-07-17,-0.0005716329427201078,0.4603833838657218,0.5396166161342781,1.0551120698728813,0.00379140887294083,0.5563243859941571,1.1288446362624274,618,252,0.8881574567212505,7.441926448158368e-05,5.7050463055770964e-05,3.6249362299970276e-05
2017-07-18,-0.0006076901497726354,0.46042396366391847,0.5395760363360815,1.0561830676649868,0.0037301098403235066,0.5575219376689055,1.1105936149410398,618,252,0.9441802554771381,7.212291037998416e-05,5.54405748797158e-05,3.525432835298944e-05
2017-07-19,-0.0003314487268896633,0.45091579631108497,0.549084203688915,1.0075737901918365,0.003717424631111727,0.578936098443352,1.1068167523397037,618,252,0.5149784701123464,7.89283205742851e-05,5.559348715756924e-05,3.8349439358486775e-05
2017-07-20,-0.00034462224736426714,0.44875188999877297,0.551248110001227,0.9986727093903052,0.003655417325260686,0.5791388448741009,1.0883548515094883,618,252,0.5354464305225958,7.637155882635751e-05,5.3803123284124743e-05,3.712378653451017e-05
2017-07-21,-0.0007624280901158148,0.43751998217975546,0.5624800178202445,0.9657873135090341,0.0036989626961397375,0.576419303407384,1.1013199417960307,618,252,1.1845996667509462,8.190872683855309e-05,5.248141252879761e-05,3.7792564393100235e-05
2017-07-24,-0.0007762670177253733,0.43493723178829186,0.5650627682117082,0.9559584210292758,0.003636938693459584,0.5765289560013162,1.082853069693495,618,252,1.206101483442909,7.924064199751826e-05,5.077691902570805e-05,3.657028038808088e-05
2017-07-25,-0.0005698336040776142,0.43080799422212035,0.5691920057778797,0.9340604015536064,0.0036033720868912694,0.5784933978891109,1.0728590318431845,618,252,0.8853617885344365,7.958764661156652e-05,4.938488049818211e-05,3.6267551960907715e-05
2017-07-26,-0.00026482872114539003,0.42570010115347273,0.5742998988465273,0.9064768397162828,0.0036123769153599875,0.5683212132132358,1.0755401070471604,618,252,0.41146964399915276,7.966602666178283e-05,4.7765857143812546e-05,3.50581692412695e-05
2017-07-27,-0.00020200211241213755,0.428763118312112,0.571236881687888,0.9158087863955797,0.003574602599936197,0.5801624708700882,1.06429327644048,618,252,0.3138546941653951,7.864120881877826e-05,4.881403415880062e-05,3.594571053504387e-05
2017-07-28,-0.0005863474071988826,0.4268542701935569,0.5731457298064431,0.9185993842540323,0.0036407263794715587,0.5565050296866094,1.0839808058944043,618,252,0.911019612436588,7.797080388796982e-05,4.760373283002617e-05,3.390436418053525e-05
2017-07-31,-0.00047154952705576067,0.4262167491136779,0.5737832508863221,0.9129793844601191,0.0035935821501916843,0.5539493719908047,1.0699442004696684,618,252,0.732655865974151,7.557738514218609e-05,4.6098897570008076e-05,3.269725355590518e-05
2017-08-01,-0.0002413242051428212,0.4267271630892894,0.5732728369107106,0.9093862775806008,0.003577647128640356,0.545945858598694,1.0651997468352097,638,252,0.4233261900987295,7.325018267109765e-05,4.5048944452357114e-05,3.136145776386434e-05
2017-08-02,-0.00042430514476930525,0.4257471790489502,0.5742528209510498,0.9108266356959327,0.003551622019449639,0.5395134962121623,1.0574510956338696,638,252,0.7443077675037898,7.15033392089947e-05,4.363205233838045e-05,3.0134798784911713e-05
2017-08-03,-0.0005363807359221704,0.424535880118357,0.575464119881643,0.9093076239051432,0.003493997916874296,0.5535170223295199,1.040294238831676,638,252,0.9409085725400127,7.189526838367531e-05,4.330669677573477e-05,3.088578653240649e-05
2017-08-04,-0.0005141307486322714,0.4243332747326409,0.5756667252673591,0.9077480346225684,0.003437540347262608,0.5533590566486226,1.023484702649119,638,252,0.9018780809919159,6.953834182512636e-05,4.191922864798451e-05,2.9876232387587763e-05
2017-08-07,-0.00041727791862046406,0.4244859844765589,0.5755140155234411,0.9053269684996951,0.0033945930238337184,0.5506706382914717,1.0106976735210986,638,252,0.731980745144841,6.73077545770561e-05,4.068037545299676e-05,2.881488880921603e-05
2017-08-08,-0.0005190176156161172,0.42348725143156,0.57651274856844,0.9043336444956158,0.00334266811292734,0.5535007372653967,0.9978984913870318,638,252,0.9104505272600654,6.605727084160118e-05,3.9523861625121614e-05,2.8281875243377475e-05
2017-08-09,-0.00043647537243782334,0.4263038509710634,0.5736961490289366,0.9122965854696746,0.003309555583532124,0.5569581307009894,0.9926056478169912,638,252,0.7656565423127604,6.428851761989106e-05,3.948409418600526e-05,2.8060819089647747e-05
2017-08-10,-0.00037689689571197176,0.43786070354583806,0.5621392964541619,0.9541576060117722,0.0032962952290588616,0.5989494699565857,0.9915898107392761,638,252,0.6611451463286148,6.707053573422633e-05,4.488995028546246e-05,3.286477284014015e-05
2017-08-11,-0.00034301187402501095,0.4403521577799926,0.5596478422200074,0.9626735597144317,0.003242479787764029,0.5996296805578349,0.9763160387241941,638,252,0.6017047055171986,6.505443076430803e-05,4.3474651968511206e-05,3.188890590355605e-05
2017-08-14,-0.0003095094265109599,0.4408785062687399,0.5591214937312601,0.9635898174761593,0.003188990645037614,0.6027946329202073,0.9616531402279702,638,252,0.5429353688204823,6.346225809763587e-05,4.236231702380415e-05,3.1254819154159254e-05
2017-08-15,-0.0002955146064204416,0.4415877637022505,0.5584122362977495,0.9657738272092006,0.0031381644167049407,0.6055117874668174,0.9463262837010886,638,252,0.5183859297514503,6.171622265402306e-05,4.138920214840752e-05,3.060312652830542e-05
2017-08-16,0.00017953089115222012,0.4202172683574373,0.5797827316425628,0.8717125723343632,0.0032362119965796566,0.6183116432965716,0.9784461402130081,638,252,-0.3149295700011544,7.59614641513104e-05,4.169190244654075e-05,3.479604987791523e-05
2017-08-17,-2.0097295603267312e-05,0.4119019723884263,0.5880980276115737,0.8473244541762457,0.003189106508670672,0.6380967681664884,0.9655399733194465,638,252,0.03525428198959172,7.969420840027588e-05,4.2063994506121884e-05,3.694495837707753e-05
2017-08-18,6.722915419763711e-05,0.409516489162585,0.590483510837415,0.8364658018967527,0.0031381176672753094,0.639070906185452,0.950102494380874,638,252,-0.11793206443258572,7.764416427707095e-05,4.077437251150662e-05,3.595813012472328e-05
2017-08-21,-1.0866050652630393e-05,0.4088911995984842,0.5911088004015158,0.8362686112363718,0.003096868070244617,0.6369843749287996,0.9376136876545491,638,252,0.019061013052857755,7.519527244506018e-05,3.948720378411296e-05,3.4709810165801765e-05
2017-08-22,7.768492662387676e-05,0.40833558384339147,0.5916644161566085,0.8319417255169133,0.003046407265925699,0.6403770660240422,0.9223360782290568,638,252,-0.1362733754631964,7.367237857298125e-05,3.848850061743648e-05,3.409993979582208e-05
2017-08-23,-0.0002802581440637169,0.40861938542942877,0.5913806145705712,0.8424682175896896,0.0031865714248682053,0.603179724650782,0.9647724465089303,638,252,0.491623342550408,7.234471709147655e-05,3.846781664582835e-05,3.181990763591286e-05
2017-08-24,-0.00040308141971996604,0.40843735476634774,0.5915626452336522,0.8451597491854452,0.0031541626453292526,0.599028632675759,0.9549603025600599,638,252,0.7070775250607557,7.01818855949704e-05,3.7289820497606017e-05,3.0644690823586676e-05
2017-08-25,-0.0003261388450859857,0.40790054658691227,0.5920994534130877,0.8412536673510834,0.003103373546650896,0.6014363168049681,0.9395832981077187,638,252,0.5721063689062651,6.856914051041565e-05,3.6233796488704964e-05,2.9978570633351033e-05
2017-08-28,-0.000284009785852087,0.409205760443896,0.590794239556104,0.8446192492485386,0.003061374378776676,0.6037159191218413,0.9268675498821706,638,252,0.4982043990339299,6.66207330669284e-05,3.5643062083927555e-05,2.9418791943960563e-05
2017-08-29,-0.0005370434574501363,0.405805790120648,0.594194209879352,0.839644606218576,0.0030744999351086104,0.5918319806824713,0.9308414683687692,638,252,0.942071105653358,6.640360596053901e-05,3.448353648619039e-05,2.832045070561662e-05
2017-08-30,-0.0005491529067363167,0.4062435794496721,0.5937564205503278,0.8416360851723106,0.0030266855298667207,0.5989152099670395,0.9163650877787766,638,252,0.9633132642154412,6.516027749217189e-05,3.4131123214454646e-05,2.824438322073366e-05
2017-08-31,-0.0005484607270674785,0.41432979050837765,0.5856702094916224,0.8704860370460423,0.0030049913689815873,0.6321013071882059,0.9097969222235438,638,252,0.9620990562088316,6.747686327376708e-05,3.76087900371693e-05,3.184262131229169e-05
2017-09-01,-0.0004132002259030066,0.41976274579498074,0.5802372542050193,0.8911350046668499,0.002972215267869371,0.6426298829955573,0.8998735672940792,661,252,1.0074968471361092,6.675862494644866e-05,3.834212987470187e-05,3.251267667641796e-05
2017-09-05,-0.000370851900466152,0.42584612110565734,0.5741538788943427,0.9120735076183824,0.002949371259201752,0.6535412834785049,0.8929572716296124,661,252,0.904239874645634,6.617588264085389e-05,3.9630995598058367e-05,3.346881911080443e-05
2017-09-06,-0.0005472656849422311,0.4363952134907576,0.5636047865092424,0.9597013719908936,0.003030422536693473,0.641723247127651,0.9174965110981255,661,252,1.3343856502501228,6.426567768542267e-05,4.2028128814760045e-05,3.3350883666697776e-05
2017-09-07,-0.0005458680822305663,0.43960212483917677,0.5603978751608232,0.9725902245989382,0.002982582208016618,0.6469858105307558,0.9030122818794849,661,252,1.3309779068916243,6.29418023649714e-05,4.142692343395698e-05,3.3037386512567695e-05
2017-09-08,-0.0005382385235052715,0.44130803871984675,0.5586919612801533,0.9793175929740945,0.0029365006124169157,0.6514665787773185,0.8890605300440153,661,252,1.312374924901535,6.151395806778325e-05,4.0812596584093455e-05,3.264194960712687e-05
2017-09-11,-0.0004934575877261529,0.4413814660078515,0.5586185339921486,0.9779622860479873,0.0028881813031424166,0.6620527537719523,0.874431283745446,661,252,1.2031865731510762,6.154481010455141e-05,4.06162624873195e-05,3.3100784961158815e-05
2017-09-12,-0.0003488783743494912,0.4394994497047875,0.5605005502952125,0.9649139832773087,0.002882569781149695,0.6544530952392494,0.8727323286367337,661,252,0.8506623185476966,6.0487628020671585e-05,3.929676840359253e-05,3.190731220849846e-05
2017-09-13,-0.0005355185162503608,0.4339689728318553,0.5660310271681447,0.9509329715646256,0.002890904436804125,0.6485790550368031,0.8752557448902597,661,252,1.305742792192699,6.138055248708809e-05,3.8095906201753773e-05,3.1362990796198655e-05
2017-09-14,-0.0006186606442060253,0.433216069568132,0.566783930431868,0.9516825057327509,0.002863019068495481,0.644816173962935,0.8668131175588965,661,252,1.5084663787939843,5.9395983902302855e-05,3.706793126654922e-05,3.0256148100732873e-05
2017-09-15,-0.0006717130161865543,0.4324090690387112,0.5675909309612888,0.9511259456432211,0.002818777972840564,0.6458839527427537,0.853418598999503,661,252,1.637822787994065,5.7951034429710156e-05,3.594342713578818e-05,2.947778403062411e-05
2017-09-18,-0.0006459555238570683,0.4336921370274724,0.5663078629725276,0.9556865905155694,0.0027788391831386847,0.6496402976338049,0.8413266548018671,661,252,1.5750188719134837,5.6523348917049944e-05,3.5499141963321165e-05,2.9100190179222647e-05
2017-09-19,-0.0006038359960383315,0.43367506924286814,0.5663249307571319,0.9543809558074497,0.002733188847251092,0.6558454884946338,0.8275054719799415,661,252,1.4723197715257699,5.580241782379789e-05,3.4890063001272276e-05,2.893869353176249e-05
2017-09-20,-0.0006892403922408715,0.43302539870563267,0.5669746012943673,0.9556002655914188,0.0027029059438876736,0.6528765987600611,0.8183369623594402,661,252,1.6805593960748135,5.426596888987731e-05,3.3753954130438266e-05,2.7941982160221383e-05
2017-09-21,-0.0012026812920466264,0.41238352820484786,0.5876164717951522,0.8972334545460231,0.0031411230233314214,0.5516759841461683,0.9510124017164692,661,252,2.932470831056585,6.215265354950788e-05,3.306763580487442e-05,2.5010103496373082e-05
2017-09-22,-0.0009719570245469661,0.4044219840769745,0.5955780159230255,0.8614344391791929,0.0031702156126634457,0.5330912819326161,0.9598205295889827,661,252,2.3699010223017813,6.16603580255094e-05,3.2123168945700044e-05,2.3725413602139565e-05
2017-09-25,-0.0010408873126278833,0.40177229406320053,0.5982277059367995,0.8555242210938745,0.003124771287841957,0.5320541577227632,0.9460617190706252,661,252,2.537972198356776,6.002970359639741e-05,3.1072445089118546e-05,2.2978763503449384e-05
2017-09-26,-0.0011512687238357559,0.4,0.6,0.8547693323343026,0.0030878801267191607,0.5356245694529651,0.9348924807183207,661,252,2.8071127186247167,6.00207136740601e-05,3.023186331114587e-05,2.2816211047656232e-05
2017-09-27,-0.001200353817082032,0.4,0.6,0.8584189581542976,0.0030434036206681346,0.535140864088949,0.9214266888580951,661,252,2.926795801030905,5.846850836876307e-05,2.9250025809145758e-05,2.21305521499972e-05
2017-09-28,-0.0012692458744742504,0.4,0.6,0.8632363919495837,0.003019992127248563,0.5291087485753521,0.9143385804270211,661,252,3.0947737600547534,5.664456491906504e-05,2.8508995739500814e-05,2.126253417630708e-05
2017-09-29,-0.0011201115038045916,0.4,0.6,0.8597742081195535,0.0030024467294470325,0.5214270417316624,0.9090265023013425,661,252,2.7311427675475546,5.534823574129326e-05,2.762884693577096e-05,2.039045052566102e-05
2017-10-02,0.0,0.4,0.6,0.8565512543087406,0.002977385068543965,0.5160808604182918,0.9014387860134424,681,252,2.4229003738969817,5.417592023278074e-05,2.673335676571981e-05,1.964027880524063e-05
2017-10-03,0.0,0.4,0.6,0.863933429341079,0.002997642022196003,0.4986024374794008,0.9075718199637179,681,252,2.7610279729334404,5.30750033091557e-05,2.6128833691624187e-05,1.8567756177529756e-05
2017-10-04,0.0,0.4,0.6,0.8694743431411389,0.0029688790415653425,0.49560699500242594,0.8988634850507232,681,252,2.944409820496158,5.225347917964013e-05,2.527511441995125e-05,1.8011156450997764e-05
2017-10-05,0.0,0.4,0.6,0.8697869987090061,0.0029330475174027164,0.5042801880021756,0.8880150644069115,681,252,2.8197261847974744,5.1135118008174193e-05,2.5403325368529666e-05,1.8175100572158987e-05
2017-10-06,0.0,0.4,0.6,0.8685869084175338,0.0028996717695762317,0.501405040065569,0.8779101592937444,681,252,2.6281776176189777,4.9461989470033793e-05,2.4776207368030646e-05,1.7552617909206428e-05
2017-10-09,0.0,0.4,0.6,0.8684960168187599,0.0028548104597845092,0.5006087990643828,0.8643278635185461,681,252,2.5121524821907815,4.785918834656728e-05,2.3980502332884488e-05,1.69593921124878e-05
2017-10-10,0.0,0.4,0.6,0.8659824723652899,0.002811976264868304,0.51602833796194,0.851359300912027,681,252,2.295414953162103,4.855885834405494e-05,2.3746917181046406e-05,1.752311876258917e-05
2017-10-11,0.0,0.4,0.6,0.8687138875951118,0.0027827189458532265,0.5191804521619522,0.842501299166268,681,252,2.358759346173094,4.7200611275164006e-05,2.3669931227353733e-05,1.735364232138144e-05
2017-10-12,0.0,0.4,0.6,0.8596259062399747,0.002919717822664398,0.4701302135315112,0.8839793405867757,681,252,1.8237355667020256,4.725490828930926e-05,2.3619621823737384e-05,1.5706452122605856e-05
2017-10-13,0.0,0.4,0.6,0.8495935364582176,0.002996514425531541,0.45967729915835315,0.9072304266454454,681,252,1.275904858383495,5.228042969296183e-05,2.2924554738009336e-05,1.5913770321122152e-05
2017-10-16,0.0,0.4,0.6,0.8458750287574915,0.002989391553615374,0.4513912303555743,0.9050738923493361,681,252,1.0554996596115107,5.057553374459747e-05,2.2769314748118104e-05,1.5317868432564944e-05
2017-10-17,0.0,0.4,0.6,0.8426528025761582,0.002960374826656466,0.44589351755983037,0.8962887327136988,681,252,0.8656909060202636,4.9150711385599024e-05,2.2088385009571648e-05,1.469190273091737e-05
2017-10-18,0.0,0.4,0.6,0.8461205338525863,0.0029380808830708695,0.43990761218019636,0.8895389758033236,681,252,1.0343863332885452,4.756406123549484e-05,2.1669818989889387e-05,1.4123052830360114e-05
2017-10-19,0.0,0.4,0.6,0.8460983455669953,0.002889515016151374,0.44020059491479724,0.8748350812415734,681,252,1.0162254339044539,4.60298357499993e-05,2.0969810439327324e-05,1.3676267603319689e-05
2017-10-20,0.0,0.4,0.6,0.8394634245757397,0.002982822001331834,0.422200130670292,0.9030848821612711,681,252,0.6325498722052272,4.454552256428136e-05,2.289338011840001e-05,1.3482652835999533e-05
2017-10-23,0.0,0.4,0.6,0.8425482964575102,0.002937056482463154,0.4346427420149615,0.8892288263201525,681,252,0.7949304630585554,4.462364599823681e-05,2.2486941174323665e-05,1.376829458603245e-05
2017-10-24,0.0,0.4,0.6,0.8417391569718072,0.0028900109432737483,0.43421827123153733,0.8749852290836738,681,252,0.7300817426167224,4.3175633524544645e-05,2.1755078109448215e-05,1.3307846314763507e-05
2017-10-25,0.0,0.4026334901666753,0.5973665098333247,0.8531373266138159,0.002853881788034762,0.5199475003445426,0.8640466970871222,681,252,0.8297245210716946,4.8192846312389095e-05,2.5501889168320365e-05,1.8227913546409937e-05
2017-10-26,0.0,0.4042983769267696,0.5957016230732304,0.8569654813638246,0.0028215978105056226,0.5177922759858049,0.854272338432941,681,252,0.6871517509705705,4.6613822477406964e-05,2.4917244772717905e-05,1.7646676972045628e-05
2017-10-27,0.0,0.40871239032404344,0.5912876096759565,0.87403502025793,0.002792040868662403,0.528438069885774,0.8453236223078711,681,252,0.7432905531012469,4.578935358095996e-05,2.5268668718008576e-05,1.797494353264207e-05
2017-10-30,0.0,0.4100932323793879,0.5899067676206121,0.8833346192451386,0.0027804530994700594,0.5197567018169241,0.8418152871906878,681,252,0.9701935834786365,4.4428077359807886e-05,2.4668504712094138e-05,1.7206806319780893e-05
2017-10-31,0.0,0.41368698244184904,0.586313017558151,0.8948662425871471,0.002753624399764004,0.5238683463737458,0.8385453636721201,681,252,0.8482900859975306,4.324210792081963e-05,2.4679975674266553e-05,1.7113859007684324e-05
2017-11-01,0.0,0.41436709460580534,0.5856329053941947,0.89615276075821,0.002708327436257307,0.5307255644107889,0.8286278919660934,703,252,0.7598163860505035,4.253059898164929e-05,2.417881914651767e-05,1.701916702983262e-05
2017-11-02,0.0,0.41112716155613255,0.5888728384438675,0.8801427501164422,0.0026783154425449843,0.5351422286964179,0.8230777271454096,703,252,0.5031338810323358,4.27771935755934e-05,2.3554442406107688e-05,1.6986808133009262e-05
2017-11-03,0.0,0.4081701511101938,0.5918298488898062,0.8786185742200168,0.0027860507596561327,0.4934692396236818,0.8600658442770386,703,252,1.0283059753122314,4.2618482769068175e-05,2.33711369627593e-05,1.557395798426633e-05
2017-11-06,0.0,0.41399330410645924,0.5860066958935408,0.9032529251329572,0.0027795032435137847,0.5003605259067632,0.8612965453759095,703,252,1.1951878704585366,4.163656561411156e-05,2.4121760050759033e-05,1.5857144604736965e-05
2017-11-07,0.0,0.41644006489643687,0.5835599351035632,0.9121248593359824,0.00273787321415346,0.5032209231859268,0.8511480744586454,703,252,1.1452666703819268,4.0429097598010594e-05,2.361530374120309e-05,1.554900065787481e-05
2017-11-08,0.0,0.4099381796190376,0.5900618203809624,0.8819442217366414,0.0027340540485504693,0.5035155243839713,0.8505969297752599,703,252,0.7632352798003652,4.184036265441678e-05,2.295824450883056e-05,1.560558033774613e-05
2017-11-09,0.0,0.4084398342769534,0.5915601657230466,0.8763914993099614,0.0026885135930142814,0.5044163555226288,0.8398568880349923,703,252,0.7373034889456628,4.053782605656616e-05,2.224854072559576e-05,1.5148518195531852e-05
2017-11-10,0.0,0.4105800436588829,0.5894199563411171,0.8814768821495993,0.0026699966973572535,0.5016573358880162,0.837239268393675,703,252,0.5536204033348568,3.922661494590992e-05,2.2031794202855126e-05,1.4747639630282474e-05
2017-11-13,0.0,0.4104755801676519,0.5895244198323482,0.8835919806377445,0.002626220933212574,0.5216280288694776,0.8238398134680441,703,252,0.6812756575265294,3.981599938398038e-05,2.2080305236900106e-05,1.5466507851393813e-05
2017-11-14,0.0,0.40815656908555614,0.5918434309144438,0.8793996537929355,0.002584493067442835,0.5620162536710798,0.8131444555822016,703,252,0.9072350748885868,4.2978128168393326e-05,2.300177164208393e-05,1.7670680224077635e-05
2017-11-15,0.0,0.409721325523274,0.590278674476726,0.8844764148858357,0.002551042602687131,0.5666778317751722,0.8051588999375291,703,252,0.8412670782251289,4.189134942987793e-05,2.281478511261899e-05,1.751889017282429e-05
2017-11-16,0.0,0.40916471669241433,0.5908352833075856,0.8802849132849015,0.0025098814277841053,0.577998245970561,0.7941795357475631,703,252,0.694718993152765,4.193663594112023e-05,2.2554235714178243e-05,1.7776136343851283e-05
2017-11-17,0.0,0.40134738907971523,0.5986526109202848,0.8606115069557412,0.0025691555040862095,0.5541810929504997,0.8162157014974029,703,252,1.1857737690324661,4.315003990293399e-05,2.1828039860474833e-05,1.7007860096030986e-05
2017-11-20,0.0,0.4,0.6,0.8536155357076181,0.0025383191459449673,0.5509142559782094,0.8084736270427105,703,252,1.020775988219521,4.190659874870232e-05,2.1130850046119034e-05,1.639395360359258e-05
2017-11-21,0.0,0.4,0.6,0.8524686151155404,0.0024965761379727547,0.5643143520600936,0.7955589326824817,703,252,0.9301741970303059,4.176930209263296e-05,2.1071740826499194e-05,1.6741713790970898e-05
2017-11-22,0.0,0.4050395527711222,0.5949604472288779,0.8721988170062148,0.0024810023472226555,0.5763222381520747,0.7922868711237436,703,252,1.0113227547743102,4.123051408392914e-05,2.1812711696950543e-05,1.7283415961469588e-05
2017-11-24,0.0,0.40615543902517276,0.5938445609748273,0.8772238930192731,0.0024407157604636777,0.5762385305438046,0.7837697501658761,703,252,1.0411311795012432,3.9898598618341775e-05,2.1097705017562625e-05,1.6718554420219974e-05
2017-11-27,0.0,0.418584552234921,0.581415447765079,0.9195561168267872,0.0024830182626785933,0.5822585940638767,0.8009424200219639,703,252,0.7902561246429037,3.9298313713625805e-05,2.316534217933577e-05,1.7567996037847622e-05
2017-11-28,0.0,0.41939277384451,0.58060722615549,0.9145588725528078,0.0025649023173306192,0.5486681514569933,0.8294282113505554,703,252,0.3129733477203512,3.899388329819261e-05,2.2808289416401685e-05,1.636267682356537e-05
2017-11-29,0.0,0.42579143885527526,0.5742085611447247,0.9373843265733164,0.002544503439803956,0.5672131646628789,0.8258184059648059,703,252,0.21532281356111402,3.888157550906102e-05,2.3900886425425803e-05,1.7291203950429236e-05
2017-11-30,0.0,0.4272403981741141,0.5727596018258859,0.9480591369218185,0.00255016517570479,0.5543930371669967,0.8312312297316287,703,252,0.4862431526115198,3.7856432620574264e-05,2.3350481408588796e-05,1.6482972328752485e-05
2017-12-01,0.0,0.4565775097458161,0.5434224902541839,1.079927633148471,0.002777541197148644,0.5316510540500271,0.9095090030134796,724,252,1.066148448957775,3.6999161320430995e-05,2.9541741719249022e-05,1.757683466349258e-05
2017-12-04,0.0,0.4639018985018196,0.5360981014981804,1.1134931564139106,0.0027309332714492416,0.550298667069747,0.8968860683214789,724,252,1.0859490690740399,3.725139785342423e-05,2.9773265286351356e-05,1.8326645598661316e-05
2017-12-05,0.0,0.4666382077192211,0.533361792280779,1.1247058741229827,0.0026907932030849134,0.5519151062849874,0.8860290477110921,724,252,1.005009742517618,3.6125151055568685e-05,2.912552274889445e-05,1.7902512328479536e-05
2017-12-06,0.0,0.47456194637404714,0.5254380536259529,1.1553432493649156,0.0027000567890748434,0.5515266512196386,0.8915333057969343,724,252,0.7129880564335862,3.514987623987298e-05,3.0183354095520062e-05,1.7964376686023302e-05
2017-12-07,0.0,0.47878971482330607,0.521210285176694,1.1808975652457478,0.002690963157069948,0.5445329805073447,0.8900633735298992,724,252,0.9532236233472346,3.39995655740702e-05,2.9820339666501918e-05,1.733872527997433e-05
2017-12-08,0.0,0.47992553943097066,0.5200744605690293,1.1866918785181513,0.0026465537955056998,0.5495128201848868,0.8785264879685252,724,252,0.9485463418839731,3.323427564068981e-05,2.9174953647148773e-05,1.711102497282554e-05
2017-12-11,0.0,0.4795902354346317,0.5204097645653682,1.1833011759542145,0.0026080132817063073,0.5488840969568107,0.8682613916199958,724,252,0.8400114265059497,3.231399073411436e-05,2.8222298244327836e-05,1.6575709794078988e-05
2017-12-12,0.0,0.47632412244174555,0.5236758775582544,1.1633675870248612,0.002589618418637091,0.5466664594745857,0.8631933712407045,724,252,0.6058551440870017,3.215837629242933e-05,2.7330646951383023e-05,1.6206694331410753e-05
2017-12-13,0.0,0.45253103934769584,0.5474689606523042,1.0445612696731748,0.002730836952888843,0.527414030213282,0.9111663923700676,724,252,-0.06601737926397733,3.810042725797771e-05,2.6613603901466588e-05,1.6794552875667003e-05
2017-12-14,0.0,0.4477869686270294,0.5522130313729706,1.0242334274175329,0.0026857718710826847,0.5327824432334178,0.8973652043447061,724,252,-0.10342548785158104,3.7188941024154924e-05,2.614391223041925e-05,1.6612771798022288e-05
2017-12-15,0.0,0.4528790943608569,0.5471209056391431,1.0373698427874947,0.0027430479197904974,0.5119798366379029,0.9186034272060604,724,252,-0.5415517264917673,3.5988146495398327e-05,2.6801703538921883e-05,1.5900610409378642e-05
2017-12-18,0.0,0.45608623483701216,0.5439137651629878,1.050497712834906,0.0027002042361624397,0.5322009016153583,0.9052879373809806,724,252,-0.5593449762482984,3.610825792735478e-05,2.725697375348632e-05,1.6696202059423895e-05
2017-12-19,0.0,0.4564611786990233,0.5435388213009766,1.065096815086271,0.00265656305713658,0.5337372778464983,0.8914690077525549,724,252,-0.5196246829177695,3.513129304987849e-05,2.642588099828701e-05,1.626257607605704e-05
2017-12-20,0.0,0.4585268260158817,0.5414731739841183,1.0784748485799318,0.0026487832648432437,0.525707728200877,0.8904071248725387,724,252,-0.2946958525216361,3.399481664642686e-05,2.6045640167298764e-05,1.564293465514948e-05
2017-12-21,0.0,0.4637884187369067,0.5362115812630933,1.102925113427255,0.0026158080031773454,0.5493618918832156,0.8805812084226066,724,252,-0.23094866728643373,3.419322971652449e-05,2.7198757894139377e-05,1.6753406553208572e-05
2017-12-22,0.0,0.46321576218903204,0.536784237810968,1.0958699604802242,0.0025931217314586075,0.5453242578358214,0.874687368458483,724,252,-0.46365985253548925,3.357147853803603e-05,2.630700243121988e-05,1.6205996238486327e-05
2017-12-26,0.0,0.46373259127056965,0.5362674087294304,1.101538189642385,0.0025698367653075767,0.5403367168344833,0.8696944768767956,724,252,-0.2937290065684271,3.2503407254358245e-05,2.5632343462337487e-05,1.5596353897734046e-05
2017-12-27,0.0,0.4635293784038134,0.5364706215961865,1.0994086868202044,0.0025275343032197316,0.5477146569059917,0.8586173584568877,724,252,-0.36062523210678454,3.202058141136185e-05,2.51539033149944e-05,1.5544317671787654e-05
2017-12-28,0.0,0.47022843122801394,0.5297715687719861,1.1337167018318492,0.002522879369824496,0.5530295455680282,0.8588324707520018,724,252,-0.1435548220319183,3.1304802203839486e-05,2.6051582130131732e-05,1.57932266435609e-05
2017-12-29,0.0,0.47127699090874914,0.5287230090912509,1.1402502637710303,0.002484893894789038,0.5527257928369279,0.8461291359387991,724,252,-0.059533468842359334,3.0417982136733845e-05,2.5203262344242236e-05,1.5303942018177855e-05
2018-01-02,0.0,0.477628376333018,0.522371623666982,1.1727310231170591,0.002462680906966853,0.5711696064646022,0.8391381593603287,744,252,0.08678311322744918,3.0334854636163428e-05,2.6452720673490658e-05,1.6179728190419807e-05
2018-01-03,0.0,0.4766683088212706,0.5233316911787294,1.1650293370438956,0.00243183996515136,0.5749921795388506,0.8310054560032896,744,252,-0.07418681286196471,3.018171376859672e-05,2.5760233855179027e-05,1.6032778277087072e-05
2018-01-04,0.0,0.48028838919537686,0.5197116108046231,1.1857756633988954,0.0024131124349219724,0.5773376849882988,0.829335240981127,744,252,0.10462565803111788,2.936918652066454e-05,2.591598971157793e-05,1.5927945631268638e-05
2018-01-05,0.0,0.47929245660414,0.52070754339586,1.1783490153173393,0.0023805624061027644,0.5802497880526548,0.8222195240189525,744,252,-0.04008375177359744,2.9023202105678062e-05,2.5199230730223695e-05,1.569210823824716e-05
2018-01-08,0.0,0.4763143304415585,0.5236856695584415,1.1669309666693501,0.002345878904234891,0.5968929709886666,0.8115942718411804,744,252,0.0762136672696486,2.9742127660772928e-05,2.516992845979397e-05,1.633140210460922e-05
2018-01-09,0.0,0.4781421936678729,0.5218578063321271,1.1709118746807397,0.002337149850447009,0.59117833723361,0.8087687007048171,744,252,-0.16634631130541053,2.8768306342381742e-05,2.4902109977227537e-05,1.5823178684671535e-05
2018-01-10,0.0,0.4845882435001753,0.5154117564998246,1.1997548520523966,0.002306690563063068,0.6400536446222334,0.798481067743282,744,252,-0.2685546718030568,3.1013935799770176e-05,2.822007149868582e-05,1.893537330619413e-05
2018-01-11,0.0,0.48541190581773125,0.5145880941822687,1.202569579480143,0.0022691016027610224,0.6476442213000334,0.7864146519635821,744,252,-0.33602505881085715,3.075245522935343e-05,2.7815720090437362e-05,1.8941813051412682e-05
2018-01-12,0.0,0.4841278115006227,0.5158721884993773,1.193796832104997,0.002237574654488236,0.6500686717833694,0.7788843626102552,744,252,-0.46909176094720606,3.031863648979975e-05,2.7059250496165056e-05,1.861966879382839e-05
2018-01-16,0.0,0.4717791275826859,0.5282208724173141,1.1508886697614207,0.0024792203010811052,0.5807973024627359,0.8671893028006704,744,252,0.29492332167518054,3.2754126856627394e-05,2.6420782847126755e-05,1.7085608265875734e-05
2018-01-17,0.0,0.4668142078501168,0.5331857921498833,1.1245536288050046,0.0024530904698816785,0.5797432065583734,0.8594229162795604,744,252,0.08783180957883345,3.2315740748719855e-05,2.5587836332378725e-05,1.667091772033278e-05
2018-01-18,0.0,0.46755861320875447,0.5324413867912455,1.1243626183640172,0.0024330934044449223,0.5764220904799593,0.8574053918088838,744,252,-0.12169727118682702,3.126136594520474e-05,2.5176845297291907e-05,1.6171311654342424e-05
2018-01-19,0.0,0.4701081663232564,0.5298918336767435,1.1301577580466038,0.00243951150412075,0.5652520639237462,0.8650173668654025,744,252,-0.45026071149546915,3.0261551965340198e-05,2.491764165727025e-05,1.552176926557623e-05
2018-01-22,0.0,0.47194799296887013,0.5280520070311299,1.1416193002073722,0.0024150424854650857,0.5621013069998546,0.8578042597887409,744,252,-0.29090820825277736,2.9269370558131503e-05,2.437294917072078e-05,1.5013271138418268e-05
2018-01-23,0.0,0.47249124339009246,0.5275087566099075,1.1443418731481307,0.002375427226074818,0.5625770304626622,0.8477587307368649,744,252,-0.289742286855824,2.8332845630706415e-05,2.3615911586700155e-05,1.4552226680904408e-05
2018-01-24,0.0,0.4703119429171211,0.5296880570828789,1.1310732459065551,0.0023466195724551543,0.5647659142966786,0.8413700343472204,744,252,-0.48775409260611197,2.808798739723295e-05,2.294138689115432e-05,1.4336350917928752e-05
2018-01-25,0.0,0.47883159157671484,0.5211684084232852,1.1653390020360523,0.0023475242924699906,0.577201000668703,0.8431033842708601,744,252,-0.7686317752346897,2.7784009734350137e-05,2.451825527501052e-05,1.5065006305798493e-05
2018-01-26,0.0,0.4658291795860941,0.534170820413906,1.0966764055273936,0.0024042995733418167,0.5741526896714302,0.8643628324825962,744,252,-1.3142881029019324,3.099148918586778e-05,2.4001908955307376e-05,1.5659270213644212e-05
2018-01-29,0.0,0.47015439863075514,0.5298456013692449,1.113440351144728,0.0023785733491115224,0.6139446990824545,0.8556086423639151,744,252,-1.43253109151773,3.242792535885192e-05,2.6649745436037846e-05,1.804826124781641e-05
2018-01-30,0.0,0.4687096133443836,0.5312903866556165,1.1087985017561532,0.002341841062674318,0.640140925215501,0.8426400832899745,744,252,-1.311235285719566,3.4166109918632435e-05,2.738886972135163e-05,1.9582151905304155e-05
2018-01-31,0.0,0.46840961454467767,0.5315903854553223,1.107643680702449,0.002304065294208194,0.6399041176503083,0.8293403750335203,744,252,-1.288439656745607,3.3047705594411096e-05,2.649861040036524e-05,1.8936386592385335e-05
2018-02-01,0.0,0.4686627245138474,0.5313372754861526,1.099969199727513,0.00236281128341364,0.6146256033110843,0.8543628795827409,765,252,-1.7743384182346988,3.237225916541438e-05,2.611477922594721e-05,1.787064926220715e-05
2018-02-02,0.0,0.5186361824915512,0.4813638175084488,1.3266323614418376,0.002540758224761135,0.7125042661380409,0.9244714172690798,765,252,-2.4904453062004754,3.983965850818844e-05,5.0432797137631566e-05,3.193756494301902e-05
2018-02-05,0.0,0.499351146461505,0.500648853538495,1.2352412655218976,0.0025984770091467264,0.819410322396815,0.9481898920435353,765,252,-2.024135593613409,7.634696687216464e-05,7.309282334788406e-05,6.121173556561563e-05
2018-02-06,0.0,0.4923322259420714,0.5076677740579286,1.1945979881295101,0.002582289914938138,0.82072228213177,0.9438319593678628,765,252,-2.3058209840447863,7.716474377699774e-05,7.173498439872475e-05,6.10620228970253e-05
2018-02-07,0.0,0.4748692879339683,0.5251307120660317,1.1292530267912269,0.0028137480987402933,0.7993506722433945,1.0284303733050324,765,252,-1.458816372051997,8.855887466487102e-05,7.062359810345133e-05,6.321618876908038e-05
2018-02-08,0.0,0.46651325570588376,0.5334867442941162,1.0978807497675374,0.0027752267743610423,0.8377872849279571,1.0143507547246438,765,252,-1.152755031807132,0.00010954962724272407,8.304771904422346e-05,7.991035707167846e-05
2018-02-09,0.0,0.45895574553917223,0.5410442544608278,1.0534441870456224,0.002847685262069208,0.8289703579239773,1.0408344721534315,765,252,-1.782125119915463,0.00011276677354699195,8.082900206843786e-05,7.914312366988364e-05
2018-02-12,0.0,0.45755685192247975,0.5424431480775203,1.0439717744660149,0.002799994511173457,0.8424621261628076,1.0234034104429421,765,252,-1.9940480837463785,0.00011845130917002374,8.484561942314385e-05,8.445687940149145e-05
2018-02-13,0.0,0.45627153227967826,0.5437284677203218,1.0333467074530034,0.002770732652227054,0.8415246967653587,1.0127081443907602,765,252,-2.27265152231426,0.00011591339992865386,8.22268489778516e-05,8.215623193266351e-05
2018-02-14,0.0,0.45645106630696286,0.5435489336930371,1.0303499175833684,0.0027250806770309794,0.8553949691874175,0.996875657060578,765,252,-2.4855956758763997,0.00012275018882245515,8.724812612515375e-05,8.852294021670825e-05
2018-02-15,0.0,0.45714012061471787,0.5428598793852821,1.032176320783528,0.0026829055416111944,0.8575999884421609,0.9820078992851411,765,252,-2.4866181884819607,0.00012042459457244492,8.611880401772156e-05,8.733560998610834e-05
2018-02-16,0.0,0.4558312556233993,0.5441687443766007,1.0304959923873898,0.002658048260381053,0.857277158846033,0.9733284818671346,765,252,-2.190170537120353,0.00011884548982194805,8.377803322055091e-05,8.554166227886231e-05
2018-02-20,0.0,0.45615039610976804,0.543849603890232,1.0290345448624987,0.0026230980716018567,0.8570299250392852,0.9615607307621338,765,252,-2.279317441650484,0.00011518416824056998,8.167583558127837e-05,8.312643870419907e-05
2018-02-21,0.0,0.4561822139403131,0.5438177860596869,1.0333355043734826,0.0026185906199676793,0.8530120688143317,0.9638851215919115,765,252,-1.9999063565725541,0.00011162886965724025,7.918433402053727e-05,8.019791426865116e-05
2018-02-22,0.0,0.45415000834675273,0.5458499916532473,1.0147284860122607,0.002687441367946486,0.8413558439330046,0.9932823735924257,765,252,-2.4886380942525457,0.00011001151854218159,7.663674264584956e-05,7.725334872701351e-05
2018-02-23,0.0,0.4599164499081833,0.5400835500918166,1.0437360232175326,0.002739139390530179,0.8380186271937929,1.0123900405333435,765,252,-2.1554644426786855,0.00010828498887617667,8.022516391700249e-05,7.810756641591766e-05
2018-02-26,0.0,0.4590614284018351,0.5409385715981649,1.0341316160483656,0.002713582532418819,0.8391600459716957,1.0029441873180178,765,252,-2.4083857961289303,0.00010818247383986619,7.85391895988241e-05,7.735109394314826e-05
2018-02-27,0.0,0.45429529536369584,0.5457047046363042,1.0209750464554053,0.0027070655863160814,0.8435325093097632,1.0007688843472067,765,252,-1.9701358743083592,0.00011344797679679933,7.864990142817884e-05,7.967999417346466e-05
2018-02-28,0.0,0.4625494546382767,0.5374505453617233,1.0480755559605877,0.0027753270623306647,0.844997267042684,1.0260043132708085,765,252,-2.2395839841351073,0.00011464320451044774,8.704553896831809e-05,8.441171464953061e-05
2018-03-01,0.0,0.4641380657234451,0.5358619342765549,1.0548948576667796,0.0027297043506772757,0.8467015756889658,1.0091381573590155,784,252,-2.143356213419324,0.00011220214417301608,8.508330947845591e-05,8.272811584844597e-05
2018-03-02,0.0,0.4644314006055163,0.5355685993944836,1.0479311113343501,0.0027528876258529067,0.8394450180822027,1.017708729328276,784,252,-2.436744958249756,0.00010891355149157275,8.264858396008291e-05,7.964360770267855e-05
2018-03-05,0.0,0.4646254185175916,0.5353745814824085,1.047196832077486,0.0027076447103584994,0.840580721514185,1.000982979389735,784,252,-2.4157124507867964,0.0001060471506987747,8.05663057058032e-05,7.769725084352448e-05
2018-03-06,0.0,0.4652699744581313,0.5347300255418688,1.048507596477925,0.0026645349292671347,0.8439917388832081,0.986296721878961,784,252,-2.3966091087605164,0.00010463629482980072,7.993060684419901e-05,7.718553651125757e-05
2018-03-07,0.0,0.4643209558196418,0.5356790441803583,1.0471968300244376,0.002635151471748598,0.8435634224062754,0.9759348518279491,784,252,-2.1825537250093965,0.00010263400580124621,7.757532386821397e-05,7.527056546881464e-05
2018-03-08,0.0,0.46518930140296705,0.5348106985970329,1.0536602823305312,0.0026196627122571227,0.8411637378946918,0.971861628570114,784,252,-1.9934541942027115,9.933132851518882e-05,7.589452259185781e-05,7.303463798942462e-05
2018-03-09,0.0,0.46044925720424995,0.53955074279575,1.0258299072281294,0.0026085905147162696,0.8491139975680864,0.9694197730798824,784,252,-2.28422319523085,0.00010645072556636923,7.739034265112555e-05,7.706970523735772e-05
2018-03-12,0.0,0.4594450436073066,0.5405549563926935,1.0213999718882596,0.002566209045541065,0.8490053451003187,0.9541039925077157,784,252,-2.204935097587718,0.00010299174586139378,7.48530591832072e-05,7.454463827164811e-05
2018-03-13,0.0,0.4561239882917226,0.5438760117082774,1.0125839978053661,0.0025489262685795765,0.8519685572266159,0.9482692050396359,784,252,-1.9062814877850844,0.00010540390793741733,7.423989355043912e-05,7.536515448804168e-05
2018-03-14,0.0,0.45565695583453525,0.5443430441654648,1.0095654076305922,0.0025072459514798758,0.8528878699731959,0.9332389540277705,784,252,-1.8944888234023562,0.00010253457281173162,7.236048855019953e-05,7.34645539670483e-05
2018-03-15,0.0,0.45260492506879685,0.5473950749312031,1.002694631312758,0.002505114582397885,0.8516367133847571,0.9332334166603896,784,252,-1.599063036060575,0.00010310732057748063,7.067448688410475e-05,7.269933827816275e-05
2018-03-16,0.0,0.4516067277060903,0.5483932722939098,1.0007242084110635,0.0024732579923745016,0.8507139195008648,0.9226472848941056,784,252,-1.4674632005063601,0.00010009125786161256,6.83660718873358e-05,7.037232927068694e-05
2018-03-19,0.0,0.4508191586182688,0.5491808413817312,0.9993173922437589,0.0024344604725336197,0.852820215460979,0.9103658907156152,784,252,-1.3467319343554676,9.869974632024607e-05,6.699828388516621e-05,6.935014029614656e-05
2018-03-20,0.0,0.4512295856922748,0.5487704143077252,1.0081855453211606,0.0024985977468692795,0.8408834390620208,0.9367636830191051,784,252,-1.0315285813060544,9.57619226298028e-05,6.552796368328242e-05,6.661094022360545e-05
2018-03-21,0.0,0.45994500405108046,0.5400549959489196,1.0494109704018455,0.0025550020804688796,0.8421546945160399,0.9600609288505118,784,252,-0.8228588545904382,9.639612800461991e-05,7.181300173982772e-05,7.006856269274646e-05
2018-03-22,0.0,0.4585246736519111,0.5414753263480889,1.0493365591945152,0.002519201743455477,0.86754141016761,0.9480285924774473,784,252,-0.5644588390065809,0.00011381339771249361,8.179959200127124e-05,8.370713487002558e-05
2018-03-23,0.0,0.4572515935775149,0.5427484064224851,1.047410895239501,0.0024807104928417562,0.8718610000181183,0.9351738198745965,784,252,-0.4129324508770186,0.00011473578089607928,8.159657260827854e-05,8.435923790211493e-05
2018-03-26,0.0,0.4494720757070926,0.5505279242929074,1.0042263879401563,0.0025488661532727564,0.8686202056807824,0.9626832529164047,784,252,-0.8234763858126896,0.0001229866517446956,8.116455268195181e-05,8.678449016870857e-05
2018-03-27,0.0,0.4404782287552496,0.5595217712447504,0.9801740060747337,0.0026421878259214704,0.860902207481978,0.9991744785628134,784,252,-0.3142614081011627,0.00012997076849460997,7.975332209739348e-05,8.764982555753012e-05
2018-03-28,0.0,0.4387070606611285,0.5612929393388715,0.969127833348654,0.002626574186468127,0.8579860514868899,0.9954160755317563,784,252,-0.4605122020449819,0.00012582570123471237,7.73236056481794e-05,8.462934036092684e-05
2018-03-29,0.0,0.4502499383459896,0.5497500616540104,1.0250622887165692,0.00282433192884561,0.8450231400563846,1.0703620781375742,784,252,-0.06861448826446612,0.00012468488722405742,8.653721684426344e-05,8.777623971944488e-05
2018-04-02,0.0,0.4527425171460764,0.5472574828539236,1.038704392068481,0.002777918446627209,0.8551248431596545,1.0527723498292607,805,252,0.08007378528875697,0.0001290542105754204,8.950362996111017e-05,9.19043224545204e-05
2018-04-03,0.0,0.45095916421166354,0.5490408357883365,1.0258534730634392,0.0027518253634879865,0.8575296482361597,1.0428836230798768,805,252,-0.12148364849590708,0.00013039671813655377,8.83506710673186e-05,9.204228698287077e-05
2018-04-04,0.0,0.4496454960423213,0.5503545039576787,1.0168149591097633,0.002715604038299327,0.8581193401632358,1.0291565067640276,805,252,-0.2556341549560939,0.00012819334768033905,8.602930569424669e-05,9.011636047826267e-05
2018-04-05,0.0,0.4565048159470484,0.5434951840529516,1.0584953385976161,0.0029527747987630497,0.8336217246673466,1.1190392098028232,805,252,0.3062859814765397,0.00012409564678998874,8.978711760008203e-05,8.799425373132866e-05
2018-04-06,0.0,0.4590983997200818,0.5409016002799182,1.0701990263187997,0.0029085266135587813,0.8388535277331484,1.1022700832758237,805,252,0.3485292778012099,0.00012357693190029266,9.037583084127813e-05,8.865045949565213e-05
2018-04-09,0.0,0.45752752075871517,0.5424724792412848,1.05866115641482,0.0028760854802772785,0.8420497689405912,1.0899755797574218,805,252,0.16070581588587912,0.0001246838046473328,8.926441637499097e-05,8.88345627294402e-05
2018-04-10,0.0,0.4521850817092013,0.5478149182907988,1.0279336821144873,0.002872142943332829,0.847231531781025,1.088481441623764,805,252,-0.19305884822294236,0.00013211870038554247,8.991483793110207e-05,9.234214109853678e-05
2018-04-11,0.0,0.4499357157949296,0.5500642842050705,1.0269530147895798,0.0029035604737006502,0.83937050966206,1.1003880212828328,805,252,0.19465328437583193,0.00012916128225646435,8.703983733781304e-05,8.899772722004897e-05
2018-04-12,0.0,0.4491259347877932,0.5508740652122068,1.0203962503552864,0.00286893606305137,0.8380726783726445,1.0872661018092955,805,252,0.055703684464934594,0.00012532200483917816,8.418609287377095e-05,8.608262991071215e-05
2018-04-13,0.0,0.44911722479244637,0.5508827752075536,1.0181746421067346,0.002830837112948384,0.8371510853227618,1.0728274053548883,805,252,-0.03371226584164407,0.00012121509641651446,8.15705029396861e-05,8.324320066012768e-05
2018-04-16,0.0,0.44931466425651634,0.5506853357434837,1.0188099809745037,0.0027846372062338104,0.8382252944662818,1.0553186176462903,805,252,-0.03183851600911044,0.0001179561777554617,7.951680177402617e-05,8.118028276954918e-05
2018-04-17,0.0,0.45074303033511126,0.5492569696648888,1.029538597638193,0.0027805175120652528,0.8346355339992914,1.0537573406708354,805,252,0.1961714952682343,0.00011415393513476039,7.807314035054081e-05,7.879399822380407e-05
2018-04-18,0.0,0.4510293381484087,0.5489706618515913,1.0298918571458195,0.0027346505052649427,0.8362184889020429,1.0363747149902922,805,252,0.16342084518052338,0.00011150189666759922,7.622898352782642e-05,7.709406708858517e-05
2018-04-19,0.0,0.45064946955154134,0.5493505304484587,1.0312737257896332,0.002690136293062285,0.8411573657180549,1.0195047698562696,805,252,0.3053303665057247,0.00011157357319360534,7.587344402109799e-05,7.7393203229535e-05
2018-04-20,0.0,0.44841139935851476,0.5515886006414852,1.0281907468204812,0.00267166808920001,0.8409385577770958,1.0125057111183071,805,252,0.5928065508080672,0.00011118280989595214,7.400880532688158e-05,7.628247676601203e-05
2018-04-23,0.0,0.4484140883088435,0.5515859116911566,1.024073070769853,0.0026626928240822156,0.8371499958034598,1.0091042754282589,805,252,0.40257726623000234,0.000107568655101937,7.199013407811361e-05,7.366863789801799e-05
2018-04-24,0.0,0.4485724948394391,0.5514275051605608,1.0225285059532854,0.0026297442207562833,0.8359445834288345,0.9989729614206767,805,252,0.3046269661384718,0.00010404987696016951,6.976149349727549e-05,7.122068696878994e-05
2018-04-25,0.0,0.44857075960595616,0.5514292403940438,1.0251036069269022,0.0025937255966725684,0.8350758944659593,0.9868982035440205,805,252,0.4301109668141537,0.00010069458342891738,6.750095842052109e-05,6.884683372915398e-05
2018-04-26,0.0,0.44999050269769847,0.5500094973023015,1.0328919324949795,0.0025631388271491807,0.836367793728032,0.9759142585043313,805,252,0.5219319173753072,9.836700305101962e-05,6.685595268754225e-05,6.782535285768152e-05
2018-04-27,0.0,0.44989949403560353,0.5501005059643964,1.0308998264350218,0.0025221621361142775,0.837936594217184,0.9609483187442287,805,252,0.45030619244498005,9.637728079843102e-05,6.523458315696277e-05,6.644119538723507e-05
2018-04-30,0.0,0.4479243081678193,0.5520756918321807,1.0285334318759192,0.0025075149731648536,0.8365870096242655,0.9565628021346324,805,252,0.7200233597717907,9.546365299148875e-05,6.339363902011554e-05,6.508081492169331e-05
2018-05-01,-2.822820460718335e-05,0.44640808288815265,0.5535919171118473,1.0172019407946882,0.0025047696024205314,0.8321583475049865,0.9563377116611123,826,252,0.486612919366748,9.326524960781479e-05,6.131550624901986e-05,6.292903349555219e-05
2018-05-02,-9.965325315357495e-07,0.443086813993565,0.556913186006435,0.9937190503061241,0.002605101632701539,0.814655001125275,0.9953776241582057,826,252,0.01717876185051974,9.26829153660251e-05,5.937989561569901e-05,6.043566232301588e-05
2018-05-03,2.2623173360430676e-05,0.43907817189848464,0.5609218281015154,0.969336329444706,0.002646349628657592,0.8049134864146631,1.0111379813360737,826,252,-0.3899903868295533,9.242827490858505e-05,5.744712842602396e-05,5.865240033099658e-05
2018-05-04,5.253872437475223e-06,0.4408865874149337,0.5591134125850663,0.9821264571344125,0.0026787834760133807,0.7965209741938292,1.0235305596209507,826,252,-0.09056906878624937,8.942823624137477e-05,5.716318658274601e-05,5.6949873573231066e-05
2018-05-07,-1.8842914662773076e-05,0.44011766178220074,0.5598823382177993,0.9870447399746792,0.0027260357932565155,0.7837281977749719,1.0415850948770922,826,252,0.32482426144442716,8.752996132251317e-05,5.549423695231753e-05,5.462202326971556e-05
2018-05-08,-2.885596493157724e-05,0.43924048360912327,0.5607595163908767,0.9868620421505621,0.0026896632973689226,0.7832473846090053,1.0276876069300473,826,252,0.4974345882743834,8.534838682301758e-05,5.374185183262511e-05,5.304603474836403e-05
2018-05-09,-4.684902099479671e-05,0.4446323840139359,0.5553676159860641,1.0148366621816465,0.00273176703716746,0.7774984844691729,1.0437749334138833,826,252,0.8076085317147929,8.317359682180453e-05,5.5361275335478586e-05,5.275885184179682e-05
2018-05-10,-5.1136918090412924e-05,0.44990225479130985,0.5500977452086901,1.0380515623792943,0.0027045734328853075,0.7907159195854502,1.0333845882223993,826,252,0.8815255998626917,8.490052162905012e-05,5.865366812347843e-05,5.579859333210989e-05
2018-05-11,-5.2918798301531986e-05,0.45105775993441477,0.5489422400655852,1.043558288562111,0.002660164981408985,0.7910368461868966,1.016416659459786,826,252,0.9122426059054292,8.223161220352868e-05,5.6832263953318404e-05,5.407712497037677e-05
2018-05-14,-6.270161902541674e-05,0.4523651444539637,0.5476348555460363,1.0525624420798545,0.0026342746539538622,0.789604099572343,1.0065242804802246,826,252,1.0808841124530921,7.962598385205992e-05,5.561756706208234e-05,5.254637898614726e-05
2018-05-15,-8.880330370840797e-05,0.44706317911354776,0.5529368208864522,1.0394298276057135,0.0026528943967875913,0.7874156698038738,1.013638657574624,826,252,1.5308389417003097,8.229490694380353e-05,5.447722708046619e-05,5.272274688883767e-05
2018-05-16,-7.6214819973438e-05,0.44362952357257773,0.5563704764274222,1.020890736352929,0.002627117012098738,0.7888118222116979,1.0037894326512973,826,252,1.313831912527943,8.228805151177811e-05,5.324207869890517e-05,5.2211876472790604e-05
2018-05-17,-8.108750471411353e-05,0.44310592577747177,0.5568940742225282,1.0205227369485161,0.0025864326185023483,0.7886203658308157,0.9882444210748023,826,252,1.3978298635067503,7.961427408290236e-05,5.161516933813313e-05,5.055360565914191e-05
2018-05-18,-8.272023154265374e-05,0.44427922189496993,0.5557207781050301,1.026273308863985,0.0025478448803447572,0.7940658427896241,0.9735005160206601,826,252,1.4259756836047872,7.880616668856469e-05,5.167091350879415e-05,5.0671024624190975e-05
2018-05-21,-7.241233185298076e-05,0.4425934560922348,0.5574065439077651,1.0157550279682461,0.0025110458644796974,0.803852773765077,0.9594400599818919,826,252,1.2482825844391774,8.129686428370336e-05,5.218980828588707e-05,5.2360798724735494e-05
2018-05-22,-7.719224096311468e-05,0.4425585946630878,0.5574414053369122,1.0175130094344267,0.0024697317104318893,0.8085684450693305,0.9436544246024507,826,252,1.3306812193774435,8.04951499858803e-05,5.178054914097332e-05,5.220173908155855e-05
2018-05-23,-8.227402999677185e-05,0.4423740185103194,0.5576259814896807,1.0189806217183108,0.0024291214465921866,0.8107999458443992,0.928137737103667,826,252,1.418283822223979,7.888529751580496e-05,5.06304907165913e-05,5.124102555090907e-05
2018-05-24,-5.6472316600009376e-05,0.445798395621343,0.5542016043786571,1.0247755413099793,0.002541246082979029,0.7904822453578028,0.9709791958687901,826,252,0.9735000587724532,7.633884049547368e-05,5.091562930257741e-05,4.928224205137206e-05
2018-05-25,-5.2641448876557736e-05,0.448900237869061,0.551099762130939,1.0365733776530703,0.00251436068887133,0.7942380786263357,0.9607066140333833,826,252,0.9074615078777826,7.515731582605513e-05,5.126107206182887e-05,4.929809959163949e-05
2018-05-29,-4.886997313784096e-05,0.45626222557480783,0.5437377744251921,1.0665015632049535,0.0025042397333440614,0.8118055705579176,0.9568395201202385,826,252,0.8424467878459316,7.879161413605908e-05,5.717658669775676e-05,5.448803404461549e-05
2018-05-30,-4.1376190784325185e-05,0.4585236104014745,0.5414763895985255,1.0731866029211667,0.0024632512487232005,0.8448872795166606,0.9411783190647357,826,252,0.713264951491544,9.238845309643672e-05,6.715092666519258e-05,6.654778799397057e-05
2018-05-31,-5.5982832437237306e-05,0.4570006941463025,0.5429993058536975,1.0716989185221673,0.002440000458003476,0.8460264961584376,0.9322944749429235,826,252,0.9650620684452295,9.229247559055433e-05,6.576338416565008e-05,6.591119553796254e-05
2018-06-01,0.0,0.45502518240101275,0.5449748175989872,1.0547088546844527,0.002503168471237575,0.8337913350700517,0.956430203908917,848,252,0.5505780260675106,9.068853995333065e-05,6.370579667229678e-05,6.337574215176556e-05
2018-06-04,0.0,0.4684917862812392,0.5315082137187608,1.0865676145490095,0.0033509061402384917,0.7195021584992893,1.279398275613863,848,252,-0.7102986883965081,8.885254754580581e-05,7.25566355822762e-05,5.777043151637562e-05
2018-06-05,0.0,0.4922616176524694,0.5077383823475305,1.2268068540252042,0.00412608116329624,0.606454412719662,1.5753652607495414,848,252,0.6903279157204861,8.668003841834326e-05,8.622348160489266e-05,5.242886856807881e-05
2018-06-06,0.0,0.49049640082763896,0.5095035991723611,1.2071223762807233,0.004138771496882885,0.605875655177339,1.580210514608715,848,252,0.21148697684688295,8.997866021991903e-05,8.403060522108829e-05,5.26831833712024e-05
2018-06-07,0.0,0.4871437850875103,0.5128562149124898,1.1995665810051706,0.0041186838419101585,0.6017807078421402,1.5725409141909,848,252,0.6119929246277394,8.936527581462195e-05,8.132697394813492e-05,5.130266991704846e-05
2018-06-08,0.0,0.4870588522441778,0.5129411477558222,1.2050754693499421,0.004074564669999673,0.5984207313824592,1.5556959205976835,848,252,0.8786052311636144,8.645972521897703e-05,7.916734101845444e-05,4.950927712939681e-05
2018-06-11,0.0,0.48603737658950447,0.5139626234104955,1.1934882112465683,0.004040140306990641,0.5936628323705866,1.5425524695937927,848,252,0.5695827430645438,8.437946617064127e-05,7.660426107398177e-05,4.772926102233425e-05
2018-06-12,0.0,0.47779860763843607,0.5222013923615639,1.1687926446990042,0.0041015038612338016,0.5817788402507142,1.5659814831795478,848,252,1.2151837396867038,8.757959176043705e-05,7.418161121804711e-05,4.689294525243646e-05
2018-06-13,0.0,0.4758433207812261,0.524156679218774,1.1628024084766073,0.00403823820283951,0.5809855876865067,1.5405006519741038,848,252,1.3362690398754618,8.477492715387215e-05,7.177034725545752e-05,4.531808978667554e-05
2018-06-14,0.0,0.4721716050835703,0.5278283949164297,1.1533272211325851,0.003999516002047672,0.5829189143539392,1.5237202649744364,848,252,1.6488855527923283,8.480291176724584e-05,6.977993163642551e-05,4.4841362422303384e-05
2018-06-15,0.0,0.4762082854830728,0.5237917145169272,1.160194441091605,0.004064398113887042,0.5651447124636384,1.548438803065888,848,252,1.0702095208814812,8.206330068623065e-05,7.059547689398638e-05,4.301526445561908e-05
2018-06-18,0.0,0.47462174582501315,0.5253782541749868,1.1479592061777106,0.0040132937005462185,0.5695643077412652,1.5289692396994268,848,252,0.8375647521463114,8.178355954196831e-05,6.880020616665975e-05,4.272387544402036e-05
2018-06-19,0.0,0.4791822749182975,0.5208177250817025,1.1781072338032799,0.003972086823072506,0.5841330627965419,1.5132704015822975,848,252,0.623379092016197,8.11321059335723e-05,7.115617699184107e-05,4.438277641338589e-05
2018-06-20,0.0,0.4773455119273785,0.5226544880726215,1.164480305900342,0.003920406353846619,0.5926695197834717,1.4935813746544007,848,252,0.3988806559288897,8.178984066377156e-05,6.989092007093227e-05,4.4809763580483115e-05
2018-06-21,0.0,0.4784379044749893,0.5215620955250106,1.1580258297809651,0.003958743062468546,0.575894728089198,1.5081867468518722,848,252,-0.1170303436668092,7.948786353170681e-05,6.893273519668182e-05,4.2629110490088475e-05
2018-06-22,0.0,0.4749338936761287,0.5250661063238713,1.1365325907213903,0.0039038463661881123,0.5988599230282532,1.487272414077652,848,252,-0.3582746287255447,8.323370919193808e-05,6.969161047050628e-05,4.5610530628807216e-05
2018-06-25,0.0,0.4740815457067556,0.5259184542932445,1.1346002870293912,0.0038392210900934755,0.6579436000249395,1.4615328328169583,848,252,-0.2387342444477231,9.473196024263451e-05,7.879608379140606e-05,5.684460401482744e-05
2018-06-26,0.0,0.4748893295207638,0.5251106704792362,1.138629863936213,0.0037783576446179523,0.6650021454663944,1.4374956755576793,848,252,-0.2122527322982867,9.32772232985258e-05,7.823487542044783e-05,5.680820264190389e-05
2018-06-27,0.0,0.4748503230767313,0.5251496769232686,1.139340342293331,0.0037160214462898214,0.6743467946450535,1.4118571892447624,848,252,-0.1526285030878343,9.295391128293361e-05,7.773644960336114e-05,5.7323075428596644e-05
2018-06-28,0.0,0.46969037521379814,0.5303096247862018,1.1074089515736762,0.003697339009239186,0.6793195286069315,1.403317523023932,848,252,-0.5492930418191112,9.582291616794547e-05,7.640300764651785e-05,5.8125140934656317e-05
2018-06-29,0.0,0.47666288152684894,0.523337118473151,1.148487947501264,0.0037501538522726244,0.6747542066169132,1.4212290098263372,848,252,-0.08912689930085267,9.34608857558641e-05,8.029501012600312e-05,5.845273353238403e-05
2018-07-02,-5.104639231281715e-06,0.47234864320697323,0.5276513567930268,1.1379476648706515,0.003746405523643321,0.6769449679506708,1.4168021143159375,869,252,0.35578697596477127,9.658134858435924e-05,7.864081216550814e-05,5.8996193572234877e-05
2018-07-03,-3.221415141267521e-06,0.4707306411235819,0.5292693588764181,1.1277063796941504,0.003688715737510588,0.678163336199115,1.392166776920866,869,252,0.2245286100563303,9.430461249838076e-05,7.63071361209435e-05,5.752853986005641e-05
2018-07-05,2.9933223939362315e-06,0.4664731925629309,0.5335268074370692,1.099552939933205,0.0036855750348625564,0.6740184616623994,1.3879174650427877,869,252,-0.20863083057855908,9.47019961182581e-05,7.397657069794227e-05,5.641550191228324e-05
2018-07-06,6.13787474062504e-06,0.4635404615317485,0.5364595384682516,1.0821599612730257,0.0036294993214598336,0.6882050414727768,1.3649318507725703,869,252,-0.42780219989595963,9.70767993441153e-05,7.430345517797415e-05,5.8449402901876286e-05
2018-07-09,8.349491672025727e-06,0.4621038035967249,0.5378961964032751,1.0726634259248684,0.003572221635060018,0.6918756057541573,1.3422194488738062,869,252,-0.5819491365087485,9.556648660657835e-05,7.25726918803046e-05,5.761922925003654e-05
2018-07-10,-1.5535387641362978e-06,0.4612499171429368,0.5387500828570633,1.0820761935149636,0.0036938124473336847,0.6647814286986407,1.3867672336747008,869,252,0.10827971065005465,9.39744806110914e-05,7.130797954065051e-05,5.44192949937954e-05
2018-07-11,-1.0168039116746365e-05,0.44982467236106843,0.5501753276389316,1.0445525381153893,0.003685533823034253,0.7018711878363045,1.3813319359400775,869,252,0.7086996210563429,0.00011166921676726564,7.586070847694783e-05,6.460001174813079e-05
2018-07-12,-4.5576418446801005e-06,0.44297614249449496,0.5570238575055051,1.0087349217026635,0.003640584400431541,0.7211844585839556,1.3608512687419663,869,252,0.3176619416142525,0.00011950865231410559,7.759155868878031e-05,6.944696515691309e-05
2018-07-13,-7.638741436466383e-06,0.4409103828686383,0.5590896171313617,1.004171788826561,0.00359225913526525,0.7199058182272177,1.339972953842352,869,252,0.5324107332017602,0.00011620194233993775,7.505361096852057e-05,6.723078359735247e-05
2018-07-16,-1.0658552048482182e-05,0.439486069746898,0.5605139302531019,1.0022218328176673,0.0035393964817139623,0.7215803413440127,1.3181258273706116,869,252,0.742887759482353,0.00011410612017008854,7.29911956806214e-05,6.58528236082886e-05
2018-07-17,-1.2087731970652128e-05,0.438952734537,0.561047265463,1.0019602981194091,0.0034815662917246416,0.7226887948079479,1.2949594655213656,869,252,0.8424998142388138,0.00011100338114409748,7.08361195894965e-05,6.408358600156738e-05
2018-07-18,-6.157138506648809e-06,0.437943650322875,0.5620563496771249,0.9904378707068869,0.0034862028361135407,0.7140044382576742,1.296034462813181,869,252,0.42914486031695254,0.00010831111127513751,6.86822501686326e-05,6.15828345398003e-05
2018-07-19,-9.263940681890165e-06,0.4367258961094823,0.5632741038905177,0.9895040285442704,0.003438454298459218,0.7142266953489169,1.2747504400175103,869,252,0.6456850898548493,0.00010601352323871526,6.658854094393683e-05,6.000901000658747e-05
2018-07-20,-2.4355576084878236e-06,0.43277264571034074,0.5672273542896593,0.9653935006861953,0.00343922754054484,0.709309108195379,1.27104839341349,869,252,0.1697553219827242,0.00010627026204943979,6.453654721784288e-05,5.8741397649272416e-05
2018-07-23,-6.7412667340865905e-06,0.4297306056367687,0.5702693943632313,0.9587699295489485,0.00339660137813568,0.7127437970316677,1.2545828648382857,869,252,0.4698578678772474,0.00010620297889719784,6.311164783714947e-05,5.835210876192112e-05
2018-07-24,-2.397403751780145e-07,0.4255864536156614,0.5744135463843386,0.9349605317468209,0.0033871795602828745,0.7096127111911648,1.2495988117065566,869,252,0.016709604584500392,0.00010643277379533877,6.123671943806012e-05,5.728818128633676e-05
2018-07-25,-4.892285465768543e-06,0.4284466612244843,0.5715533387755156,0.9515638970283566,0.003405470738380238,0.7034143902184095,1.2545049590844246,869,252,0.34098618385322116,0.00010312665478734147,6.161603252519354e-05,5.607168138201115e-05
2018-07-26,-1.2968377525467998e-05,0.42484432682488016,0.5751556731751198,0.9474750244866358,0.0034399245417026545,0.6920631449688819,1.264518979388724,869,252,0.9038797090068296,0.00010349306108388901,5.959965781167324e-05,5.435296264899321e-05
2018-07-27,-5.764820133396801e-06,0.42345962491090994,0.5765403750890901,0.9338622185628548,0.0034746540796753325,0.6777675926088933,1.2748412544896797,869,252,0.4018007599191458,0.00010101399472463878,5.8102932943469915e-05,5.192429397409102e-05
2018-07-30,-7.135295405174174e-06,0.4230735888902689,0.5769264111097311,0.9341677851788248,0.003420819650122482,0.6771845831761969,1.2540258736208592,869,252,0.49732117389710667,9.776991328558714e-05,5.620535275916797e-05,5.019939884212354e-05
2018-07-31,-7.3045013105050815e-06,0.42364595451364495,0.576354045486355,0.936764979214695,0.0033676658143386895,0.6791963000134398,1.2332448804305367,869,252,0.5091146140689695,9.504356522584325e-05,5.494432026631449e-05,4.908152785103988e-05
2018-08-01,-1.1370820891673016e-05,0.4220667637882193,0.5779332362117807,0.9352899571539137,0.0033209351371910733,0.6831480702997244,1.215031640526073,890,252,0.7699517303810787,9.450683059202164e-05,5.369329491823186e-05,4.866385092503824e-05
2018-08-02,-1.6197183686896315e-05,0.42146477482541794,0.5785352251745821,0.9387596974118583,0.0033072975960526142,0.6763468285692324,1.2084123282090997,890,252,1.0967589522194208,9.178988638100174e-05,5.213753975464682e-05,4.678882522749597e-05
2018-08-03,-1.4799372822076219e-05,0.4211447332848554,0.5788552667151445,0.9363332283719022,0.003254286443978764,0.6763558123227505,1.1853241059678445,890,252,1.0021090668358728,8.896616275923362e-05,5.0444589258210586e-05,4.5310092753715114e-05
2018-08-06,-1.7613882120148552e-05,0.42148101589322995,0.57851898410677,0.9412465520430863,0.0032189199214903963,0.673564596180603,1.1695141700297125,890,252,1.1926877704201824,8.60681867002431e-05,4.903305104382987e-05,4.3756747947855424e-05
2018-08-07,-1.2409761550991696e-06,0.4385470468222017,0.5614529531777983,0.9895674998284814,0.0037290311520901797,0.5917960204030129,1.350212709910034,890,252,0.08403014585164921,8.34957292880504e-05,5.688665291543245e-05,4.0785835413776524e-05
2018-08-08,-1.756244122755334e-07,0.4425190223421718,0.5574809776578282,1.0045343462810143,0.0036675096689786756,0.595564246623473,1.327936926994381,890,252,0.011892045562667491,8.152469383508214e-05,5.552499104855262e-05,4.006982583947618e-05
2018-08-09,-5.86093952502873e-06,0.44417007908332573,0.5558299209166743,1.0183863027257847,0.0036683136767623704,0.5850329275553287,1.3282280432345344,890,252,0.3968614554697091,7.909309615928844e-05,5.435599442501162e-05,3.8359533884529484e-05
2018-08-10,-9.450244783612787e-06,0.4428690586874196,0.5571309413125805,1.0176830999729283,0.0036091198496080406,0.6233514822328448,1.3067950611777353,890,252,0.6399038726391247,8.544567661877534e-05,5.734202960485376e-05,4.363294969866019e-05
2018-08-13,-1.1111629729215133e-05,0.44208260483955764,0.5579173951604424,1.0167990713255421,0.0035505788006961066,0.6267366464438301,1.285598437961527,890,252,0.7524011343480277,8.369173040612901e-05,5.587060219049838e-05,4.285663214096991e-05
2018-08-14,-1.6249873807559058e-05,0.4481026091414545,0.5518973908585455,1.048563275594652,0.003562715451539917,0.626108903458672,1.2889208008347208,890,252,1.1003267552799698,8.154326189634702e-05,5.758880335733795e-05,4.290549797341972e-05
2018-08-15,-1.7254222663519724e-06,0.46843513577517604,0.531564864224824,1.119144652552565,0.003882250184652628,0.5828872270461984,1.3981914462057248,890,252,0.11683341706565914,7.891672959075692e-05,6.64484552856312e-05,4.220962783393152e-05
2018-08-16,5.787355746941654e-06,0.4666408043987912,0.5333591956012088,1.101637356900177,0.003875861156708257,0.5849915877150896,1.3945869613365105,890,252,-0.3918788814052797,8.150096474876693e-05,6.482559129052451e-05,4.252107533801005e-05
2018-08-17,6.417657437797972e-06,0.4687159618536478,0.5312840381463522,1.11046204379867,0.003815356512542741,0.6164212207891485,1.3711591880805314,890,252,-0.4345584629553096,8.463356160448564e-05,6.853488483668286e-05,4.694666363864477e-05
2018-08-20,7.289735161706995e-06,0.4691873883286725,0.5308126116713274,1.1115995150225138,0.003752583034260821,0.6163810648438559,1.338065139560689,890,252,-0.49360941089894145,8.185977760392635e-05,6.629056801937377e-05,4.5405706666459896e-05
2018-08-21,1.340344719132994e-06,0.4653742799897101,0.53462572001029,1.1021086990125015,0.003732991331713597,0.6152702648137827,1.3202050386558832,890,252,-0.09075868361969676,8.228229749404296e-05,6.435209281805624e-05,4.477137878611827e-05
2018-08-22,-7.497552290623677e-06,0.4666989716771886,0.5333010283228115,1.1189913912943075,0.00378742135236227,0.5967393313871951,1.3289726574770047,890,252,0.5076813200017752,7.987488482488277e-05,6.385812554506338e-05,4.261847142140987e-05
2018-08-23,-1.6900200745484567e-05,0.45602058972429294,0.5439794102757071,1.0831860644061757,0.0037903047243458394,0.6178139409354756,1.320415455049806,890,252,1.1443623052142635,8.911099681454533e-05,6.438762455549482e-05,4.679770509673684e-05
2018-08-24,-1.3222205252979274e-05,0.45166321836999906,0.5483367816300009,1.0603449272445205,0.0037353728195166527,0.6243447627237728,1.2996605368617886,890,252,0.895314411419535,8.898900828814343e-05,6.31061360065896e-05,4.6787350350786466e-05
2018-08-27,-1.476061916137827e-05,0.4540524036910082,0.5459475963089918,1.072330173272094,0.0036856204098187242,0.6404819538991845,1.275379301488888,890,252,0.999484942474294,8.918144109536886e-05,6.500174485479493e-05,4.8764822518906354e-05
2018-08-28,-1.149409315097896e-05,0.45546993225346893,0.544530067746531,1.0752727039609942,0.0036408590479677537,0.638979064242391,1.2528577061237824,890,252,0.7782988576698485,8.627373744115628e-05,6.340466865797897e-05,4.725922048103244e-05
2018-08-29,-4.753904006760038e-06,0.4525467075819943,0.5474532924180058,1.0560818887572572,0.003612772339886272,0.6389728039252491,1.2327543273210202,890,252,0.3219008241305514,8.63137705321943e-05,6.1596430611918e-05,4.659080256715063e-05
2018-08-30,-1.0384051482428317e-05,0.4489774932352678,0.5510225067647322,1.0465850968936496,0.0035669982734083125,0.6470084774822105,1.1559218124326898,890,252,0.7031346710523669,8.73960840347049e-05,6.063813270105151e-05,4.710086331710799e-05
2018-08-31,-6.6983039360116295e-06,0.4544044394031254,0.5455955605968745,1.0665341427733224,0.0035430314714171287,0.6629283277148301,1.094675890550058,890,252,0.45356186288426603,8.768045581596298e-05,6.41985156961096e-05,4.973710124296309e-05
2018-09-04,0.0,0.46515760407170775,0.5348423959282922,1.107863091720745,0.003549329853043392,0.6805879526703124,1.0818515259088013,913,252,0.00990408252531123,8.869902432766164e-05,7.068498964828805e-05,5.3889887621066456e-05
2018-09-05,0.0,0.46485398530336264,0.5351460146966374,1.1144706760959877,0.0035398459000618465,0.6752612489459007,1.0681115291283794,913,252,0.5814912302488974,8.788299924354037e-05,6.839237729328161e-05,5.235137738495615e-05
2018-09-06,0.0,0.46079436009142083,0.5392056399085792,1.1071942051576373,0.0035690806670135365,0.6641654360231241,1.0698937575411214,913,252,1.415354088002878,8.802217075991838e-05,6.615068655725311e-05,5.0680336054953175e-05
2018-09-07,0.0,0.450911400259344,0.549088599740656,1.0775854970194776,0.0036299337440032324,0.6557488749110174,1.0805670516128825,913,252,2.5284338198741882,9.281279795068451e-05,6.433830093150642e-05,5.0672960788731715e-05
2018-09-10,0.0,0.4456494657856374,0.5543505342143626,1.0464629576441635,0.0036414644011282696,0.6458251099649465,1.0781784627697064,913,252,1.7686152207985373,9.21360028247685e-05,6.22337551059243e-05,4.890380076023459e-05
2018-09-11,0.0,0.44677010495461233,0.5532298950453877,1.05501689220741,0.0036015202199328154,0.6479050088587913,1.0618032193629199,913,252,2.0763945075530574,8.964978569106032e-05,6.181303316686277e-05,4.823096960133033e-05
2018-09-12,0.0,0.4435717517000931,0.5564282482999069,1.035710935704076,0.0035638661355416454,0.6535282235288024,1.0478766100960097,913,252,1.524189321466718,9.083852306859819e-05,6.060809638497399e-05,4.849139767054428e-05
2018-09-13,0.0,0.4428566866589967,0.5571433133410033,1.0316247805998275,0.0035075270549721747,0.653076560539518,1.0276524599304415,913,252,1.3825787271192882,8.788037419318348e-05,5.863980127233671e-05,4.6882017268220744e-05
2018-09-14,0.0,0.4429597623703015,0.5570402376296986,1.0309257529102112,0.0034536017313209406,0.6527792924920278,1.0069875491807834,913,252,1.2379898280791397,8.501087960022882e-05,5.686606464769688e-05,4.5386867669343955e-05
2018-09-17,0.0,0.4437709300877641,0.5562290699122359,1.0365470453061774,0.003403779680749619,0.6533016964479116,0.9924606324998646,913,252,1.4169843953270504,8.237367746494258e-05,5.549573158758932e-05,4.417105821724958e-05
2018-09-18,0.0,0.44955212053687416,0.5504478794631258,1.0632262744459804,0.0033700377174590663,0.6755401836329057,0.9826222841430303,913,252,1.5859991932549642,8.407080526554641e-05,5.935270747386165e-05,4.7719299373462315e-05
2018-09-19,0.0,0.45005453700081444,0.5499454629991856,1.062803224631746,0.0033206461979339063,0.6760632601841476,0.9682209000037154,913,252,1.3147719962439874,8.207291511648383e-05,5.7523760384753736e-05,4.6452693308902674e-05
2018-09-20,0.0,0.4499771697989371,0.5500228302010629,1.0613073647069156,0.0032659107875992457,0.6809854362701149,0.9522613652934919,913,252,1.1794514109427423,8.073194362985791e-05,5.6429730856519074e-05,4.5963650921872e-05
2018-09-21,0.0,0.44948444374793933,0.5505155562520607,1.0636196381051448,0.0032275574625383117,0.6785112097028493,0.9410784542890804,913,252,1.5361252084198909,7.840893312172375e-05,5.4592424540939535e-05,4.439213071389613e-05
2018-09-24,0.0,0.45007031551016163,0.5499296844898384,1.0660390277032061,0.003176951052420314,0.6811340162463559,0.926322837150196,913,252,1.469741400953507,7.634695498554621e-05,5.347132363613243e-05,4.352000106840182e-05
2018-09-25,0.0,0.45112430862850644,0.5488756913714936,1.0642299264508002,0.0031812832102419194,0.6718596066649318,0.9275859906133992,913,252,0.8676200428414994,7.397214070852255e-05,5.234873839790175e-05,4.1808610560701685e-05
2018-09-26,0.0,0.4523362195273285,0.5476637804726715,1.066805414202186,0.0031422786935762282,0.6708927810646558,0.9162132077334397,913,252,0.6112673361742225,7.15948012633836e-05,5.1134793738077566e-05,4.059309049931908e-05
2018-09-27,0.0,0.45187023803783394,0.5481297619621661,1.0722229134577432,0.0031463947085038084,0.6609014947582493,0.9174133391054872,913,252,1.2342574460027194,6.985255995537366e-05,4.965016386798886e-05,3.892138092663727e-05
2018-09-28,0.0,0.4517673278540709,0.5482326721459291,1.0721500400524637,0.0030943657612108114,0.6609174751379838,0.9022429441969254,913,252,1.2286940651790186,6.756542440817453e-05,4.802460750363438e-05,3.764795595168218e-05
2018-10-01,-0.0004578766997653555,0.4610358533291291,0.5389641466708709,1.1276400417992523,0.0032834634769567032,0.6243710287459516,0.9573793091135042,932,252,2.4089554185578765,6.538611329775414e-05,5.088389434822712e-05,3.601435786494715e-05
2018-10-02,-0.0004929263230015175,0.46168615596993756,0.5383138440300624,1.1346312618993823,0.0032309099801716445,0.6444741964885293,0.9420559681363079,932,252,2.5933565463209476,6.745917829816663e-05,5.166469702918208e-05,3.804722622005185e-05
2018-10-03,-0.000607758521717559,0.4604876432521208,0.5395123567478792,1.1386897600928978,0.0032432896721272778,0.6325345678263115,0.9456655898100983,932,252,3.1975053214468345,6.613460552316222e-05,5.013213501233376e-05,3.6421409474980266e-05
2018-10-04,-0.000518262110407843,0.46477386180285474,0.5352261381971453,1.1548746568064543,0.0032248992323412463,0.6363984447723726,0.9403033780297002,932,252,2.7266517814512246,6.466297620127731e-05,5.104059605115091e-05,3.656072702123586e-05
2018-10-05,-0.0004632281142769872,0.46769043005818817,0.5323095699418119,1.166432416267032,0.003186117780047995,0.6382910655347787,0.9289956353782289,932,252,2.4371099828572844,6.28600690408564e-05,5.048670340632366e-05,3.595793137089262e-05
2018-10-08,-0.0004920416477983276,0.46718484615269557,0.5328151538473045,1.1681392733427907,0.0031383825674107476,0.6415568617039168,0.915077190657963,932,252,2.5887021423613654,6.190001552954906e-05,4.9178479271648616e-05,3.5397132442531504e-05
2018-10-09,-0.0004964944043091325,0.46688492564557665,0.5331150743544233,1.1690632343079246,0.0030871830114530124,0.6421875522890631,0.9001486263983822,932,252,2.612128737184206,6.005938237009618e-05,4.763171140568849e-05,3.434791718514698e-05
2018-10-10,-0.00031891608119337053,0.5011385640173612,0.49886143598263877,1.3275121861577968,0.0032211462565769787,0.7180375548164617,0.9392091001826859,932,252,1.6778635432851576,7.068025503566982e-05,7.632409563549911e-05,5.273841177225346e-05
2018-10-11,-0.00033535761921472143,0.505857316291865,0.49414268370813497,1.3561118277043205,0.003170367897375553,0.7371467389786263,0.9244033468093497,932,252,1.7643648483881595,7.450607674269053e-05,7.852109322361146e-05,5.638232298402244e-05
2018-10-12,-0.0003235458578699227,0.5060853029053184,0.4939146970946816,1.357064754742148,0.003119555148436854,0.7430671583213044,0.9095875662122775,932,252,1.7022214667554032,7.406554109850596e-05,7.749953728507349e-05,5.629706084146246e-05
2018-10-15,-0.0002924605391462884,0.50546174983813,0.49453825016187003,1.351554538682271,0.0030752214172487095,0.7430816897561114,0.8966609120152073,932,252,1.53867711733716,7.22040767268011e-05,7.507721130569965e-05,5.471060103713941e-05
2018-10-16,-0.00028776944175939724,0.5036991593015457,0.49630084069845426,1.3419055621956586,0.0030258541848185803,0.7734344763082724,0.882266609411114,932,252,1.5139965767572936,7.985367808046727e-05,8.180935718578e-05,6.251330779640539e-05
2018-10-17,-0.00021806857586484106,0.5047989634016191,0.4952010365983809,1.341779724846938,0.003009696430699007,0.7699118639990389,0.877555395296998,932,252,1.1472902589627592,7.725892912342594e-05,8.02589743043711e-05,6.062645250108359e-05
2018-10-18,-0.00013194632205282248,0.5104643115061898,0.48953568849381024,1.3644896414182706,0.003006563078988548,0.7741156932705079,0.8766417849837354,932,252,0.694188648670738,7.65535516348521e-05,8.374648526714452e-05,6.198289240579075e-05
2018-10-19,-4.860908302533325e-05,0.5068048235134176,0.4931951764865824,1.3362173472167838,0.0030203630199379283,0.7719380841087559,0.8806655172483532,932,252,0.2557394032170977,7.828395883643332e-05,8.177556591006327e-05,6.176332055719904e-05
2018-10-22,-0.00014511346154982998,0.503126300570886,0.49687369942911397,1.326968962653401,0.0030515753078073065,0.7626659939920863,0.889766272839499,932,252,0.7634628704306102,7.784951184805429e-05,7.910005985681122e-05,5.9848150694201184e-05
2018-10-23,-0.00017013169765314447,0.5007656341272839,0.4992343658727161,1.3178414005700534,0.0030081376862849066,0.7676923233513128,0.8771009027586375,932,252,0.8950874223126447,7.786457212569113e-05,7.794236206779388e-05,5.980588619865583e-05
2018-10-24,-0.00018734507712633427,0.4972915338745222,0.5027084661254778,1.3026519641340366,0.002962650395223471,0.8025187453022933,0.8638378981309127,932,252,0.9856494967201944,9.012657527794186e-05,8.767653681970413e-05,7.133839157346902e-05
2018-10-25,-0.0001366190560903536,0.4951382291376429,0.5048617708623571,1.286824878730186,0.002934963331415989,0.801515743719613,0.8557650134451489,932,252,0.7187725770186073,8.861645704175036e-05,8.503215656193718e-05,6.957622243513776e-05
2018-10-26,-0.0001645444631770937,0.4941688374670357,0.5058311625329643,1.2852984457683403,0.002894053739487711,0.8011542053816865,0.8438367562462257,932,252,0.8656921751364216,8.622568176475649e-05,8.232561239551458e-05,6.749971204946388e-05
2018-10-29,-4.0779635280735444e-05,0.4977271694137555,0.5022728305862445,1.291569497591265,0.0029771420726837456,0.7863812866024398,0.8680633241946352,932,252,0.2145475483392887,8.339894586281826e-05,8.256638521962712e-05,6.52551942049035e-05
2018-10-30,0.000100496403665313,0.4806484107523285,0.5193515892476714,1.1927475426284009,0.003070533151278394,0.8072643199736428,0.8952939259448274,932,252,-0.5287260877856377,0.00010726730878235928,8.941504528033169e-05,7.905962507673692e-05
2018-10-31,0.00011832596841870129,0.4769663798747451,0.5230336201252549,1.1735474796587424,0.00301821745658003,0.8128768526102484,0.8800399223606196,932,252,-0.6225300019075264,0.00010696437381888729,8.900470877151192e-05,7.931417753904475e-05
2018-11-01,0.00032797862462872145,0.47273641637698305,0.527263583623017,1.147611192948358,0.002984458842768562,0.8238864818226586,0.8701967191106755,955,252,-0.9817845941569805,0.0001131696881885469,9.094800181885168e-05,8.358512911177544e-05
2018-11-02,0.00031013788915693253,0.4717931276694253,0.5282068723305746,1.1438747816170318,0.00293610528363788,0.8238156399665489,0.8560979793626647,955,252,-0.928379408820709,0.00010954418753894762,8.797596796767269e-05,8.087359130190288e-05
2018-11-05,0.00026433453186548115,0.4727905600370886,0.5272094399629115,1.1504961024031726,0.002899737628621104,0.8245509956000057,0.8454940421852333,955,252,-0.7912697706535246,0.00010664997824450134,8.664518088778703e-05,7.926292819822194e-05
2018-11-06,0.0004175589009110915,0.47021933581669706,0.5297806641833029,1.1308593499438566,0.002896953337884858,0.8221845432262116,0.8446822096918477,955,252,-1.2499378474182758,0.00010651404053900147,8.424752217988287e-05,7.788454840296064e-05
2018-11-07,0.0005789003416666315,0.46571310974222485,0.5342868902577751,1.1024690690210104,0.002888291206948865,0.824272141524538,0.842156539773741,955,252,-1.7329038977582798,0.00010937598997928989,8.319819341592046e-05,7.863005300417609e-05
2018-11-08,0.0005878111569030096,0.4649860685651171,0.535013931434883,1.0979732368932842,0.0028411782146456036,0.8249501794186187,0.8284195196003441,955,252,-1.7595778955846897,0.00010616093959649473,8.090706631408087e-05,7.645454800871536e-05
2018-11-09,0.0005698774589655108,0.46506973165106813,0.5349302683489319,1.098235833085685,0.0027944004582551208,0.8289096781354772,0.8147802461900278,955,252,-1.705894432611355,0.00010497548212435429,8.01423682237688e-05,7.602951764964678e-05
2018-11-12,0.0006276154038705226,0.46717315374765556,0.5328268462523444,1.1036799554164731,0.0027681796467567284,0.8304349103155491,0.8071348855600404,955,252,-1.8787295521871965,0.00010283179987897948,8.010801932919036e-05,7.537152694251184e-05
2018-11-13,0.0006019137307131044,0.46757682976799936,0.5324231702320006,1.1057952534199307,0.00272458637932568,0.8302008864190055,0.7944241328600226,955,252,-1.8017931153124578,9.948980853413492e-05,7.748400450274722e-05,7.289177385765639e-05
2018-11-14,0.0002745624558222003,0.46396690567103005,0.53603309432897,1.1057805680070645,0.0029936916260991683,0.792817389356342,0.8728887775996109,955,252,-0.8218864554520637,0.00010006893308290444,7.557384127051299e-05,6.894591673016536e-05
2018-11-15,0.0003298503736822843,0.4624891111109404,0.5375108888890596,1.0961722028552323,0.0029461707314006394,0.7966347025738169,0.859032822857242,955,252,-0.987387564127954,9.914688824282454e-05,7.431553845636262e-05,6.83814931359217e-05
2018-11-16,0.00034740087003689175,0.46216774571292996,0.53783225428707,1.0935631181861525,0.0028973989508459283,0.7976497165481196,0.8448121397586188,955,252,-1.0399239358511645,9.639106749604806e-05,7.223041629335541e-05,6.65565296443332e-05
2018-11-19,9.371357462510125e-05,0.4523746271844133,0.5476253728155867,1.0636298345158857,0.0029811242891571972,0.791976210525679,0.8692244431420056,955,252,-0.2805260371295789,0.00010436588472466142,7.123806788786823e-05,6.828848563988508e-05
2018-11-20,0.00018672990005951242,0.46204355346755854,0.5379564465324415,1.100886251389412,0.0030156870252143774,0.8117503166731233,0.8793021091796267,955,252,-0.5589649000889421,0.00011122729326205487,8.478618412927517e-05,7.882984924983518e-05
2018-11-21,0.00010480451716102246,0.47422177056978093,0.5257782294302191,1.1605782055136338,0.0030309556806086334,0.8339836294992747,0.8837540833998466,955,252,-0.3137261169481167,0.00012103619216741624,0.00010158638793962965,9.24768251058185e-05
2018-11-23,0.00036817623508696623,0.4817014817271073,0.5182985182728927,1.181382091842261,0.0031864592771444814,0.8151444583223084,0.92909520775252,955,252,-1.1021137610790745,0.00011707531498600611,0.00010329127797422614,8.963942730716455e-05
2018-11-26,0.00043743463223727745,0.48177213481426984,0.5182278651857302,1.1775904170367406,0.003140307043305412,0.8205181341824416,0.9156383217365847,955,252,-1.3094346723584456,0.00011800878983844909,0.00010259516201026344,9.028358649144607e-05
2018-11-27,0.0005870402095178214,0.48327084741868864,0.5167291525813114,1.1758068921876639,0.003154006736143528,0.8142374609521936,0.9196328240529555,955,252,-1.7572701102327015,0.00011414003318082379,0.00010071276952819412,8.729961852310168e-05
2018-11-28,0.0005484973649683875,0.48702936013293213,0.5129706398670679,1.1953278630364845,0.0031158572173268007,0.828460033910012,0.9085093380680823,955,252,-1.6418943870847125,0.00011862345899421174,0.0001081368783699983,9.383044334331265e-05
2018-11-29,0.00040353088663357643,0.4873111202749888,0.5126888797250112,1.2041784641440274,0.003126889862037732,0.8220710632492447,0.9117261930278444,955,252,-1.2079458172368296,0.00011543821458543892,0.00010476463570284291,9.040480537107979e-05
2018-11-30,0.00017125340707085018,0.4842254157858997,0.5157745842141003,1.2024264878795508,0.0032323389823024295,0.8063069305161267,0.9424726309322531,955,252,-0.5126369346459267,0.00011504197264366991,0.00010136967240132911,8.707281282158647e-05
2018-12-03,0.0004773610589001778,0.4784082337363633,0.5215917662636367,1.1664495328606652,0.0032218608543502733,0.813053929526909,0.9439565769943628,976,252,-0.9445139831303726,0.00012155638250296901,0.00010183279619864203,9.045906015003388e-05
2018-12-04,0.00016337909516815773,0.46811583305708215,0.5318841669429178,1.1301637618696505,0.0032339592517003045,0.8297988386384637,0.9498723215156969,976,252,-0.32326440764365294,0.0001410309947559876,0.00010794612077967099,0.00010238436172629261
2018-12-06,0.0005024791376099759,0.4744902278259263,0.5255097721740737,1.1464314292621616,0.003374867519281354,0.8186177668060374,0.9925524731799527,976,252,-0.994213002621895,0.00013795145296849313,0.00011486014069868115,0.00010304548735212284
2018-12-07,0.00047559875690831726,0.4757011688802614,0.5242988311197385,1.1525641587182982,0.003319394717875651,0.8194852742858759,0.9786267416381147,976,252,-0.9410270651198299,0.00013417035752434078,0.00011158472457457653,0.00010027018479961589
2018-12-10,0.0003662749727253607,0.4745148762659129,0.5254851237340872,1.1508337186306734,0.0032725518350705343,0.8236094862564721,0.967917494972966,976,252,-0.7247173328441562,0.00013446119846564417,0.0001102301919333451,0.00010026979126687125
2018-12-11,0.0007142535840549902,0.47189497565068567,0.5281050243493144,1.1253582115278122,0.0033717755573810923,0.808593400508131,0.9995417036494849,976,252,-1.4132332017094744,0.00013303344581098693,0.00010674679798302604,9.635805849511964e-05
2018-12-12,0.0006721597719738074,0.4735086986551709,0.5264913013448291,1.133907309347145,0.0033278853810607273,0.8150749228569918,0.987237482082186,976,252,-1.3299457332981615,0.0001327284402660915,0.00010867565187054269,9.789165116802647e-05
2018-12-13,0.0007059633429204586,0.4738420416825215,0.5261579583174785,1.1337729846063977,0.00327382673040169,0.8149825530343704,0.9717930493531723,976,252,-1.39683000222536,0.0001283834197302838,0.00010511770566678959,9.467617812337415e-05
2018-12-14,0.0005292356371392582,0.4704634700195599,0.5295365299804401,1.12474151835702,0.00324561277364422,0.8208593523137526,0.9694833715480555,976,252,-1.0471538269179819,0.00013267227826723244,0.0001049810729242846,9.687558712261695e-05
2018-12-17,0.001109452367293527,0.4796204357739834,0.5203795642260166,1.143354338842466,0.0036858790066358004,0.7733796688085787,1.1009934504476364,976,252,-2.195179633923508,0.00012839151929826525,0.00011223822467110537,9.283918390060003e-05
2018-12-18,0.0010882327118935825,0.48166306606839776,0.5183369339316022,1.1772068366259143,0.003625817276360769,0.7735454227712165,1.0830526630435164,976,252,-2.1531940951603916,0.00012427144366232567,0.00010875108695200623,8.992662525598553e-05
2018-12-19,0.0010612761476294383,0.48217785090332316,0.5178221490966768,1.1790852125346944,0.0035659380976958556,0.779545966644608,1.065166404864785,976,252,-2.0998574196818818,0.00012344595913587166,0.00010806897891750672,9.003900603829149e-05
2018-12-20,0.0009905219467857814,0.48137184339306144,0.5186281566069386,1.1770512618756699,0.0035111431031532203,0.7830820359988055,1.048798821989671,976,252,-1.9598620622557466,0.00012219707073726985,0.00010601899293909104,8.913114718471979e-05
2018-12-21,0.0008833297023998928,0.4792599227623389,0.5207400772376611,1.17003017442203,0.003456568269348597,0.8045855359688376,1.0324970024047135,976,252,-1.7477698276296887,0.00013285102917054144,0.00011294073029052701,9.855529866558587e-05
2018-12-24,0.0012064531371614737,0.48191223442957415,0.5180877655704259,1.1665059938512772,0.003595637798117544,0.785122419873077,1.0740378777442983,976,252,-2.3871068592522198,0.00012864470179810604,0.00011283229658087643,9.459104979866716e-05
2018-12-26,0.0012739366007063046,0.48372951561476046,0.5162704843852395,1.1715803517309094,0.003536803955956548,0.841648024840762,1.0564638676459448,976,252,-2.5206306852111573,0.0001681634485537457,0.00014873315626521462,0.00013310678938673197
2018-12-27,0.00142619493001167,0.4837362631424554,0.5162637368575447,1.1625398829007918,0.003525107866948057,0.8377567859974837,1.0529701779803269,976,252,-2.821891373312361,0.00016332251972570633,0.0001439723156751741,0.00012846371739060725
2018-12-28,0.0014139950273055586,0.48399790941475274,0.5160020905852473,1.1621165364166348,0.0034673717442940187,0.8403129478268431,1.0357240630693665,976,252,-2.7977524569011627,0.00016034925036392082,0.00014168785742591132,0.00012666039522240156
2018-12-31,0.001252572709613396,0.48522075335209724,0.5147792466479028,1.173206339558941,0.003457915771248888,0.8368115430395234,1.0328995090426187,976,252,-2.4783597594724367,0.00015512323673540137,0.0001386742250408991,0.00012273373903345708
2019-01-02,0.0002153131957066567,0.48745037373660743,0.5125496262633926,1.2039748434424111,0.003781507496431016,0.8023760211729254,1.129558235333733,995,252,-1.5889315906737993,0.00015154547478066216,0.00013835562953077817,0.00011618440684493445
2019-01-03,0.00020117350277036467,0.487521899133424,0.512478100866576,1.2056861939547685,0.0037217063278589106,0.8033405610498112,1.1116952792224586,995,252,-1.484585896880323,0.00014779740788833598,0.00013441864941263754,0.00011323035467182964
2019-01-04,0.000261129971625329,0.47853175947826776,0.5214682405217322,1.1523370859722675,0.0037056422878296567,0.8381604382004331,1.1068968572373377,995,252,-1.9270424175605245,0.0001864281164974448,0.00015499808584735578,0.0001424774164131275
2019-01-07,0.00020485978167598061,0.4796012432497436,0.5203987567502564,1.1663969122397413,0.0037429327229896838,0.8320785792617509,1.1180357266363647,995,252,-1.5117892690932715,0.00018065262733584305,0.00015461817348590945,0.0001390646516384037
2019-01-08,0.00018086859920596462,0.4816319318212424,0.5183680681787576,1.1796781548728024,0.0037045566900719756,0.8332894498065769,1.1065725828868027,995,252,-1.334743233437551,0.00017663552695995938,0.0001538585026942115,0.00013737119091537277
2019-01-09,0.00015033290434509367,0.4861217921531367,0.5138782078468633,1.2064617137712925,0.003684706513171027,0.8388164002751165,1.10064321984509,995,252,-1.109401121690178,0.00017710245127401406,0.00016046174278086292,0.00014140506038798126
2019-01-10,0.00014892822582066498,0.4871038562893638,0.5128961437106362,1.2109891901633505,0.003623961633450002,0.839293776287207,1.0824983717367627,995,252,-1.0990351147444328,0.0001717698329950092,0.00015571934483081916,0.0001372646582883408
2019-01-11,0.00015771614530772727,0.48741353719789476,0.5125864628021053,1.2101385981587995,0.003567209321699922,0.8391170291589279,1.0655461268524058,995,252,-1.1638867038143146,0.00016615690365632746,0.00015079164024553313,0.00013282210620572607
2019-01-14,0.00010499488145923941,0.4872765103667639,0.5127234896332361,1.2190028974397829,0.0035851454070634095,0.8325885059860194,1.0709037396433623,995,252,-0.7748233147629534,0.00016142099777559268,0.00014625567188443844,0.0001279283455796767
2019-01-15,0.0001100908703654221,0.487102578145739,0.512897421854261,1.216900694799665,0.0035263021041143606,0.8336075165169248,1.0533269035527113,995,252,-0.8124298243509143,0.0001572405879186612,0.00014225841543771462,0.00012467602141922777
2019-01-16,0.00010491155201837852,0.4871519132056166,0.5128480867943834,1.2178863304749548,0.003468935038903027,0.8336894601516859,1.0361910282417282,995,252,-0.7742083743707378,0.00015217721839264214,0.00013779110584470806,0.00012072291807979398
2019-01-17,0.00011202100975903283,0.48689569154748286,0.5131043084525171,1.2150823624041183,0.003412204932665452,0.8360077680577792,1.0192454162728273,995,252,-0.8266735377789124,0.00014952951765476698,0.00013502632382613434,0.00011879085303222998
2019-01-18,9.350676688817943e-05,0.4874388460949725,0.5125611539050274,1.2208488376279367,0.0033664142117542212,0.8357441692933687,1.0057554685384633,995,252,-0.6900452866475459,0.0001448778231458446,0.00013158996784425162,0.00011539465729103902
2019-01-22,-5.189302447190256e-06,0.4757631762121423,0.5242368237878576,1.1829153636361,0.0035263277039189003,0.8289588735315698,1.0535314875072932,995,252,0.038295128939217785,0.00016190469555828747,0.0001311467745020204,0.00012079292945202465
2019-01-23,3.507482590592132e-05,0.4731288175411978,0.5268711824588022,1.1630310603704908,0.0035188999645471893,0.8242430947277867,1.051312363827892,995,252,-0.25883921668800497,0.0001571468870280174,0.00012707632201158317,0.00011647709400513747
2019-01-24,1.5511172338859687e-06,0.4732459288736463,0.5267540711263536,1.1696820128612238,0.0034938327027225946,0.8214802089473077,1.0438232272940267,995,252,-0.011446670352326103,0.00015199453214929495,0.00012374092318607994,0.0001126594854277742
2019-01-25,2.7296138699401984e-05,0.4712809884484098,0.5287190115515902,1.1557771246878097,0.0034448097504190004,0.8298981623976327,1.0291770491169367,995,252,-0.201435387833745,0.0001567301272674004,0.00012502890966927424,0.00011617328447996586
2019-01-28,6.933359909503374e-06,0.470384251254318,0.5296157487456821,1.1550879633613231,0.0033936992492708405,0.830136435972777,1.0139071914000766,995,252,-0.05116562667496811,0.0001527248728223316,0.00012124664654639468,0.00011296378356747537
2019-01-29,-5.4200052758150173e-05,0.47033899143380137,0.5296610085661986,1.1658270963001724,0.0034381092346068825,0.8206993535360149,1.0271751919489935,995,252,0.3999763031753138,0.00014831085906268353,0.00011803541873239373,0.00010858672604513446
2019-01-30,-5.982249808243909e-06,0.46647422635328045,0.5335257736467196,1.1392830080534324,0.0034340258849312063,0.8210059759532214,1.0259552436574475,995,252,0.044146786602764415,0.0001511819235510198,0.00011587957011964167,0.00010866750339173466
2019-01-31,-5.863241341036098e-05,0.4648475065643855,0.5351524934356144,1.141152956676727,0.0034441291330251046,0.814608026704391,1.0289737067404987,995,252,0.4326854821851887,0.00014741080624492458,0.00011218303273008289,0.00010475552411236548
2019-02-01,-0.0003484389579636283,0.46439682404769295,0.535603175952307,1.1441231646707473,0.003403789497282221,0.8129514555774573,1.0105585352791884,1016,252,0.6333035768404148,0.00014277736395258486,0.00010856332736627151,0.00010121289927134414
2019-02-04,-0.00019343498867259302,0.46300154311412395,0.5369984568858761,1.1313032231397542,0.0033873203600881,0.8096090058913679,1.0048692308727314,1016,252,0.3515768469989103,0.00013982351888201179,0.00010503144445683279,9.811267425614186e-05
2019-02-05,8.547469294910999e-05,0.457651767667091,0.542348232332909,1.0957424541616547,0.0034361127763803886,0.8030127430125616,1.0186140684591332,1016,252,-0.15535412311633084,0.00014270141995008029,0.00010215570010461888,9.695448117455077e-05
2019-02-06,-6.654878056090645e-05,0.45453382664916026,0.5454661733508397,1.0881231089764434,0.0033931723727741174,0.8068883351912453,1.0035723447218141,1016,252,0.12095542074256024,0.00014353934996814407,0.00010070425344576132,9.701141334766946e-05
2019-02-07,0.00010499458824328788,0.456164456156141,0.543835543843859,1.088172441248952,0.003409177955317025,0.8010791129064854,1.0083061920589278,1016,252,-0.19083241630604827,0.00013893075343889322,9.976401690997063e-05,9.431083008504508e-05
2019-02-08,0.00011168204528304938,0.45669770445698393,0.543302295543016,1.0901857799347974,0.003354089068873577,0.8015956446136583,0.9942986551269701,1016,252,-0.2029871721576878,0.00013469034361079317,9.689101657690859e-05,9.157255579286643e-05
2019-02-11,0.0002811897584648709,0.4601378762850109,0.5398621237149891,1.098314360410772,0.003370422852569913,0.797313748454051,0.9997993673978531,1016,252,-0.5110751129765568,0.000130787081242335,9.723778911315467e-05,8.991439256926156e-05
2019-02-12,0.00024305053489893854,0.46277716031988914,0.5372228396801109,1.1116621062392322,0.0033271545864562834,0.8019939722152775,0.9872187669935377,1016,252,-0.44175534792105886,0.00012920826149435784,9.779517871931305e-05,9.015191741026417e-05
2019-02-13,4.810798762502711e-05,0.4607929987604773,0.5392070012395227,1.1108654896608685,0.003320003774936298,0.7990805128256913,0.9856832082594622,1016,252,-0.08743844493044421,0.0001284251521119954,9.488644116617934e-05,8.82099677194353e-05
2019-02-14,-2.6833983922406412e-05,0.4605392457165108,0.5394607542834893,1.1128994971636028,0.0032750008906024296,0.7980445289693399,0.9746296531221972,1016,252,0.048771980315450505,0.00012422097956021064,9.193881979541244e-05,8.52852764715889e-05
2019-02-15,4.121440877018142e-05,0.46000242398849744,0.5399975760115026,1.107660676774193,0.003221300328930726,0.8088265960212028,0.964176188660044,1016,252,-0.07490905335058265,0.00012739228910934767,9.368331494032208e-05,8.8360490690664e-05
2019-02-19,7.049313921151876e-06,0.46049962134217004,0.53950037865783,1.111125948801621,0.003172362146605327,0.8100181493655425,0.9533713282232721,1016,252,-0.012812447111618396,0.00012394604605527024,9.167326264673405e-05,8.634405336420842e-05
2019-02-20,-0.00036130076393249934,0.4621585468135912,0.5378414531864089,1.1336532871087217,0.003348469928095477,0.7847325950111945,1.0062959634920985,1016,252,0.6566804913287301,0.00012064514049481017,9.093971000213466e-05,8.219651248704409e-05
2019-02-21,-0.00033448864261826646,0.4634957826495702,0.5365042173504297,1.1388946416638472,0.003299980309523899,0.7867942220341101,0.9928036102624004,1016,252,0.6079482472931613,0.00011772317397913199,8.955748808469519e-05,8.078730028280835e-05
2019-02-22,-0.00016984110924539547,0.46125120398157304,0.538748796018427,1.1219660545253471,0.003282659294564861,0.7853594835486525,0.9886560225206504,1016,252,0.30869390325429774,0.00011720754115457466,8.704229711045942e-05,7.932524861517046e-05
2019-02-25,-6.248389606482779e-06,0.460575886505255,0.5394241134947451,1.11237144269386,0.003275312418657253,0.7797453519322148,0.9866292623355033,1016,252,0.011356730918966529,0.00011378598361128705,8.441102811804804e-05,7.641819468337554e-05
2019-02-26,-5.713245991805195e-05,0.4603434462536583,0.5396565537463417,1.1133242885549375,0.0032239487998117137,0.7794439326736451,0.9740946196481802,1016,252,0.10384083178084466,0.00011014531638260072,8.164348377470097e-05,7.391433299327976e-05
2019-02-27,-0.0002415618464709229,0.45915977854915846,0.5408402214508415,1.1154996756009257,0.0032171819312948103,0.7740112207136557,0.9773553281950818,1016,252,0.4390495893234177,0.000107626953097635,7.898169849434438e-05,7.13626574025968e-05
2019-02-28,-0.00012720871730078964,0.46087769715297405,0.539122302847026,1.1187987219330755,0.003198280521142402,0.7720125634824119,0.9741762779745485,1016,252,0.23120760130467574,0.00010435699932951188,7.806516940900292e-05,6.968090983480675e-05
2019-03-01,0.00029893136409036517,0.4615215875294177,0.5384784124705824,1.1086507639766403,0.003326048822423694,0.7485530564873223,1.0130937048114166,1035,252,-0.35326887947448954,0.00010198936675402609,7.677641074244547e-05,6.623902606720399e-05
2019-03-04,0.00017708160204617913,0.4608800462398534,0.5391199537601465,1.1086907781788615,0.003275395621303025,0.7504625020893352,0.9988924043249073,1035,252,-0.20927017585043511,0.0001000727461066668,7.47569329525817e-05,6.491015457907408e-05
2019-03-05,0.0003353721303986045,0.460748331778532,0.539251668221468,1.1036779695101044,0.0032409984440555004,0.7477810754959996,0.9895108816588789,1035,252,-0.3963335766837522,9.691832793661631e-05,7.243463571364391e-05,6.265425447486247e-05
2019-03-06,0.0005935539537917138,0.4627330436542771,0.5372669563457229,1.1054533994389268,0.0032448335832393435,0.7414154062718395,0.9907414897703802,1035,252,-0.7014457676654678,9.37466814580229e-05,7.148077519831098e-05,6.069238227887356e-05
2019-03-07,0.0006869049242392009,0.464567881548612,0.5354321184513879,1.1106737433981297,0.003203297441009104,0.7428584682482853,0.978281190585972,1035,252,-0.811765381762137,9.122970992679478e-05,7.047883295417616e-05,5.956670503208189e-05
2019-03-08,0.0005016616382039168,0.4638655402425084,0.5361344597574915,1.1118234094380217,0.0031687994202946727,0.7412298815928872,0.9681075998286972,1035,252,-0.5928499518373103,8.919000206385578e-05,6.821040588799303e-05,5.781443993182119e-05
2019-03-11,0.0004973807570686976,0.4646694977721536,0.5353305022278464,1.1152547162522528,0.0031186866068355973,0.7478482556094893,0.9539510392007647,1035,252,-0.5877909240353791,8.827788752992543e-05,6.805981139120078e-05,5.796753349304684e-05
2019-03-12,-1.8537086874425045e-05,0.462889354129935,0.537110645870065,1.1202366431520476,0.003239587915982162,0.7228634969809622,0.9950322333974686,1035,252,0.021906620366773582,8.735762519805192e-05,6.636351256195816e-05,5.503910794964514e-05
2019-03-13,-3.667847061030771e-05,0.46282345133554126,0.5371765486644587,1.1202218760547817,0.0031867896695501564,0.7249018788571329,0.9819939937321407,1035,252,0.043345609627715304,8.504123079931025e-05,6.477714156325298e-05,5.3802800757221345e-05
2019-03-14,2.10033495178321e-05,0.46388060404937664,0.5361193959506234,1.12329362993964,0.003141153773440008,0.7267992333258527,0.9682780828313695,1035,252,-0.024821181852074364,8.276299902163528e-05,6.366059149731705e-05,5.275551962025677e-05
2019-03-15,0.00015000094330078835,0.4636550596712287,0.5363449403287712,1.118775555610321,0.0031005652012630483,0.7253125593016206,0.9563317192908182,1035,252,-0.17726699679451227,8.037316850656357e-05,6.15733660755818e-05,5.102431587882121e-05
2019-03-18,-3.21318777534796e-05,0.46551660593039884,0.5344833940696012,1.1316075536670036,0.0030771370752467517,0.7234840467030103,0.9496477337982325,1035,252,0.03797257100781041,7.788214031179872e-05,6.0757853337597254e-05,4.976787628048681e-05
2019-03-19,-0.00017463215019312387,0.46505023575433224,0.5349497642456678,1.1328919390886818,0.0030341388105588406,0.7237251372610112,0.9373960618394827,1035,252,0.20637548089566296,7.611432906957667e-05,5.8896310651976114e-05,4.84563742013457e-05
2019-03-20,-0.00011277416663528921,0.4652470092007129,0.5347529907992872,1.1320429122728868,0.00298896937013387,0.7232608903371511,0.9244761877565469,1035,252,0.13327341412349997,7.363001048404165e-05,5.713652061762732e-05,4.6911498712191686e-05
2019-03-21,0.00023329070615603532,0.4644106336652661,0.535589366334734,1.1194376055516035,0.0030222063895283336,0.7098025678600441,0.9351972690748586,1035,252,-0.27569655197051063,7.202967832193794e-05,5.554316402601453e-05,4.489609948360136e-05
2019-03-22,0.0001822751271099097,0.4668979083101948,0.5331020916898053,1.1315854884944874,0.002975230293266332,0.7477317545339042,0.9213425072304562,1035,252,-0.2154077411921306,7.945512563333282e-05,6.24942156948375e-05,5.268981757350881e-05
2019-03-25,0.00039682443663912025,0.46667359099309813,0.5333264090069019,1.1248554925219747,0.0029569330784897387,0.7432829584426757,0.9165293835559583,1035,252,-0.4689562251394279,7.73867546580249e-05,6.047032459533973e-05,5.0846216541006515e-05
2019-03-26,0.00026823493633037376,0.4686126266679826,0.5313873733320174,1.136591139188781,0.002925975238208627,0.7443578504102473,0.907441212328207,1035,252,-0.31699268386135987,7.53459772332224e-05,5.998121116371022e-05,5.004024455891694e-05
2019-03-27,-3.7466091869331997e-05,0.4646510386201269,0.5353489613798731,1.125744650892931,0.002917566921266766,0.7454017663302327,0.9048335165351169,1035,252,0.04427639880894583,7.689158679181339e-05,5.8725330800140404e-05,5.008902351069012e-05
2019-03-28,0.00017740611516416576,0.4617789132867593,0.5382210867132406,1.1072944165137864,0.002895307020884061,0.7435816648815312,0.8979299888750697,1035,252,-0.2096536765443645,7.59581735587053e-05,5.6927184786039496e-05,4.889627586562412e-05
2019-03-29,0.0003910746928096234,0.45947674626965435,0.5405232537303457,1.091804569220174,0.0028705362394527887,0.7416278477539043,0.8902477543712423,1035,252,-0.4621613357303069,7.47322463118958e-05,5.513844065900138e-05,4.760661330188032e-05
2019-04-01,0.00040270088703010267,0.46373316697401573,0.5362668330259843,1.112721185022021,0.002845257634074409,0.7548821523207618,0.8824080269494317,1056,252,-0.3411752539858188,7.563048682119905e-05,5.824991654521138e-05,5.0104330008817934e-05
2019-04-02,1.662660962988912e-05,0.4627980448400779,0.5372019551599221,1.1141766925607328,0.0028301110372236484,0.7514187881089816,0.8777105688064448,1056,252,-0.014086355272856513,7.44519671956218e-05,5.6377621807908425e-05,4.8682571950719397e-05
2019-04-03,0.0005158433765519207,0.46001988427027113,0.5399801157297288,1.0938762949283296,0.0028458319542901764,0.7428877756653027,0.8830021694645155,1056,252,-0.43703155538082566,7.369463878217332e-05,5.452920035582291e-05,4.7092931280861606e-05
2019-04-04,-0.00026154868787736863,0.45399885045244387,0.5460011495475561,1.0782948905436436,0.002917119614017901,0.7268246737740438,0.9054932915809626,1056,252,0.22158863536237627,7.482521497151379e-05,5.274489025895657e-05,4.566083458102183e-05
2019-04-05,-0.0009198009420767757,0.4513661236459139,0.5486338763540861,1.075674046274617,0.002953357222815166,0.7128698585789659,0.9168433711064826,1056,252,0.7792714894267945,7.338496903647845e-05,5.1222218369783687e-05,4.370619526036985e-05
2019-04-08,-0.0010299836908835064,0.45208764451809524,0.5479123554819048,1.079838648078907,0.002909200934960167,0.7178526607746292,0.9037131534985677,1056,252,0.8726202465805923,7.202842466100923e-05,5.084051168460513e-05,4.344024131072178e-05
2019-04-09,-0.0009854086800150984,0.45423475016396936,0.5457652498360306,1.0882303014015962,0.0028703390631719407,0.7234643061366168,0.8916411153376574,1056,252,0.8348555156245542,7.085154675582951e-05,5.090110326822834e-05,4.3446557901212956e-05
2019-04-10,-0.0007975641589421311,0.4535488391675014,0.5464511608324987,1.0823127207853496,0.0028292863053433373,0.7254530435074326,0.8788885011090332,1056,252,0.6757103429889562,6.975671787803664e-05,4.9556733302031745e-05,4.265340059988577e-05
2019-04-11,-0.0009161705679846219,0.4533443689870801,0.5466556310129199,1.0825019008468062,0.00278251985202859,0.7271579413122533,0.864360986527579,1056,252,0.7761957728270903,6.792363573569997e-05,4.8213475606277805e-05,4.161246410465956e-05
2019-04-12,-0.0008119409356528457,0.4530840406913121,0.5469159593086879,1.0796933947104523,0.0027366062083197867,0.7366710992890982,0.8524616464386481,1056,252,0.6878906003555331,6.821357683240711e-05,4.823420151708978e-05,4.225582548609693e-05
2019-04-15,-0.0010316170819359527,0.45254736998621775,0.5474526300137823,1.0798272666286988,0.0026954332294878655,0.7367406324253183,0.8396361309453566,1056,252,0.874004084126336,6.635922989610975e-05,4.670918049544849e-05,4.1017238227078645e-05
2019-04-16,-0.0006860059993839411,0.45151862928864384,0.5484813707113562,1.0710821192715336,0.002673285636169128,0.7332411858548452,0.8327370843058561,1056,252,0.5811963137248218,6.469986035947091e-05,4.517938472965148e-05,3.964319775589316e-05
2019-04-17,-0.0011697602150907978,0.4515886295749452,0.5484113704250548,1.076875372229452,0.0026687505839319177,0.7263426366470084,0.8313244009299783,1056,252,0.9910413692639222,6.271886204874939e-05,4.397600094954627e-05,3.814595480446676e-05
2019-04-18,-0.0011739494251109366,0.45163671723667925,0.5483632827633207,1.076853209547758,0.0026251292888427955,0.7262935432215353,0.8177362270383864,1056,252,0.9945905414625767,6.066369179783251e-05,4.254863704376003e-05,3.689941050333041e-05
2019-04-22,-0.0013299102596574612,0.4514527715340141,0.5485472284659859,1.0775284178937894,0.00258258272244905,0.7267419198473243,0.804482834596296,1056,252,1.1267232957027562,5.8871051612697026e-05,4.1212050010608174e-05,3.579671860313212e-05
2019-04-23,-0.0009624557435065798,0.450877602130437,0.549122397869563,1.0706265478338015,0.0025679016702318124,0.7215660286939534,0.7999096395540168,1056,252,0.8154093852701684,5.724949848109021e-05,3.991551553289071e-05,3.449314492324407e-05
2019-04-24,-0.0005315473491767798,0.4588069683095553,0.5411930316904447,1.1001233631220158,0.0025918443393924315,0.7244975653388096,0.8073678580988504,1056,252,0.45033623640198306,5.658183219457133e-05,4.2529714194709244e-05,3.554034715690764e-05
2019-04-25,-0.00040476579623346427,0.46081484289081714,0.5391851571091828,1.1073739403274874,0.002553617641401764,0.7239813544687463,0.7954601185753605,1056,252,0.34292468127690373,5.4733553341606875e-05,4.1258538308749454e-05,3.4404172956552635e-05
2019-04-26,-0.0005680872716775752,0.4619180829889077,0.5380819170110923,1.1140708501812249,0.0025179864367695162,0.7238035541245723,0.7843608835911471,1056,252,0.4812934995750814,5.3000593733503484e-05,4.020507057465714e-05,3.3411924632589924e-05
2019-04-29,-0.0009118788882722862,0.4618600367968071,0.5381399632031929,1.1176879326270748,0.0024951509384969176,0.7202104466111152,0.7772475523432953,1056,252,0.7725597865081119,5.143595400207969e-05,3.893137012221405e-05,3.2228690530572214e-05
2019-04-30,-0.0015829203412181464,0.458493775792301,0.541506224207699,1.110395400765522,0.0025187551468048926,0.7092262092684283,0.7846003392426029,1056,252,1.341077874045135,5.12445816350208e-05,3.765513674783108e-05,3.115450583364949e-05
2019-05-01,-0.0011652340780778177,0.46238107485411856,0.5376189251458814,1.1241363938955007,0.0025122616147086104,0.711208824318461,0.7825775830838357,1077,252,1.0405699700776418,5.016746900052862e-05,3.847417156113421e-05,3.124588792038072e-05
2019-05-02,-0.0006993797114455137,0.4674345823555135,0.5325654176444865,1.1415009487617633,0.0025252368151182348,0.7054040588302947,0.7866193997947797,1077,252,0.6245556486060533,4.8637936440301105e-05,3.8821204422497864e-05,3.065208542657767e-05
2019-05-03,-0.0006564976039511215,0.4691169714422728,0.5308830285577272,1.1487907951830305,0.0024839591015734857,0.71659167740471,0.7737612591011708,1077,252,0.5862613400617009,4.881059636987519e-05,3.911650279748496e-05,3.131185713494332e-05
2019-05-06,-0.001391356535514435,0.4622240019382135,0.5377759980617864,1.1266660820061571,0.002528987024621233,0.7066664104228441,0.7877876021315633,1077,252,1.242500417526322,5.0637015775454724e-05,3.7978879435722326e-05,3.0989857105680345e-05
2019-05-07,-0.0012837194795070075,0.4654645074074652,0.5345354925925347,1.1405632296519441,0.0024990558659439255,0.7299184318430351,0.7784639498178679,1077,252,1.1463790542259478,5.2550092947481976e-05,4.1057649673281464e-05,3.390456035508064e-05
2019-05-08,-0.0013826043835574466,0.4662733154126122,0.5337266845873878,1.1459094141654922,0.0024603814069415783,0.7295113773982845,0.7664167312973389,1077,252,1.2346846261146756,5.0827139994601916e-05,3.975534006485253e-05,3.2792735217168695e-05
2019-05-09,-0.0009234338788290123,0.466642404445717,0.5333575955542831,1.1420797634000426,0.0024636310041721158,0.7210381388619482,0.767428991299156,1077,252,0.8246390847467255,4.9335958412127826e-05,3.870346206329737e-05,3.150757140342711e-05
2019-05-10,0.00023058132452666254,0.4560580634204105,0.5439419365795894,1.0805764380652032,0.002653138376123911,0.6797886417205691,0.8264611479226239,1077,252,-0.2059122767495551,5.239295725447997e-05,3.746191020841783e-05,3.0116556903077765e-05
2019-05-13,-0.0004864995971476679,0.44324900584135385,0.5567509941586462,1.034189541325241,0.0026376312524440965,0.7274295229996719,0.8216306289595984,1077,252,0.43445079471227555,6.455173394290275e-05,4.142402792726064e-05,3.7615864057458624e-05
2019-05-14,-0.0012934627216275656,0.44592499154175336,0.5540750084582466,1.0551530003634841,0.002750779841382414,0.7028195887377704,0.8568767787802513,1077,252,1.1550799027100336,6.245277807339111e-05,4.243045328970997e-05,3.617916789726183e-05
2019-05-15,-0.0008952474838351865,0.4440325289318796,0.5559674710681204,1.0426308342186181,0.00272174647811904,0.7047536332079551,0.8478327926291188,1077,252,0.7994682484768966,6.234579526828078e-05,4.1367090359652695e-05,3.5790551908103076e-05
2019-05-16,-0.0007833969158732341,0.44408933959681224,0.5559106604031878,1.0415763099685904,0.002676953085404485,0.7157083707649432,0.8338795065527611,1077,252,0.699584161367694,6.256684930909322e-05,4.1594989982296656e-05,3.651142232697831e-05
2019-05-17,-0.0012525432765303284,0.4410987074243715,0.5589012925756285,1.03461389171496,0.002656887583750675,0.7159784356584196,0.8276290381717344,1077,252,1.1185382785321125,6.267083402727733e-05,4.0495607709602277e-05,3.606921077233568e-05
2019-05-20,0.0009197669591143894,0.41432835005484137,0.5856716499451586,0.9049947137051506,0.003280254517461333,0.5944391098450691,1.0189527236024187,1077,252,-0.8213644752845507,7.544310390039151e-05,3.956019844808695e-05,3.24747921335241e-05
2019-05-21,0.0008549257986303229,0.4130609320355629,0.5869390679644371,0.9008183567140661,0.003246477464275911,0.6089613918610571,1.00772815452763,1077,252,-0.7634604320591699,7.500656462698105e-05,4.09458702415785e-05,3.374772096238801e-05
2019-05-22,0.0015115183170229766,0.41865360538061286,0.5813463946193871,0.9147080321319194,0.003291660837158724,0.5983907283215208,1.0213335527316838,1077,252,-1.3498065320154218,7.261512409892572e-05,4.199352608992476e-05,3.304376836614969e-05
2019-05-23,0.002156833300584146,0.43445544319611135,0.5655445568038886,0.9679692300235242,0.0033691429008583375,0.6057857390099904,1.0436780436559459,1077,252,-1.9260816391103037,7.195075649051013e-05,4.736035958736554e-05,3.5362602807391065e-05
2019-05-24,0.0018852669051193744,0.4419668470717937,0.5580331529282063,1.0005260172855088,0.0033449282958136475,0.6093190044655166,1.0345728498028421,1077,252,-1.6835691334092828,7.019030112917599e-05,4.781624268750404e-05,3.5299698837387564e-05
2019-05-28,0.0014244347883045317,0.4411913602553514,0.5588086397446486,1.0019600130114745,0.0033130726716083547,0.6085153676560497,1.0235725749085525,1077,252,-1.2720397497202374,6.956371285182726e-05,4.634911675207174e-05,3.45528327994188e-05
2019-05-29,0.0016925001125523628,0.4459309981434158,0.5540690018565841,1.017404859426986,0.0032887396801324457,0.6172679888143566,1.0149512705863648,1077,252,-1.5114257509360296,6.848171602976322e-05,4.760142554715275e-05,3.524285247785146e-05
2019-05-30,0.002033238428115156,0.44729774370631,0.5527022562936901,1.0182019642518325,0.0032549735185983947,0.6135190472197256,1.0037181058344498,1077,252,-1.8157097274348726,6.630164780361904e-05,4.624468514208521e-05,3.3972000735583136e-05
2019-05-31,0.0022447032537266285,0.4485359128953074,0.5514640871046925,1.0196782088408238,0.0032132681899144154,0.6125941705056321,0.9908576652592181,1077,252,-2.0045507091730577,6.415513353617868e-05,4.5131279449804746e-05,3.296304999985326e-05
2019-06-03,0.0019187659950809,0.4481022203739098,0.5518977796260902,1.024729409826756,0.0032322825533848214,0.5982617032024882,0.9967210189169714,1099,252,-1.4438381323114267,6.272226811264865e-05,4.397190954295572e-05,3.1418810819902935e-05
2019-06-04,0.0019547267212369946,0.45432517090622,0.5456748290937801,1.0501855862370935,0.003191642456084225,0.6472241506771014,0.9841890578271474,1099,252,-1.4708979550427488,6.784318956159772e-05,4.986940789159066e-05,3.764652972743266e-05
2019-06-05,0.0013918805266771102,0.45439342117735115,0.5456065788226488,1.0559202096233122,0.003178642013893318,0.6402971698075945,0.9801801836730848,1099,252,-1.0473659556142965,6.637886926508367e-05,4.8271382222530244e-05,3.624443838300552e-05
2019-06-06,0.0013975074291664967,0.4554872440501248,0.5445127559498752,1.0603041796147317,0.003128669130829511,0.6472751319973109,0.9647703232716738,1099,252,-1.0516001021448285,6.527473757987328e-05,4.78753270552745e-05,3.618406593612222e-05
2019-06-07,0.001992484804489914,0.4513282478012985,0.5486717521987015,1.0360501380146827,0.0031008709634473526,0.654801766586962,0.9561983567868271,1099,252,-1.499310257816155,6.701478515000502e-05,4.714959322597161e-05,3.6807314528393905e-05
2019-06-10,0.001768131781955109,0.4504383466417824,0.5495616533582176,1.0341666285683548,0.0030579845077928613,0.653210129974996,0.9437369823970957,1099,252,-1.330488499526959,6.486102596488964e-05,4.5663968505312515e-05,3.554934834665725e-05
2019-06-11,0.0027028078847442594,0.44525250467733546,0.5547474953226645,1.0023887989459555,0.00310631223225803,0.6369940807939722,0.9599426462445437,1099,252,-2.033816055897537,6.544516684417962e-05,4.4173438225885164e-05,3.424954357027052e-05
2019-06-12,0.002310638102786221,0.4418603704800139,0.5581396295199861,0.9917967687801404,0.0030588635813451346,0.6547695411270159,0.9475693834393544,1099,252,-1.738715096748321,6.764580423281513e-05,4.4554379949881765e-05,3.594629240518351e-05
2019-06-13,0.001976794938095976,0.44190591088521586,0.5580940891147841,0.9950774912493596,0.003032963650173569,0.6507165891465999,0.941147064943739,1099,252,-1.4875039054790193,6.543933256831892e-05,4.3461835332251466e-05,3.470286575740803e-05
2019-06-14,0.001568529983210541,0.43955320200286574,0.5604467979971343,0.9894563801612156,0.0029968907614476084,0.653544932846377,0.9309308126734294,1099,252,-1.1802916078558578,6.522155749565312e-05,4.2356854165661865e-05,3.4350485797954965e-05
2019-06-17,0.000903603898275329,0.4380955139035825,0.5619044860964175,1.0015490609713,0.0030173281775799543,0.6398202454666463,0.9384500682551147,1099,252,-0.6799462613887775,6.379150814273256e-05,4.121419644959744e-05,3.28067214651639e-05
2019-06-18,0.0010294809169534144,0.44271694581065485,0.5572830541893452,1.0192833973492195,0.0029766413927256956,0.680486276204424,0.9277989391646807,1099,252,-0.7746665347389596,6.85794093146297e-05,4.592750296226907e-05,3.81902637697444e-05
2019-06-19,0.0009422880763551037,0.4458658648878189,0.5541341351121811,1.0334700132375743,0.002938366347620654,0.6856834502333871,0.9180131414452378,1099,252,-0.7090554344572472,6.722517490458533e-05,4.586778178090438e-05,3.807531514546733e-05
2019-06-20,0.0009771858649961248,0.4496870820646338,0.5503129179353662,1.0495244545944937,0.002898260277163224,0.703087122666861,0.9071346516984576,1099,252,-0.7353154151440148,6.825842242325318e-05,4.777748621005676e-05,4.015123563198227e-05
2019-06-21,0.0010395975596759765,0.45205924696845456,0.5479407530315454,1.0591456496641618,0.0028543923641142057,0.7120374109075149,0.8950137926976265,1099,252,-0.7822791329251133,6.778617471799061e-05,4.805093756124805e-05,4.063724980632636e-05
2019-06-24,0.0016131596012764905,0.4508326312644231,0.5491673687355769,1.0485905995530194,0.0028311810540237532,0.7094311752190826,0.889548798830933,1099,252,-1.2138746213964935,6.666024871499714e-05,4.6511014624099e-05,3.950223250262173e-05
2019-06-25,0.002025666729703363,0.45452840581207055,0.5454715941879295,1.0603297719483442,0.0028152084119143386,0.7125690151792277,0.8865396213795912,1099,252,-1.524279081033529,6.531715670162376e-05,4.726883972077763e-05,3.959387800350332e-05
2019-06-26,0.002313855164043507,0.45493571415095146,0.5450642858490485,1.0589291384263038,0.0027753920427074784,0.7116721943418837,0.8753576181356574,1099,252,-1.74113587954787,6.340206417912278e-05,4.572101050067103e-05,3.8316833055199405e-05
2019-06-27,0.002944982172282306,0.45338962878989003,0.54661037121011,1.0457249211749386,0.0027696216619319198,0.7050792781780698,0.8778580686404933,1099,252,-2.2160480070104924,6.220226673373281e-05,4.4228921326130924e-05,3.698232669255886e-05
2019-06-28,0.0021351081393215067,0.4532189175065823,0.5467810824934177,1.0524712992497447,0.002816668717015858,0.6878927280160172,0.8984842985270957,1099,252,-1.606631843624534,6.064045309547905e-05,4.332492655338234e-05,3.525907013618856e-05
2019-07-01,0.001402031927070702,0.4526134124269631,0.5473865875730368,1.0543415112262224,0.0028009820944906055,0.682048043808149,0.8966936451540846,1119,252,-1.2396020641931935,5.899993318943458e-05,4.197799925225977e-05,3.394310716788747e-05
2019-07-02,0.0011496774373053388,0.4523286885681899,0.5476713114318101,1.0558021436548,0.0027667564801534474,0.6796956133880824,0.8889179104027891,1119,252,-1.0164836455740507,5.717536195001926e-05,4.0641138806616184e-05,3.2764373102919335e-05
2019-07-03,0.0014847844483887641,0.45022379589202016,0.5497762041079799,1.0429835659276796,0.0027244177169213402,0.6968032858139287,0.8778273915956941,1119,252,-1.3127674424291829,5.9280901119903375e-05,4.1207987564453974e-05,3.443961526538624e-05
2019-07-05,0.0016143066728240016,0.45027466638356967,0.5497253336164303,1.0413016883976234,0.002684136465864976,0.6967730717739445,0.8656499541635843,1119,252,-1.4272841047595963,5.738893006068041e-05,4.00837655050333e-05,3.341870976050902e-05
2019-07-08,0.0009032738969471163,0.44236142864435113,0.5576385713556489,1.0158450561338266,0.002682009974699722,0.7085707654514126,0.8682872222243025,1119,252,-0.7986267399251676,6.218890570468263e-05,4.02219007505888e-05,3.543814514033606e-05
2019-07-09,0.00028081916012752476,0.4394514891238639,0.5605485108761361,1.010656134355149,0.002702539169668066,0.6961880136778359,0.8808796872486435,1119,252,-0.2482853662871861,6.087712544565792e-05,3.9053482343943724e-05,3.394560028851413e-05
2019-07-10,0.0003875957995740697,0.43859380407040843,0.5614061959295915,1.0058917763513635,0.0026583332760910247,0.6971302406089337,0.869184010245919,1119,252,-0.34269159207270966,5.916759726292175e-05,3.78698265542742e-05,3.2999134318546594e-05
2019-07-11,0.0005965115963470277,0.4381503314918276,0.5618496685081724,1.0016584852181012,0.0026216502307189107,0.6957525647789027,0.8606687992744801,1119,252,-0.5274038285931729,5.7353800433741415e-05,3.663343425072165e-05,3.189148435105845e-05
2019-07-12,0.0007430382484904059,0.43812214018505996,0.5618778598149401,0.999771883165184,0.00258291275234624,0.694865992870833,0.8514485354626549,1119,252,-0.6569549015389534,5.548397221813183e-05,3.546997547771623e-05,3.08258651692503e-05
2019-07-15,0.000874226988820166,0.43828860513088846,0.5617113948691115,0.9987778656171478,0.0025446095678651626,0.6941190440955454,0.8404750159552693,1119,252,-0.772945008591255,5.3665213243602425e-05,3.436932074640939e-05,2.9810266890519658e-05
2019-07-16,0.0004548883117263131,0.43562763356725015,0.5643723664327498,0.9922207801020964,0.0025164793869696233,0.6976925800665637,0.8333355357131457,1119,252,-0.402188052430035,5.3891049698382856e-05,3.3618507180850326e-05,2.9696935668677576e-05
2019-07-17,0.0009597888815135148,0.43449738624002576,0.5655026137599742,0.9819358457649027,0.002525099572046111,0.6871611317822162,0.8397098933862204,1119,252,-0.848594283583552,5.2515343365306695e-05,3.268257565275223e-05,2.8468188223472892e-05
2019-07-18,0.0010979620787799702,0.4338783228986784,0.5661216771013216,0.977663803521031,0.002483959071499937,0.6897976257005821,0.8299422361690464,1119,252,-0.9707596759976393,5.1371750252264564e-05,3.183763139583115e-05,2.789679118390119e-05
2019-07-19,0.001649842728639014,0.43694283368049724,0.5630571663195028,0.9834116996114829,0.0025218623239480287,0.6756293273766882,0.8454665998822878,1119,252,-1.4587031953602003,4.969700438456815e-05,3.185349707026021e-05,2.6881417001983263e-05
2019-07-22,0.0014317967099485302,0.4370236308487595,0.5629763691512405,0.9854674398363429,0.0024855320064890002,0.6752094972016834,0.8352102120544033,1119,252,-1.2659185022023525,4.835642221450381e-05,3.0825462901605316e-05,2.6068763147744537e-05
2019-07-23,0.0017393023011842551,0.43640553259121045,0.5635944674087896,0.9791141690008032,0.0024616217363015204,0.671508688609665,0.82992378396781,1119,252,-1.5377985915831776,4.702865538294937e-05,2.983008068143295e-05,2.5151282268595813e-05
2019-07-24,0.0014421840338432722,0.436830135495708,0.563169864504292,0.9834362181436853,0.0024408352531826516,0.667386936129717,0.8259612062181619,1119,252,-1.2751024215502291,4.550687646965741e-05,2.9046539201771167e-05,2.4264056710348565e-05
2019-07-25,0.0019259063448902843,0.44788874566575326,0.5521112543342468,1.0221558705699727,0.002493150228609497,0.6663449850938857,0.8463228794778893,1119,252,-1.7027839626710402,4.473035201708611e-05,3.160135136530274e-05,2.505261814661301e-05
2019-07-26,0.0014829326049955582,0.44962899983450333,0.5503710001654967,1.0338026099204443,0.0024893055486753355,0.6578980946766984,0.8489633532570974,1119,252,-1.3111301409894238,4.360406150986639e-05,3.0657398983827796e-05,2.4054135519035362e-05
2019-07-29,0.002015866173699741,0.44902645999798907,0.5509735400020109,1.0245224249659195,0.002505448091025358,0.6445892029357095,0.8575100590188214,1119,252,-1.7823216588771875,4.266695220522762e-05,2.9808635831789922e-05,2.2987931165573778e-05
2019-07-30,0.0013681093282642126,0.44186314503282054,0.5581368549671795,1.0015971220437583,0.002513851334901563,0.6437254208792401,0.8616919931171301,1119,252,-1.2096095064693624,4.439443834588468e-05,2.9089778080645757e-05,2.3133169866854605e-05
2019-07-31,0.0011881578434044765,0.44056477066603994,0.5594352293339601,0.9976621228351285,0.0024719988376416943,0.6626606028072045,0.8485625934451139,1119,252,-1.0505059741034337,4.538857294907582e-05,2.969059886863298e-05,2.4326178781793024e-05
2019-08-01,0.0010231474284355196,0.44127728031635466,0.5587227196836453,1.0006215196247765,0.002432475851070309,0.6717851257962034,0.8377071364652023,1141,252,-0.9976538017917397,4.49914205427781e-05,2.9640491828643497e-05,2.4532281499193457e-05
2019-08-02,0.0011567275438832604,0.44474912931122884,0.5552508706887711,1.0124195604378683,0.0024095468894796608,0.6769068735952175,0.8318007768000885,1141,252,-1.1279055194977543,4.411498318438601e-05,2.9934805318275537e-05,2.459858933498154e-05
2019-08-05,-0.00030441952583346444,0.40877301553890527,0.5912269844610947,0.8901867984380174,0.002513622834716821,0.776197658759732,0.8719012020350935,1141,252,0.29683434551732785,8.590691845711639e-05,3.9656900613216776e-05,4.530496334047227e-05
2019-08-06,-0.0010988451713547292,0.4002989166880654,0.5997010833119346,0.8686265563306664,0.0026286697010479564,0.7491532710571196,0.9157731399761037,1141,252,1.0714653942480488,8.422884673265691e-05,3.902194068278288e-05,4.2949245563039776e-05
2019-08-07,-0.0015637533127378438,0.40277759243044875,0.5972224075695513,0.883249659012559,0.0026783847724546716,0.7382464268473334,0.9357241667927052,1141,252,1.5247894821011674,8.156448871497835e-05,3.962297989914543e-05,4.196869640843263e-05
2019-08-08,-0.0013105491535177923,0.4076062824753761,0.5923937175246239,0.8982117211167019,0.0026428425492657976,0.7719826987601521,0.9272766830360765,1141,252,1.277894376806686,8.951383752869212e-05,4.479543029778201e-05,4.888431249422929e-05
2019-08-09,-0.0016005112262188186,0.4078594227758567,0.5921405772241433,0.9028926441508811,0.0026082060632908357,0.7715083530024108,0.9165928677781859,1141,252,1.56063150360368,8.736576090564763e-05,4.3387324375211245e-05,4.749990036851746e-05
2019-08-12,-0.001469984049421638,0.41234001158540906,0.587659988414591,0.9185482974805528,0.0026046985824756627,0.7746254978176689,0.9177227926153616,1141,252,1.433356654887138,8.614310045029755e-05,4.4657480425496e-05,4.8045104896814194e-05
2019-08-13,-0.0011991638033804768,0.41318195351642,0.5868180464835799,0.9182712191899903,0.0025620806197693526,0.7900578359238583,0.9051222153792199,1141,252,1.1692844004337648,8.976919345366842e-05,4.623223844422959e-05,5.089733077849996e-05
2019-08-14,-0.0009718048826890979,0.43763952691422214,0.5623604730857779,1.0117952146708504,0.0027007814521051274,0.8236416368093017,0.9544413613765133,1141,252,0.9475905513412088,0.00010398286490879791,6.745025420130393e-05,6.897806032784656e-05
2019-08-15,-0.0010921327881579575,0.44260330263451186,0.5573966973654881,1.0340470612540649,0.0026566841369268556,0.8237410426925731,0.941092915691257,1141,252,1.0649202625991505,0.00010077373179050187,6.528869782169572e-05,6.681644717108559e-05
2019-08-16,-0.0012835995176236025,0.44904691943302927,0.5509530805669707,1.064192848422314,0.0026536478491631247,0.8311831843358908,0.9423670965872788,1141,252,1.2516162413596241,0.00010200197693849721,6.959834546589959e-05,7.003264041011416e-05
2019-08-19,-0.0014482526191811056,0.4517723224192069,0.548227677580793,1.078508889704247,0.0026243210669145505,0.831838556899587,0.9345555724727153,1141,252,1.4121667037664178,9.938936081698186e-05,6.874420130519107e-05,6.87586008463183e-05
2019-08-20,-0.0006979701661094152,0.45341670824302566,0.5465832917569744,1.0747643812744652,0.00275934771138967,0.8103930856795222,0.9883932119374907,1141,252,0.6805789375056364,9.66790956051967e-05,6.785684445523823e-05,6.563853001390845e-05
2019-08-21,-0.0012936616413441193,0.4582398780575627,0.5417601219424373,1.1046032970737028,0.002828614621974076,0.7993250502965249,1.0132044903243775,1141,252,1.2614276484988889,9.365244480236919e-05,6.879439559816736e-05,6.415928463177874e-05
2019-08-22,-0.001221875808251535,0.45969899073557713,0.5403010092644229,1.1103721457237363,0.0027859184045489547,0.7997203641107984,1.000610324181354,1141,252,1.1914304933390374,9.08057672327475e-05,6.69905436302905e-05,6.237371653056055e-05
2019-08-23,-0.0009619630580993421,0.46640747452003445,0.5335925254799656,1.1369794389125925,0.002786633712601561,0.8086921493637803,1.000867239323319,1141,252,0.9379939541689412,9.206589522103164e-05,7.217221724139306e-05,6.59200671610668e-05
2019-08-26,-0.0011559837248972793,0.4705695830876447,0.5294304169123554,1.1594063852021794,0.002760631177840354,0.8126458297250835,0.9934058798071139,1141,252,1.1271802341492454,9.09784064047055e-05,7.322219278324035e-05,6.632722672952142e-05
2019-08-27,-0.0012545512593408186,0.47149686089174736,0.5285031391082526,1.1656687101454033,0.0027178232830213198,0.8123316307837148,0.9802764890364015,1141,252,1.2232917746153147,8.799582600065295e-05,7.086754479068965e-05,6.41487345892722e-05
2019-08-28,-0.0014417691290804354,0.47301972518783875,0.5269802748121613,1.176258428970325,0.002687371509627769,0.8125366416601948,0.9708048983140903,1141,252,1.4058447619151802,8.554662839601965e-05,6.978759246171996e-05,6.278176366004446e-05
2019-08-29,-0.0015290847473906023,0.4751439820728588,0.5248560179271412,1.1881857616362275,0.002649851968236216,0.8191756069404664,0.9588080779548563,1141,252,1.4909847487264007,8.546692838117795e-05,7.090767391424515e-05,6.377091949599591e-05
2019-08-30,-0.0008258170180810105,0.47027811336141234,0.5297218866385877,1.1543636699563076,0.0027335309992030103,0.805992728551368,0.990413570072297,1141,252,0.8052402466891996,8.701803051690801e-05,6.867275212737139e-05,6.230572800056133e-05
2019-09-03,-0.0007586633019609502,0.47089488708489957,0.5291051129151004,1.1548744482528817,0.0027014931410701834,0.8075245442973288,0.9805555734226489,1163,252,0.6595199972040379,8.498102509049273e-05,6.811935918453677e-05,6.144011091129907e-05
2019-09-04,-0.0007828914397422052,0.4725471037014403,0.5274528962985596,1.1629087291177016,0.0026603059021012153,0.8176016539319498,0.969607706840888,1163,252,0.6805819641140636,8.633822505921395e-05,7.015741691937882e-05,6.363266535726508e-05
2019-09-05,-0.0006453922895878343,0.4723593810901356,0.5276406189098644,1.1601069686812597,0.0026168960426102682,0.8262242695160585,0.9567935659863838,1163,252,0.5610514175712497,8.7965915012193e-05,7.104515765698479e-05,6.531642424827019e-05
2019-09-06,-0.00013730826895238586,0.47052874526306365,0.5294712547369363,1.144525978491526,0.002626737054651677,0.8204292281548493,0.9625363634845231,1163,252,0.119364609994316,8.652986783700678e-05,6.872154314062659e-05,6.32660318435173e-05
2019-09-09,8.145628847262232e-05,0.4699149225172935,0.5300850774827065,1.138523015224467,0.0025932990376123437,0.8192181070093435,0.9523396448362555,1163,252,-0.07081145352207949,8.387556815821495e-05,6.647112267456785e-05,6.116933897506043e-05
2019-09-10,-0.00028058471687421717,0.4703599884933202,0.5296400115066797,1.1453378727545966,0.0025832635170887734,0.8151717633809649,0.949804352374815,1163,252,0.24391746801258146,8.11486563364535e-05,6.470011398336344e-05,5.906664686765323e-05
2019-09-11,-9.136591623863755e-05,0.4699758641297414,0.5300241358702587,1.1408429668237354,0.002547022656497245,0.8148057712135428,0.9397979115708417,1163,252,0.07942607566030942,7.892136995458575e-05,6.263653909674061e-05,5.728821369868072e-05
2019-09-12,0.00020586897974284943,0.469466289148333,0.530533710851667,1.134348805021248,0.0025229813575939567,0.8124876352982363,0.93374029336597,1163,252,-0.17896570005885268,7.66395096849904e-05,6.0589268959660904e-05,5.536572299543062e-05
2019-09-13,0.00042194038760081363,0.4691628213486618,0.5308371786513382,1.129843861285806,0.002490582455970423,0.8112518453310229,0.9220495600563414,1163,252,-0.3668005589982824,7.426527631842331e-05,5.860871382938249e-05,5.352167465765951e-05
2019-09-16,-0.0002575537274386508,0.46905932472660716,0.5309406752733928,1.1383890230977685,0.002560114927338371,0.7955923185824586,0.9488558474410476,1163,252,0.2238962042333921,7.240211038395284e-05,5.7226862615592404e-05,5.121134267760906e-05
2019-09-17,-0.00017210088283692318,0.4688571570521345,0.5311428429478655,1.13627944455174,0.002518000902214866,0.7979104332876935,0.935572075991209,1163,252,0.1496104707767482,7.091891101732304e-05,5.594092414220732e-05,5.025739700173085e-05
2019-09-18,-0.0005294902650861028,0.4664803172128167,0.5335196827871833,1.1301086248739445,0.0024939558853918917,0.7996036373766598,0.9285868686299822,1163,252,0.4602956505824586,7.100902823854018e-05,5.475132687250119e-05,4.985731311278949e-05
2019-09-19,-0.0006796136513615939,0.46662798629095725,0.5333720137090427,1.1328167980737704,0.002460239461184056,0.7993369200345479,0.9169483123256534,1163,252,0.590800678360603,6.878688618881401e-05,5.3371129906803204e-05,4.84323895376446e-05
2019-09-20,-0.001193540906891611,0.46411403572174725,0.5358859642782527,1.1284433763337016,0.002470078829512279,0.7933150256583505,0.9216033318529533,1163,252,1.037567117773382,6.817311134672345e-05,5.165407287985942e-05,4.707653861892081e-05
2019-09-23,-0.0010711717132187435,0.4636920005363461,0.5363079994636539,1.1251382037046334,0.002433450581125844,0.7927062883263002,0.9087944199653678,1163,252,0.9311893213775522,6.593934739889582e-05,5.001657042124037e-05,4.552412218795052e-05
2019-09-24,-0.001041135577852003,0.46420664934878225,0.5357933506512178,1.127240227324522,0.002395314308557735,0.7948367840401847,0.8954046476091537,1163,252,0.9050783550741993,6.436323908784198e-05,4.9090886326369956e-05,4.467837202782925e-05
2019-09-25,-0.0009395018590278353,0.46452350168114515,0.5354764983188549,1.1275110956137764,0.0023592589860433302,0.7944815743180091,0.8832807898852862,1163,252,0.8167262893007567,6.226275895372202e-05,4.7587144690620606e-05,4.324569027220403e-05
2019-09-26,-0.0009384557463097594,0.46473228644575626,0.5352677135542437,1.1285352814838336,0.0023206519576078923,0.7951475041462145,0.8709429009394306,1163,252,0.8158168842259136,6.039568199244826e-05,4.62192796316029e-05,4.201092375650163e-05
2019-09-27,-0.0006773157434018405,0.4655903567284845,0.5344096432715155,1.1287994271825754,0.0023055819655315433,0.7918671695072618,0.8669819058171909,1163,252,0.5888030646006195,5.841549767807043e-05,4.5076940597649735e-05,4.063437595715245e-05
2019-09-30,-0.0008911748722013684,0.46545260104032404,0.534547398959676,1.1309855666651025,0.0022766136745965395,0.7904750439934715,0.8566393512627591,1163,252,0.7747147485628715,5.666364180509459e-05,4.359988998356386e-05,3.929009707553867e-05
2019-10-01,-0.0009738345739589407,0.4691381801989469,0.5308618198010531,1.1476012857181854,0.0022471966473231694,0.8112958043499551,0.8458328090607311,1183,252,0.7611685554521256,6.022826386536622e-05,4.790532510029858e-05,4.3578401727173115e-05
2019-10-02,-0.0016884432520172137,0.4593318865647691,0.5406681134352309,1.1121557920547267,0.0022508918412066474,0.841718571655033,0.8477405356586711,1183,252,1.3197209726043455,7.625486248073384e-05,5.4455118601112715e-05,5.42400442007809e-05
2019-10-03,-0.0010953082081617588,0.45481741585932517,0.5451825841406748,1.085024561546451,0.0022817740833399104,0.8335156563462223,0.8599457323029789,1183,252,0.8561147743933903,7.549401840636524e-05,5.267552718722594e-05,5.256231426986472e-05
2019-10-04,-0.0008129425483396648,0.452441923778589,0.547558076221411,1.0712994271519152,0.002247605189119958,0.8404264716775093,0.8476746300359935,1183,252,0.6354121343933327,7.708545221486051e-05,5.295586849570036e-05,5.369612960719492e-05
2019-10-07,-0.0009681005343613337,0.45163708009795916,0.5483629199020408,1.0695935919631367,0.0022120037040743563,0.8409563789926973,0.8358705369295912,1183,252,0.7566867155646049,7.505272687495161e-05,5.1393509538675434e-05,5.222889589035142e-05
2019-10-08,-0.0008002698863541518,0.45448763542957615,0.5455123645704238,1.0799520859966958,0.0021981980076491623,0.8436008109045354,0.8325760491179235,1183,252,0.6255069286477287,7.418418443718688e-05,5.2311921856800756e-05,5.255245265134001e-05
2019-10-09,-0.00084491344283232,0.45624999055981386,0.5437500094401861,1.0880977832796792,0.002166825428361784,0.8468299976883881,0.8229022410597233,1183,252,0.6604012241506991,7.315410925595365e-05,5.2159345829170795e-05,5.230963204277091e-05
2019-10-10,-0.0006495031203233414,0.4558617390159763,0.5441382609840237,1.0839679432186895,0.0021327807884683387,0.8509903298828584,0.8116520328917564,1183,252,0.5076646127363826,7.316616008690318e-05,5.174385915006441e-05,5.236114858180426e-05
2019-10-11,-0.00035015899221102286,0.45421742456273934,0.5457825754372607,1.0731801237417433,0.0021015947098774,0.8582732488993441,0.8003229985015371,1183,252,0.27369126277403444,7.537281420818385e-05,5.2412917607534924e-05,5.3945113320435615e-05
2019-10-14,-0.0008261642928194358,0.45144044865746014,0.5485595513425399,1.0665451661819207,0.002096789161317841,0.8567471629911986,0.7988604593691158,1183,252,0.6457465139844282,7.520676607152314e-05,5.105554286133001e-05,5.308875995705821e-05
2019-10-15,2.1376511096146108e-05,0.44451014886770057,0.5554898511322994,1.0276115308619556,0.002168886685949212,0.8470519064106814,0.8268770692388767,1183,252,-0.01670830807075648,7.794508776714224e-05,4.9760929170259944e-05,5.275317947696149e-05
2019-10-16,0.0003078271540782399,0.44262869500994706,0.5573713049900529,1.0165084902090313,0.0021450065819838197,0.8455293285714939,0.8189319975675748,1183,252,-0.24060385250662886,7.57061263226236e-05,4.813018470599122e-05,5.1039093594105126e-05
2019-10-17,2.3922035168515668e-05,0.44324867609742474,0.5567513239025752,1.0219725012056255,0.002136692250309296,0.8424808106829159,0.8178566493068784,1183,252,-0.01869794053282579,7.324345764540838e-05,4.706780320072431e-05,4.9465955352877206e-05
2019-10-18,0.0002016325544078828,0.444218439874127,0.555781560125873,1.0237936282515208,0.0021139074546341523,0.841620090405424,0.8091353668464224,1183,252,-0.15760003215622245,7.096269888990118e-05,4.5994745233566955e-05,4.808230345951297e-05
2019-10-21,0.00029238723691303733,0.44520749867731474,0.5547925013226853,1.0267125366408798,0.0020805614172639832,0.8465732239919875,0.7963715828306005,1183,252,-0.22853570483637245,7.06917495719837e-05,4.6129743470003774e-05,4.834364733245572e-05
2019-10-22,0.000363129838296448,0.445538632503833,0.5544613674961669,1.0270189219214583,0.0020480075758014197,0.8464602497304925,0.7839110257724722,1183,252,-0.28382953516838794,6.839413307633779e-05,4.468822796843904e-05,4.679641240515229e-05
2019-10-23,0.000870682181678385,0.444721677910284,0.555278322089716,1.0179414825965294,0.0020609709929570895,0.8399109612521645,0.7888730023589313,1183,252,-0.6805425851659934,6.669972434492129e-05,4.326121743294982e-05,4.511745949042921e-05
2019-10-24,0.000679473181602658,0.44474063223279897,0.5552593677672011,1.0196934444177608,0.002037658712366571,0.8384095496630249,0.7799498157424669,1183,252,-0.5310898112873543,6.451960115453774e-05,4.1939309711656826e-05,4.361267171564657e-05
2019-10-25,0.0006130507519771039,0.44523993477876167,0.5547600652212383,1.0221417731454194,0.002008210483331857,0.8385676806013485,0.7686779866230107,1183,252,-0.4791727134971549,6.256152822366414e-05,4.086565710514417e-05,4.240050585492218e-05
2019-10-28,0.0010423869117629518,0.44465956477203045,0.5553404352279696,1.0149189157281393,0.0020076210596189207,0.8337223651243875,0.768452374299657,1183,252,-0.814750432019742,6.089377663616573e-05,3.954965286633739e-05,4.091468809765475e-05
2019-10-29,0.000906685699846576,0.444218469395714,0.5557815306042859,1.014023145716478,0.0019757079516160747,0.834439224549186,0.7562370692755488,1183,252,-0.7086836541402316,5.933914475685858e-05,3.8411308863174364e-05,3.983775946917749e-05
2019-10-30,0.0008466326169088176,0.44404929818103517,0.5559507018189649,1.0135174547940298,0.0019433238285951528,0.8346248395385581,0.7438414749447325,1183,252,-0.6617449649495688,5.750139204284806e-05,3.719140778429069e-05,3.859684394116375e-05
2019-10-31,0.0001563942350785722,0.43935224923916244,0.5606477507608376,1.001042151401181,0.001979680083580329,0.826749965384612,0.7577574728518802,1183,252,-0.1222408581283499,5.837626952822544e-05,3.6115767382766884e-05,3.7961273915046926e-05
2019-11-01,0.0003446420768838471,0.4397373938513749,0.5602626061486251,1.0010978878317542,0.0019488862711132295,0.8361070299222311,0.7459705979380592,1206,252,-0.22855857403860969,5.944874239770234e-05,3.719570089338864e-05,3.9316928635912485e-05
2019-11-04,-0.0008946382216415697,0.44194863109514143,0.5580513689048585,1.020564538895206,0.002154420600571689,0.7980811007606844,0.8246424880916827,1206,252,0.5933031685151686,5.800955410052777e-05,3.7402911322165726e-05,3.71748730298984e-05
2019-11-05,-0.0006634488062497704,0.4424389332290642,0.5575610667709359,1.0204465876598139,0.0021277109116355436,0.7965807014493662,0.8144188835018394,1206,252,0.43998374915541943,5.6139353693653297e-05,3.621868653876449e-05,3.591946283144388e-05
2019-11-06,-0.0016424456297763719,0.43978380967662895,0.5602161903233711,1.017753826307351,0.0021996909797179797,0.7779793401250608,0.8419705242635169,1206,252,1.0892315716985168,5.567066169324856e-05,3.511704980864276e-05,3.4398560405535614e-05
2019-11-07,-0.0009617811261081,0.43476082303842495,0.565239176961575,0.9914249816927748,0.002196030918293295,0.7788685632691188,0.8425363851904464,1206,252,0.6378307741994065,5.708983422358377e-05,3.4471802995001935e-05,3.455218892515603e-05
2019-11-08,-0.001400518532732907,0.43268033974159487,0.5673196602584052,0.9867542771849541,0.0021774864195307354,0.7760547294043727,0.8378173976516244,1206,252,0.9287911727155733,5.572962803930292e-05,3.334388220385555e-05,3.345364959475979e-05
2019-11-11,-0.0006224142685539408,0.43067213927330406,0.569327860726696,0.9724934367614526,0.0022095118510111573,0.7633850312229383,0.8536598670113934,1206,252,0.41277060238328783,5.468360465866997e-05,3.233491676494402e-05,3.210022532920444e-05
2019-11-12,-0.0009065994301977168,0.4297564697373788,0.5702435302626212,0.9712220821454275,0.0021807674637970274,0.7621210799342737,0.8442481828191749,1206,252,0.6012355625980094,5.312503031341081e-05,3.1276116468484444e-05,3.106561677425774e-05
2019-11-13,-0.002522383315901188,0.4204702251825039,0.5795297748174961,0.9478166878967644,0.002403407923614141,0.7117663954268212,0.9342705616065248,1206,252,1.6727856884853165,5.5544415658716534e-05,3.0403511441865516e-05,2.9249574558130545e-05
2019-11-14,-0.002512470423442069,0.41848912878261396,0.581510871217386,0.9405529338121402,0.0023630985135529945,0.7119461817502061,0.9226896910983149,1206,252,1.6662116897863186,5.375119130446073e-05,2.9435741233509554e-05,2.831905131586531e-05
2019-11-15,-0.002130104098998162,0.41705841298632484,0.5829415870136752,0.9324841847076921,0.0023252590050823934,0.721649031811799,0.9105918792718534,1206,252,1.4126352760603258,5.425787516853492e-05,2.9333673868929043e-05,2.8789932981900045e-05
2019-11-18,-0.0025656990579092423,0.4157312328701659,0.5842687671298341,0.9311989043400927,0.0023029952835790066,0.7187125111332029,0.9046196512621828,1206,252,1.7015116766649947,5.294496018249854e-05,2.8372114043315128e-05,2.78556544536492e-05
2019-11-19,-0.001254773481808032,0.4181587331522176,0.5818412668477824,0.9306693404466363,0.0024881021105763188,0.6720965706517599,0.9815561571328582,1206,252,0.8321364597630377,5.1785915416463463e-05,2.8932056430203345e-05,2.6015199459924574e-05
2019-11-20,-0.002894120060290238,0.400306921662414,0.599693078337586,0.8766400867801342,0.0025829569751295795,0.6695392309262143,1.0189763964150356,1206,252,1.9193128130417045,6.135294054140292e-05,2.876342329523444e-05,2.8126390796180794e-05
2019-11-21,-0.003207492798371867,0.4,0.6,0.8784768968529799,0.0025522864972422625,0.6669002412219791,1.00687689443538,1206,252,2.127134292084877,5.94111317311869e-05,2.7877823965385726e-05,2.714089862609082e-05
2019-11-22,-0.0021562471434078867,0.4,0.6,0.8713164453472882,0.0026332935406494884,0.6398018705208351,1.038834168973873,1206,252,1.429972732372512,5.808097026210414e-05,2.760815912968325e-05,2.5620120119575662e-05
2019-11-25,-0.00209449416240369,0.4,0.6,0.8712053748666495,0.0025922596532316033,0.6451813254551101,1.0226463024570955,1206,252,1.3890195980118767,5.687627132749733e-05,2.726114463606325e-05,2.540501119085398e-05
2019-11-26,-0.0019238323642546927,0.4,0.6,0.8702805976807235,0.002550009632712286,0.6461002051321985,1.0059786714931398,1206,252,1.275840680392523,5.524879839031127e-05,2.6421423820955375e-05,2.4685356648058944e-05
2019-11-27,-0.0006105463560349842,0.4,0.6,0.8608329918456762,0.0026295992729715684,0.6258396946284323,1.037376780561257,1206,252,0.40490008005277783,5.7980737941840586e-05,2.5565742625454298e-05,2.4095402248844668e-05
2019-11-29,-0.0011979206178511538,0.4,0.6,0.8652357792315661,0.002604034722717598,0.6267176766430854,1.027291566775435,1206,252,0.7944329685541726,5.763962278622976e-05,2.4832882889153417e-05,2.3710793018277244e-05
2019-12-02,-0.0008989283675053373,0.4,0.6,0.8634697500206847,0.00259364506357973,0.6322319047530892,1.0231928467695572,1226,252,0.6190738735575191,5.655995436354633e-05,2.5666959063099897e-05,2.4088965093858078e-05
2019-12-03,-0.0020560621670197288,0.4,0.6,0.8723689927806897,0.0025881658778892647,0.6674209183275613,1.021031308291016,1226,252,1.4159686311205582,6.523047284434167e-05,2.687661796331972e-05,2.7945532313373875e-05
2019-12-04,-0.001972382577050555,0.4,0.6,0.8720000090422455,0.00255265952431325,0.6795542460612282,1.0070240535960706,1226,252,1.358340181766262,6.502265419677245e-05,2.7551358208202708e-05,2.876258954035296e-05
2019-12-05,-0.0020134978284304453,0.4,0.6,0.8726625353799317,0.0025105725866268014,0.6802439306370418,0.9946641591603037,1226,252,1.3866554278460768,6.300801872771751e-05,2.6719440408206336e-05,2.7911055897223117e-05
2019-12-06,-0.0012570159706273016,0.4,0.6,0.8673139082303246,0.0024992050691077018,0.6805573075953341,0.990795841009609,1226,252,0.8656815984342466,6.34613570363757e-05,2.601417913669396e-05,2.765186591161731e-05
2019-12-09,-0.0017925179936934394,0.4,0.6,0.8715447314010383,0.0024787562474548725,0.6777508533143909,0.9836601257697528,1226,252,1.2344710634251528,6.225625172953656e-05,2.5169166051194712e-05,2.6828474001790392e-05
2019-12-10,-0.002106440674501271,0.4,0.6,0.8742586044644743,0.002444767986247506,0.677015975108324,0.9712096763988013,1226,252,1.4506632952317777,6.056404897351742e-05,2.435134807439787e-05,2.599967215826112e-05
2019-12-11,-0.001112708249057566,0.4,0.6,0.8671062315776672,0.0024568301255227243,0.6795970760430472,0.9768066003456849,1226,252,0.7662997751368461,6.317065998293207e-05,2.389736738200589e-05,2.6404882477323435e-05
2019-12-12,-0.0005736507962623452,0.4,0.6,0.8632590703359756,0.0024332949913050835,0.6786952133695267,0.9679990027635629,1226,252,0.3950617572532849,6.214177489135761e-05,2.3154246733749546e-05,2.574435060845136e-05
2019-12-13,-0.0008177924651952233,0.4,0.6,0.8651799800624947,0.0024005884265318168,0.6770043701373415,0.955611088029624,1226,252,0.5631972106960499,6.0179720857367844e-05,2.2412864607535796e-05,2.486367042144425e-05
2019-12-16,0.00040655611740522603,0.4,0.6,0.8621092790979886,0.0024105285000845847,0.7030503614730865,0.9611318034728983,1226,252,-0.2799870151156003,6.76890127019854e-05,2.3220381938445072e-05,2.78727747509122e-05
2019-12-17,-0.0008668441947161494,0.4,0.6,0.8712958407597049,0.0025015310441336134,0.6807930201238018,0.9992176826014236,1226,252,0.5969781495304616,6.893749142926196e-05,2.2467029499754053e-05,2.6792649341310766e-05
2019-12-18,-0.000750688070968723,0.4,0.6,0.8706159687460168,0.002462337249216365,0.68042184621914,0.9847899163070846,1226,252,0.5169837650331687,6.668202575017456e-05,2.1777849760081686e-05,2.5929261051622754e-05
2019-12-19,-0.0009685944951824962,0.4,0.6,0.8722713627052078,0.0024257655708518,0.6796459603670068,0.9716352398637653,1226,252,0.6670515334866852,6.458880497008676e-05,2.1064875333629104e-05,2.506921939706334e-05
2019-12-20,-0.0011463392487016356,0.4,0.6,0.8736546767186161,0.002390427312470084,0.6785305289552243,0.9586430518327722,1226,252,0.7894607676851674,6.247436916526605e-05,2.041976505915102e-05,2.4235149482362473e-05
2019-12-23,-0.0010068015416788687,0.4,0.6,0.872882611860214,0.002353236932228493,0.6779873613444005,0.9443672368341914,1226,252,0.6933639573979944,6.0426624940188866e-05,1.9775220525088824e-05,2.343669858387089e-05
2019-12-24,-0.0009992688986511576,0.4,0.6,0.872994859365527,0.0023143516940056217,0.6779896147288013,0.9294794147364572,1226,252,0.6881763777577695,5.844597554776688e-05,1.912769554044132e-05,2.2668963997197684e-05
2019-12-26,-0.0008752376607107183,0.4,0.6,0.8723123737570712,0.0022782646316999665,0.684534117247244,0.9154422493264295,1226,252,0.6027585606217828,5.747839482667177e-05,1.9164778843874256e-05,2.2719528800015068e-05
2019-12-27,-0.0010393400477102656,0.4,0.6,0.8735530979030736,0.002241137003364566,0.6856458412646158,0.9012070251307281,1226,252,0.7157725715843878,5.5827278115949256e-05,1.8594357731709898e-05,2.209091294607821e-05
2019-12-30,-0.0007466498937918106,0.4,0.6,0.8717722999521849,0.0022257057588665795,0.6830342945996168,0.8957479645047605,1226,252,0.5142027536896726,5.414812773562493e-05,1.8585328843098228e-05,2.1668026450340616e-05
2019-12-31,-0.001988079914521094,0.4,0.6,0.8801531270745788,0.002356645427791421,0.6400852863363926,0.9497403241287475,1226,252,1.3691506221347138,5.2968257042547564e-05,1.8861152507067133e-05,2.0231579910461607e-05
2020-01-02,-0.0020399755588315816,0.4,0.6,0.878921132922602,0.0023183197810570854,0.6429308522371289,0.9365519971028281,1247,252,1.2088433918074475,5.169285419268991e-05,1.83743147909232e-05,1.981459039233785e-05
2020-01-03,-0.0028225664896266802,0.4,0.6,0.8838518495912906,0.0022855773240623594,0.6673439089874732,0.9249459348859524,1247,252,1.6725890828205023,5.412550839651915e-05,1.8956512118565127e-05,2.1376170837205117e-05
2020-01-06,-0.0027060105466128574,0.4,0.6,0.8835838028274912,0.0022497633413980063,0.6734574323067571,0.9122358314823654,1247,252,1.603520666349451,5.313957364005745e-05,1.889568841252957e-05,2.1340301080461495e-05
2020-01-07,-0.002974135206793227,0.4,0.6,0.885642615498726,0.0022167111177926607,0.6727043718144262,0.9003775719141229,1247,252,1.7624052776069017,5.1510857948810824e-05,1.827615851631455e-05,2.0640304495702885e-05
2020-01-08,-0.0018796968825764576,0.4,0.6,0.8796948488349209,0.0022593501059585803,0.6530621947697991,0.9180876970333137,1247,252,1.113865872199504,5.071627041273385e-05,1.780533889457269e-05,1.9624713264142784e-05
2020-01-09,-0.0020195842439682367,0.4,0.6,0.8807743449604124,0.002224048444951768,0.652538326926057,0.9046235387696964,1247,252,1.1967599596721439,4.905502048244975e-05,1.7239101544837943e-05,1.897601739133593e-05
2020-01-10,-0.0010721944432607144,0.4,0.6,0.8755652728775893,0.0022452406688234687,0.637696275670425,0.9161259726422539,1247,252,0.6353581844925357,4.813657146574984e-05,1.675856635584461e-05,1.8112145128510787e-05
2020-01-13,-0.0006498910223867114,0.4,0.6,0.8733535729271238,0.0022083390186911312,0.6505086310352333,0.9040189759448028,1247,252,0.3851107256682685,4.8171073865523964e-05,1.6842069601913275e-05,1.852865761187272e-05
2020-01-14,0.000248233562627273,0.4,0.6,0.868652005025127,0.0022089937801154777,0.6425234115161877,0.9063866400969335,1247,252,-0.1470975965901624,4.741131983776682e-05,1.6294616645696213e-05,1.7858790928967632e-05
2020-01-15,0.000188579906316077,0.4,0.6,0.8691294240061286,0.0021821311540082986,0.6458481539311492,0.896751688179306,1247,252,-0.11174818864419427,4.626203891469669e-05,1.63472085476068e-05,1.7760885271242356e-05
2020-01-16,0.001240432291711463,0.4,0.6,0.8640611453490351,0.0021624754973554447,0.6604840024593827,0.8888521746740371,1247,252,-0.735052129584738,4.787368354156087e-05,1.635281555670662e-05,1.848021393833635e-05
2020-01-17,0.0007231464754467028,0.4,0.6,0.866780026319032,0.0021457728012448016,0.6554892881401052,0.8833537137789461,1247,252,-0.42852025082755607,4.6504280287352736e-05,1.584801843410597e-05,1.7795063682692967e-05
2020-01-21,-0.0007684685045799258,0.4,0.6,0.8741248822009873,0.0021893967942700644,0.6456117513505266,0.9054026749230167,1247,252,0.45537706054952215,4.797562793621969e-05,1.536153772551434e-05,1.7526657767125582e-05
2020-01-22,0.0013030168283759578,0.4,0.6,0.8647343419354274,0.0023805790339900255,0.5805887845185825,0.9877766804826842,1247,252,-0.7721383109601353,4.7006689384870624e-05,1.6236293494212723e-05,1.603954046338125e-05
2020-01-23,0.00041698897893165446,0.4,0.6,0.8688850552050207,0.0023875353938400197,0.5671590754926825,0.9921287386055033,1247,252,-0.2470982406900892,4.562711536551451e-05,1.5965993398324718e-05,1.5307855885500837e-05
2020-01-24,-0.0002481811958960497,0.4,0.6,0.8719713217895946,0.002348712438815169,0.5943646083815893,0.9778160796245438,1247,252,0.1470665652492643,4.699204108384961e-05,1.651583443042561e-05,1.6558285100258458e-05
2020-01-27,-0.0020523791861766566,0.4,0.6,0.8800000201214802,0.002315635038207086,0.7024975642481337,0.9656722273638217,1247,252,1.216193500923031,6.179125974355741e-05,2.184579073958808e-05,2.581025123968451e-05
2020-01-28,-0.001869433756644231,0.4,0.6,0.879395510735543,0.0022848309969438355,0.7146441094489246,0.9548492910292676,1247,252,1.1077841758239033,6.187370103491016e-05,2.2757121989221997e-05,2.681646541064622e-05
2020-01-29,-0.0016289249817884228,0.4,0.6,0.878575603630465,0.002267441683106419,0.7171778281914355,0.9491248979871192,1247,252,0.9652641138077329,6.061631776682102e-05,2.3201281339936096e-05,2.6895375705791435e-05
2020-01-30,-0.0020312178866807038,0.4,0.6,0.8804204911457557,0.0022367115821954127,0.7156866301935683,0.9381954296819732,1247,252,1.2036537933039888,5.8649985308271815e-05,2.2477679709557368e-05,2.598559092257716e-05
2020-01-31,-0.0037551037254998157,0.4,0.6,0.8885893911716379,0.0022000262075841863,0.7944175172795618,0.9275614480683606,1247,252,2.225189563899448,7.738819537396614e-05,3.056763867515724e-05,3.86382205600707e-05
2020-02-03,-0.002095289924603025,0.4,0.6,0.8851038860982552,0.0021979208880589327,0.7884998428103005,0.9308574745757029,1268,252,1.7067092999171036,7.509153581566258e-05,2.9666056076565968e-05,3.721577018313333e-05
2020-02-04,-0.0014763969452352864,0.4,0.6,0.8813509315787297,0.0021656174096299666,0.8173809472107334,0.9184314267595549,1268,252,1.2025927138840535,8.29360538908206e-05,3.426440873040971e-05,4.357303541788831e-05
2020-02-05,-0.0016169812270264963,0.4,0.6,0.8823700916601822,0.002152489437754305,0.8184799164503059,0.9140310832499028,1268,252,1.3171050295010358,8.136903783877175e-05,3.4665952930844837e-05,4.3469954853466206e-05
2020-02-06,-0.001983034768188929,0.4,0.6,0.8849068168181362,0.00214212178345387,0.8154526106813536,0.9111632705557596,1268,252,1.6152723502301123,7.87613052205993e-05,3.403289470968607e-05,4.221867749090685e-05
2020-02-07,-0.002568382943409501,0.4,0.6,0.8891839739486069,0.0021067141147446716,0.8280896611784725,0.9014664039059302,1268,252,2.092065161863438,8.171803714129074e-05,3.536472301126219e-05,4.4516545552909345e-05
2020-02-10,-0.002457541461998943,0.4,0.6,0.8889868972356965,0.0020724203123143763,0.8290544218385258,0.8921480970932382,1268,252,2.001779715005372,7.944294846815601e-05,3.445720250177914e-05,4.337612230135883e-05
2020-02-11,-0.002337949247701513,0.4,0.6,0.8885968873373523,0.0020435295139586648,0.8326931702507998,0.8810269297078149,1268,252,1.904366396713502,7.83917585940252e-05,3.448867273237596e-05,4.329706392558176e-05
2020-02-12,-0.0013698640338562233,0.4,0.6,0.8826412773713526,0.0020379474685366327,0.8356322468913515,0.8795715746146354,1268,252,1.1158167940159047,8.074654620183558e-05,3.419773155013948e-05,4.3911251803810496e-05
2020-02-13,-0.0016035779024140956,0.4,0.6,0.8844425200420254,0.0020045649724425058,0.8385450863564601,0.865905277220744,1268,252,1.3061874097018924,7.940886534742987e-05,3.375091406335839e-05,4.3411389145113284e-05
2020-02-14,-0.0017001413780511566,0.4,0.6,0.885321811237078,0.0019771749359675174,0.8383021292704054,0.8559321763791713,1268,252,1.3848427690232592,7.694332095418388e-05,3.289304267202122e-05,4.217334580662272e-05
2020-02-18,-0.0016574179633497992,0.4,0.6,0.8854076317297606,0.0019505896223568334,0.8388865324108069,0.846504036677825,1268,252,1.3500425972957897,7.4849220465337e-05,3.2295272930923753e-05,4.124452844737563e-05
2020-02-19,-0.0020561862229485687,0.4,0.6,0.8883116934588595,0.0019805343998802647,0.8340926813418662,0.863246403285446,1268,252,1.6748575497171931,7.31174722324835e-05,3.3160944511321105e-05,4.107128973367475e-05
2020-02-20,-0.0028295773271999054,0.4,0.6,0.8941244813494398,0.0019795539532379944,0.831771525138013,0.8662481836205772,1268,252,2.304819911775033,7.30156212871308e-05,3.225131396878695e-05,4.036320537692513e-05
2020-02-21,-0.0032489285528573054,0.4,0.6,0.8979771172401813,0.0019494208822296005,0.8356419824701471,0.853772484354383,1268,252,2.6464006297259006,7.280138535072088e-05,3.1861157345405875e-05,4.0245826092476304e-05
2020-02-24,-0.005396826570776453,0.4,0.6,0.9162455809878437,0.001977610341939425,0.9009559876895683,0.8673655929353797,1268,252,4.395961623367702,0.00012936436331125356,4.939374256038812e-05,7.201896413957193e-05
2020-02-25,-0.004063794607716596,0.4057640697976976,0.5942359302023024,0.9319752224346852,0.0023642826284502655,0.8713208172995821,1.036957261197108,1268,252,3.310146232510967,0.00013051983645026046,6.21189021762914e-05,7.845637472147907e-05
2020-02-26,-0.004045060537799528,0.40855835524178163,0.5914416447582184,0.9453861287479252,0.002334610069878912,0.8752572406524537,1.023943091614079,1268,252,3.294886477296511,0.00013003968354301153,6.28378370027716e-05,7.911963550799273e-05
2020-02-27,-0.002464983882982212,0.44660386574625516,0.5533961342537448,1.0905937584884144,0.002985282026800162,0.8490174008893153,1.3093231059438741,1268,252,2.0078419066652926,0.0001407007893387266,0.00010006165054185627,0.0001007392444896443
2020-02-28,-0.003667570077462728,0.44481599201092004,0.55518400798908,1.0986697146647166,0.0030637499230892398,0.8483655173918646,1.3437385577382965,1268,252,2.987403263769931,0.0001558595321567963,0.00010077482028315345,0.0001063226293669813
2020-03-02,-0.0030776137642188404,0.4543432201694921,0.5456567798305079,1.1486708627006743,0.003126810440502857,0.8557058915852374,1.3713964445915954,1287,252,3.332296423037551,0.000161800026713611,0.00011526776645134504,0.00011686050415142361
2020-03-03,-0.002710787366152044,0.45842177588089744,0.5415782241191025,1.1650273315765698,0.0031089437828566275,0.8555882768661308,1.3635602577683117,1287,252,2.935113934329779,0.00015798660263413556,0.0001149566830220756,0.00011530338770320601
2020-03-04,-0.0020763395730906456,0.45304665802814675,0.5469533419718533,1.1302017956584147,0.0030954453343674886,0.8718227596906029,1.357639935888316,1287,252,2.248163500197189,0.0001826447025146634,0.00012456233367211863,0.00013149980556724375
2020-03-05,-0.0028196982492611346,0.4446666829741451,0.555333317025855,1.1081397508613282,0.0031371687099652707,0.8750848521620829,1.3759395066617703,1287,252,3.053037551137621,0.00020042797284900221,0.00012693918027912747,0.0001395812804307721
2020-03-06,-0.002451381608571089,0.4486070514451144,0.5513929485548856,1.1229003584659862,0.0031645675611275416,0.8775047708770831,1.387956444619733,1287,252,2.6542414973293,0.0002018458840972167,0.00013525444781824602,0.00014498905297993743
2020-03-09,-0.0016756946775931816,0.48823563997983993,0.51176436002016,1.307954150573384,0.0034636184555706523,0.9616210239596338,1.5191180040410528,1287,252,1.814363922194158,0.0006193242990705111,0.000608424561119255,0.0005902912945485987
2020-03-10,0.0013444321249595265,0.46270373339256743,0.5372962666074326,1.1139745736892914,0.006071530611597575,0.8999650273057106,2.662929413986118,1287,252,-1.4556883040703872,0.0008803157904333533,0.0006197614408878468,0.0006647481775665688
2020-03-11,-0.0005256248220049613,0.44673098860749666,0.5532690113925034,1.0830597315152444,0.00631903079960078,0.9010986658332902,2.7714812064026617,1287,252,0.5691220043888312,0.0010271841661664298,0.0006475719720746685,0.0007349207787421877
2020-03-12,-0.0004266879306150387,0.4616367664710979,0.5383632335289021,1.1512489076700718,0.006538991206349718,0.9347084678183311,2.8679542499421675,1287,252,0.4619977599114625,0.0015159277030440874,0.0011424313332056284,0.0012300718358854929
2020-03-13,0.0009042757378355035,0.4584715304670972,0.5415284695329028,1.103653640195593,0.006509910782695118,0.9541764787583598,2.855199786451019,1287,252,-0.9791075285867555,0.002215743688674495,0.00156348768585147,0.0017759703038577406
2020-03-16,-0.0014484659882323095,0.44917620507993744,0.5508237949200625,1.1229506377450922,0.006708749042121718,0.9613061657449883,2.942408808940584,1287,252,1.5683313116138191,0.0029193669194707947,0.0018802321257230827,0.0022522251484647406
2020-03-17,0.0023822460603368798,0.4386486138508605,0.5613513861491395,0.982293332372741,0.010073662109766401,0.9127879458721225,4.4182353437226505,1287,252,-2.5793847551467506,0.003059901811344108,0.001820970654198924,0.0021546419695767306
2020-03-18,-0.0007475101807493501,0.42666035718777734,0.5733396428122226,1.0099407537420044,0.010918161221723094,0.9010384751745424,4.788626546398791,1287,252,0.8093691061741983,0.003350171963756685,0.0018061796073590448,0.002216447012890059
2020-03-19,-0.0009102431109676884,0.42535604995270887,0.5746439500472911,1.0086992454555634,0.01079873752382159,0.9011304928590613,4.736248176229423,1287,252,0.9855687214675839,0.0032666553380168188,0.001781883339693447,0.002174097300827595
2020-03-20,-0.0019108881495956077,0.4241230764163199,0.57587692358368,1.032616235913073,0.010812330325531711,0.897914934862524,4.7422098807497335,1287,252,2.0690204273694897,0.003188556706182973,0.0017236267775260353,0.0021050086456844805
2020-03-23,-0.0011044430541741286,0.42712256758283496,0.572877432417165,1.0264729042045493,0.010975228453947026,0.8943097739503955,4.813655821714246,1287,252,1.1958393485438739,0.0031130381789072964,0.0017420712709071717,0.0020826349872521345
2020-03-24,-0.0014815210287999145,0.4421576779644625,0.5578423220355375,1.0972213315681463,0.011438248525920175,0.9084937190312984,5.016733076495448,1287,252,1.604121765480193,0.0036013506451759193,0.0023274713529190232,0.002630248644694674
2020-03-25,-0.00217053514492924,0.4488778802943741,0.551122119705626,1.1453793302943864,0.011540757514192564,0.9078284159504988,5.061692777356888,1287,252,2.3501540653399196,0.0035642091025196473,0.002392250066942926,0.002650871327246869
2020-03-26,-0.0016859586145276763,0.44979409465542053,0.5502059053445795,1.1355344756418,0.011358812802632231,0.909830854437722,4.981893142779118,1287,252,1.8254772336599265,0.0035372194840007382,0.0023627379037688663,0.0026302645952227016
2020-03-27,-0.0024655144259186587,0.4485802563100913,0.5514197436899086,1.1590979946072784,0.011214257332177806,0.9124840290069881,4.918492158933233,1287,252,2.6695438517840033,0.003580295229186001,0.00235638448331682,0.0026503777005798357
2020-03-30,-0.00032273274249571633,0.4419627827297943,0.5580372172702057,1.06655345432012,0.011787024678894097,0.9043386196351775,5.169703774671142,1287,252,0.34943993814914037,0.0037450651969460663,0.0023134537483963102,0.0026618965887436467
2020-03-31,-0.0020112969038758276,0.4420091839607205,0.5579908160392795,1.113793496385534,0.01234279869332912,0.8925087601180104,5.405678168501577,1287,252,2.177738336231117,0.0036249290620648505,0.002277355255250378,0.0025643519774918933
2020-04-01,-0.003316771470999249,0.4440451945093227,0.5559548054906773,1.1062709177283379,0.012327987963039336,0.8912625503185533,5.394698721502973,1309,252,1.390251257014078,0.003534228947696618,0.002267208622282322,0.0025228924701116966
2020-04-02,-0.00192122081548233,0.44388148063532396,0.556118519364676,1.0894535630523994,0.012146823538757876,0.8920516463416379,5.294380007643217,1309,252,0.8052950518539135,0.0034670039975431698,0.002210726241899192,0.0024696457027468073
2020-04-03,-0.005315715083171097,0.4422711601006265,0.5577288398993735,1.123441406731119,0.012274972062940762,0.886798327499755,5.316893931745152,1309,252,2.228124439963559,0.0034038697350512234,0.002138549177891257,0.0023926047022530773
2020-04-06,-0.0025509147831493223,0.43935736666445563,0.5606426333355443,1.077055372449765,0.01214849207496098,0.8921366260744059,5.247743796084322,1309,252,1.069236308505966,0.0035525747997730514,0.0021712342032795783,0.0024777433584732885
2020-04-07,-0.0059363477763371844,0.4381697923884756,0.5618302076115245,1.1107172867787785,0.012315763765751392,0.8857494192823724,5.3154440412550334,1309,252,2.4882675910255276,0.0034568648084097593,0.002103250740738797,0.0023883479574383394
2020-04-08,-0.00708557847371107,0.4386611483486323,0.5613388516513678,1.1275564818097932,0.012205003462849003,0.884623468902696,5.256722896262453,1309,252,2.9699768180835684,0.003347983269810886,0.002052813224003459,0.002319128509835314
2020-04-09,-0.003476404715194874,0.4360005983553813,0.5639994016446187,1.075671241902643,0.012281188009611513,0.8814013349623081,5.271044234097283,1309,252,1.4571628064966662,0.0033476670751136973,0.0019974038212665656,0.0022791755253184225
2020-04-13,-0.00398405952609686,0.4354673544047482,0.5645326455952517,1.0800206031297308,0.01208929573992541,0.8811668203675892,5.162700504815947,1309,252,1.6699503757207534,0.00323810315401551,0.0019323283107536044,0.0022041641477501773
2020-04-14,-0.0015550122969488283,0.43422266621209266,0.5657773337879073,1.0486801197008397,0.01201123531566428,0.8795360108116937,5.109044937673679,1309,252,0.6517958259735486,0.0031728649632269206,0.0018724290002216093,0.0021437893020913082
2020-04-15,-0.002773430495161039,0.43365335156097395,0.566346648439026,1.0616496841872942,0.011815055273142626,0.8821817547113816,5.017133919706934,1309,252,1.1625055466897085,0.0031461115614173437,0.0018493855861461792,0.0021279374850932016
2020-04-16,-0.0013651777351479481,0.43348440180630143,0.5665155981936986,1.0463473737852573,0.011681708131533828,0.8809881446966867,4.950144870870389,1309,252,0.572225152963364,0.0030452418203478298,0.0017896972059489034,0.0020566990001422234
2020-04-17,-0.003005150884913749,0.43605348475381567,0.5639465152461843,1.074143293825179,0.011728995502958951,0.8787665618251204,4.962153526715094,1309,252,1.2596329990771482,0.00296887427869569,0.0017926816551145433,0.002027313973563145
2020-04-20,-0.0058359149096289895,0.43518973640554265,0.5648102635944574,1.103300147362822,0.01173794707500953,0.8752963208758694,4.947645647048298,1309,252,2.4461703526696605,0.002911375773493413,0.0017349107396694634,0.001967174121818442
2020-04-21,-0.006585902022475145,0.43486420218306954,0.5651357978169305,1.1164996546070658,0.01154429816823402,0.8777601856518754,4.842290739019783,1309,252,2.7605334420460292,0.0028764517468748115,0.0017104043696135804,0.0019469456269108523
2020-04-22,-0.004675128927779866,0.43348720176926847,0.5665127982307315,1.0879902894906408,0.011407853592019481,0.8788306290511446,4.775195744811272,1309,252,1.9596176358182105,0.0028551839187315187,0.0016747923338586417,0.0019217757598775208
2020-04-23,-0.005509311133669531,0.4332075769949962,0.5667924230050039,1.0977815231928367,0.011250066649963327,0.8781904836870605,4.69631796797521,1309,252,2.3092717710087465,0.0027622722787291015,0.0016205964445685928,0.0018580586139752757
2020-04-24,-0.0048009199705215735,0.43298855657531676,0.5670114434246832,1.0893750603283596,0.011067308538455957,0.8786772752619328,4.607542442499859,1309,252,2.012343956224025,0.002686690372299532,0.0015734506904607826,0.001806611510022286
2020-04-27,-0.00517803889567985,0.43332320670052193,0.5666767932994781,1.0956802046397196,0.010907267423026088,0.8786849872251471,4.531537794861707,1309,252,2.1704163661953815,0.0026041774741638866,0.0015310275756561691,0.0017545267815536566
2020-04-28,-0.006358682660281888,0.4337174020336775,0.5662825979663225,1.1121959314039334,0.010805268703329032,0.8771637009969148,4.4684084734479175,1309,252,2.665292631315122,0.0025188036510933346,0.0014863571445434707,0.0016972249047019783
2020-04-29,-0.007248271746405153,0.435965733969468,0.564034266030532,1.1323554851922362,0.010744541600141369,0.8776482717332263,4.422476922317669,1309,252,3.038171002955323,0.0024701172030203765,0.0014899004159308405,0.0016836736023036346
2020-04-30,-0.004087628851203907,0.4388611812336868,0.5611388187663132,1.1143867380112975,0.011003453296311139,0.8693652284907651,4.5114027215088415,1309,252,1.7133622856690718,0.002390444487819067,0.0014809135852947687,0.001635710554244353
2020-05-01,-0.0037764551987394513,0.4372261277425955,0.5627738722574045,1.1392158733095517,0.010937397494230203,0.869501921563132,4.462788357930113,1330,252,2.6407468747351057,0.002393416909821977,0.0014497035188832208,0.0016196430813703315
2020-05-04,-0.0029764076039892145,0.4362675928484457,0.5637324071515544,1.1197122525989196,0.010798543785849915,0.8690747990263082,4.390394944194257,1330,252,2.081300760775847,0.002333766564212554,0.0014048293096035132,0.0015736119434636602
2020-05-05,-0.002768041104444394,0.43603128645651723,0.5639687135434828,1.1157931523813134,0.010620275193597222,0.8692196459093124,4.298755002613081,1330,252,1.9355971436228765,0.002260588443447731,0.0013601772953253147,0.0015241862719186097
2020-05-06,-0.0031833693044082253,0.43567227398371194,0.564327726016288,1.1262741414157706,0.010459367240227524,0.869270440984644,4.211663182750194,1330,252,2.2260220496061223,0.0021973429675013465,0.0013179544592123473,0.0014792924405633663
2020-05-07,-0.0027045616457465377,0.43531241539766735,0.5646875846023327,1.11566552937397,0.010300052083344283,0.8692987635390939,4.130506388418152,1330,252,1.8912081138729153,0.0021348784663271264,0.0012767713955736417,0.0014351992951023612
2020-05-08,-0.002827374679111124,0.4356361488517595,0.5643638511482405,1.1204506014992592,0.010145525381638277,0.869609666763751,4.05761278015619,1330,252,1.9770870974611556,0.0020717614268235362,0.0012439206638567013,0.0013960165643607675
2020-05-11,-0.0027517974182820924,0.43570215051108074,0.5642978494889193,1.1210892193003696,0.00997795503037077,0.8696243981428661,3.981543784982338,1330,252,1.9242384855136545,0.0020040686503410327,0.0012032687745919992,0.001350421477090721
2020-05-12,-0.002807650820704762,0.43594287679290356,0.5640571232070964,1.1277832700816586,0.00981518753665419,0.8710605710595487,3.8790744271065525,1330,252,1.9632948730858462,0.0019586792326200062,0.0011782895668962859,0.0013232930485750718
2020-05-13,-0.0015647868092418704,0.4377228832661236,0.5622771167338765,1.1108364766931327,0.009952415224908636,0.8644019214481271,3.9011515488017325,1330,252,1.0942022766512582,0.001894780849098891,0.0011619227956165732,0.001282578197123917
2020-05-14,-0.0016846092759575408,0.43815667653463486,0.5618433234653651,1.1164397541107094,0.009794986205130385,0.8642906948225765,3.8374494710703266,1330,252,1.1779900585394365,0.0018328418752772968,0.001124752888578429,0.0012409403187921045
2020-05-15,-0.0014067695374094732,0.4381342191040468,0.5618657808959532,1.1107014203522625,0.009639619453048164,0.8642262641537527,3.7540262027330034,1330,252,0.9837061646134784,0.001775344509845513,0.0010882630377267429,0.0012012564171329208
2020-05-18,-0.0011272917224402154,0.4387002634812083,0.5612997365187917,1.105440680266371,0.009483929159160836,0.8693503694497938,3.668034749406204,1330,252,0.7882768194740969,0.0017813454918512773,0.001096858443035514,0.00121519007506291
2020-05-19,-0.0014063649371109752,0.43859196860320987,0.5614080313967902,1.1127933746662442,0.009333006863402372,0.8697092888171999,3.6031815561618643,1330,252,0.9834232413646783,0.001732018121477903,0.0010639797475060547,0.0011806386733733741
2020-05-20,-0.000513514848901538,0.4372934306863311,0.5627065693136689,1.0872703946019788,0.009257051497531376,0.8686805957684581,3.5700815973430675,1330,252,0.3590834952363393,0.0017024693515671095,0.0010326848522590568,0.0011518175063762466
2020-05-21,-0.0006358768765839941,0.43702951023462916,0.5629704897653709,1.0900265675826515,0.009103532628735705,0.8694056886379753,3.5029216893027537,1330,252,0.4446471058668994,0.0016559365651589936,0.0010042944629961585,0.0011211787546443282
2020-05-22,-0.0006857823839297952,0.43696138202526247,0.5630386179747375,1.0916101505574574,0.008953974225587321,0.8693869712154852,3.4217043962044427,1330,252,0.4795443323981405,0.0016019024929501725,0.0009713897510704526,0.0010844959253333037
2020-05-26,9.339998215254696e-06,0.43608053588359985,0.5639194641164001,1.0722338370133682,0.008814911634941013,0.8740196982571511,3.3498351371043946,1330,252,-0.006531143572204466,0.0016184421472345888,0.0009716908547435026,0.0010960588376920726
2020-05-27,0.00013512653403108742,0.43594097449690866,0.5640590255030913,1.0693109548287791,0.00866919585468621,0.8742721167484145,3.0879355740035503,1330,252,-0.09448939644656436,0.0015683405310055404,0.0009419359809301495,0.0010626188216674012
2020-05-28,0.0005781113170624817,0.43593216914983457,0.5640678308501654,1.06082142829144,0.00855133534579874,0.8735712222650079,2.8273401154560247,1330,252,-0.40425361177098723,0.00151723746448161,0.0009115903645316002,0.0010273654603831814
2020-05-29,-0.00012867430749174011,0.4349204375422564,0.5650795624577436,1.0713903878905189,0.008454964515587228,0.8734011522525017,2.745477018398171,1330,252,0.08997757354064145,0.0014896355561973237,0.0008859218719633309,0.0010033477646243924
2020-06-01,0.0012249046287111283,0.43116637266754876,0.5688336273324512,1.0259772977148045,0.008492914400681265,0.8716792407931567,2.7377117199512626,1350,252,-0.9553260902251486,0.0015126156271262682,0.0008681271036081975,0.0009988784702010215
2020-06-02,0.0011206387142699053,0.43100319975972934,0.5689968002402707,1.0274171677753656,0.00837831383401971,0.8716969533270534,2.6871853937520744,1350,252,-0.8740071482829559,0.001467817792831159,0.0008476270829833693,0.0009723083476312871
2020-06-03,0.0019530736845590206,0.4299112979825096,0.5700887020174904,1.0061184856938719,0.008293751798245586,0.8710761793050827,2.648077715145577,1350,252,-1.5232387920312243,0.0014399373045025099,0.0008227592290697749,0.0009481221887425692
2020-06-04,0.002093437328130199,0.4298480426985005,0.5701519573014995,1.0024293354322593,0.008162952162596122,0.8711017828639755,2.5906993918615857,1350,252,-1.6327110298524705,0.0013940355096050535,0.0007978299653487619,0.0009186730849652072
2020-06-05,0.0022289066286865695,0.4305693604195322,0.5694306395804678,1.0024810991177053,0.008042201048047867,0.8727165223084238,2.426667274511423,1350,252,-1.738366077774225,0.0013648767521223628,0.0007866462710857991,0.0009042940234180311
2020-06-08,0.002418769456678723,0.4307666853447824,0.5692333146552175,0.9992309145485452,0.00790981074412197,0.8731341849457703,1.6590848634673827,1350,252,-1.8864436577697279,0.0013242746856836408,0.0007635416337802411,0.0008779835766220236
2020-06-09,0.001976821872135604,0.43031538478660125,0.5696846152133987,1.0050344500634658,0.007788151888272925,0.874168723394225,1.2571104132915465,1350,252,-1.54176044886531,0.0012981957492693257,0.0007445509025052352,0.0008594340430455936
2020-06-10,0.0024187503032325167,0.43075628042321085,0.5692437195767892,0.9977782717328881,0.007708776156332218,0.8730092928118179,1.201778978707086,1350,252,-1.8864287196378524,0.0012562879314462305,0.0007246743776137754,0.0008329806512247116
2020-06-11,0.0015963628717514486,0.43232356308577935,0.5676764369142207,1.019731939049225,0.0075873620313928955,0.890654531051706,1.1629119504097496,1350,252,-1.2450333398246602,0.001405018472082063,0.0008187990155089444,0.0009552981892981102
2020-06-12,0.001644964683366876,0.43312154392952423,0.5668784560704758,1.021912268259996,0.007474930516550034,0.89125924068787,1.1284838585829782,1350,252,-1.2829388041196894,0.0013674460674720273,0.0008006912549848717,0.0009325920128518652
2020-06-15,0.0018651642827601702,0.4332295186663981,0.5667704813336019,1.0222322313401966,0.007352200772477652,0.8915192866162864,1.0457616120418725,1350,252,-1.454676601027917,0.0013264286691306037,0.0007761892497883162,0.0009045998359537211
2020-06-16,0.0017705997409075823,0.43356667897255013,0.5664333210274499,1.0253166821300432,0.007247938548634548,0.8913404476994754,0.9928588199365784,1350,252,-1.380923941494723,0.0012846109851631998,0.0007541834110095565,0.0008773399752749949
2020-06-17,0.0020255730678922224,0.4339422110745072,0.5660577889254927,1.0209502392217364,0.007151281045992917,0.8909047228555624,0.979618192499296,1350,252,-1.579782420653413,0.0012433025457093572,0.0007323122441566804,0.0008500957019966646
2020-06-18,0.0016619468116158946,0.43380737530922164,0.5661926246907784,1.0276807518581956,0.007065212425250064,0.8900026499968543,0.9678280829873416,1350,252,-1.2961834844021924,0.001204850631324388,0.0007083027993519744,0.0008221809002688215
2020-06-19,0.001322793456349915,0.4333883164681575,0.5666116835318424,1.0331069043697443,0.006963652238535429,0.8899563601600228,0.9539158614008288,1350,252,-1.031671422582399,0.001172574154924806,0.0006865812467093385,0.0007985182353761602
2020-06-22,0.0018786544408816463,0.4325644505540919,0.5674355494459081,1.0174646620129257,0.00687782356800039,0.8898081407902456,0.9421586214666964,1350,252,-1.4651978283240121,0.0011471283013040475,0.0006666507681114044,0.000778128933119786
2020-06-23,0.0018222156210299344,0.43238836039962975,0.5676116396003703,1.017515560404738,0.00676605268483891,0.8897400526652978,0.9268476876867898,1350,252,-1.421180134340285,0.0011096049921349856,0.0006447999887181514,0.0007525924425254997
2020-06-24,0.0015760358727900045,0.43287461159281126,0.5671253884071887,1.0241560015298448,0.006657521066763553,0.893066841404645,0.9119804846158687,1350,252,-1.2291799321481134,0.0011049587102423407,0.0006449608101095209,0.0007539172022839836
2020-06-25,0.0015285989709859368,0.43323886017493246,0.5667611398250676,1.0264157039823962,0.006558060590938725,0.8930644450109089,0.898355891913386,1350,252,-1.192183002860191,0.0010704975377703884,0.0006265476398775609,0.000731396175367347
2020-06-26,0.0016637236432752542,0.43462187842886685,0.5653781215711331,1.0285159888620785,0.006490519854716857,0.8937073177528889,0.8891038245547956,1350,252,-1.2975692687337532,0.001047157338185422,0.0006210474612324358,0.0007207151968899118
2020-06-29,0.0018595368853545013,0.4349667940382988,0.5650332059617011,1.025070046245118,0.006383829214799882,0.8947448151430236,0.8744888078661948,1350,252,-1.4502876882622286,0.0010226283412357597,0.0006067343991185048,0.0007047862324836119
2020-06-30,0.0014470054565549706,0.4359436958717235,0.5640563041282765,1.0379835653211116,0.00637394710875465,0.8921632530467194,0.873135107627055,1350,252,-1.1285466908551631,0.0009896081879940534,0.0005930087220595981,0.0006834496285686552
2020-07-01,0.001827885221468117,0.4359390857997058,0.5640609142002941,1.0294185386648729,0.006295362699903464,0.8913398272781954,0.8623702228375584,1372,252,-1.408666382529732,0.0009589445800998935,0.0005735658249278312,0.0006610460280449873
2020-07-02,0.00243916706473023,0.43505465543386956,0.5649453445661304,1.0116316039898359,0.0062585615661027065,0.8894657116153972,0.8573290197378672,1372,252,-1.8797529544549305,0.000936118962494654,0.00055515279761859,0.0006412110509824296
2020-07-06,0.0021548820907514757,0.4349496518386883,0.5650503481613117,1.0163851872106187,0.006186916331557404,0.8883920043459845,0.8475146977003094,1372,252,-1.6606677070888143,0.0009055820851893948,0.0005376042680995231,0.0006198689840194081
2020-07-07,0.001853144146236195,0.4345343047826089,0.5654656952173911,1.02041241305222,0.00609020522682114,0.8892818609845441,0.8342667275804055,1372,252,-1.428132264611245,0.0008866274522251328,0.0005241158257100505,0.0006062107837598601
2020-07-08,0.0015917252168744984,0.43469462738044895,0.565305372619551,1.026712391655527,0.0060277556678497825,0.8880329368862658,0.82571207510787,1372,252,-1.2266688175502942,0.0008575577168335139,0.0005083671854179631,0.0005863399806725677
2020-07-09,0.0016034241003262345,0.43508932003661666,0.5649106799633834,1.0277153974742341,0.005934290021441528,0.8886684872438233,0.8129086840781556,1372,252,-1.2356846045581666,0.0008342640826007103,0.0004963074744372576,0.000571830033028759
2020-07-10,0.0016252384676705204,0.43544746839546195,0.5645525316045381,1.028681138854998,0.005842089685218806,0.8889933285439053,0.8002786215568484,1372,252,-1.2524959259546866,0.0008096407394173221,0.0004829863959987633,0.0005559197808037231
2020-07-13,0.0012488076312894875,0.43479684277651787,0.5652031572234821,1.0344467146469196,0.0057686991183948716,0.8889191802230049,0.7902252151872516,1372,252,-0.9623981351691069,0.0007920889667162355,0.0004690478143168081,0.000541823474994905
2020-07-14,0.001059690328118775,0.43615651220457025,0.5638434877954297,1.044517810461257,0.005730079709578772,0.8884414696405035,0.7849349356951574,1372,252,-0.8166541988418047,0.0007716519531502306,0.000464012968970904,0.000531624039745333
2020-07-15,0.0014032448846971468,0.4359376570677914,0.5640623429322086,1.0358626802901545,0.0056417125588351935,0.8896999126025803,0.7728299620644199,1372,252,-1.0814157652317118,0.000758710743718134,0.00045378604894485465,0.0005220441516817555
2020-07-16,0.0010599936835681072,0.4352584500248281,0.5647415499751719,1.0407269292477686,0.00556542906775059,0.8898478537968643,0.7623802684817983,1372,252,-0.8168879808202422,0.0007420027521433402,0.0004409091919023451,0.000508971063159154
2020-07-17,0.0010915285373896124,0.43513775793154913,0.5648622420684508,1.0394991516810168,0.005473426565683427,0.8898983559243793,0.7497773062711398,1372,252,-0.8411904304131463,0.0007179876782197465,0.0004267089753374187,0.0004925664061559852
2020-07-20,0.0009813189458094376,0.43523029518111933,0.5647697048188807,1.042281398253334,0.00539196521638667,0.8896161222170886,0.7386183238114367,1372,252,-0.756257008517743,0.0006945173529702551,0.0004132843596048646,0.00047661606922282985
2020-07-21,0.0018458140381903297,0.43299866578821566,0.5670013342117843,1.013495890333236,0.005484424435125829,0.8830950532424116,0.7512838493527526,1372,252,-1.422483290231865,0.0006865310872093448,0.00039994096518426503,0.0004627383577884218
2020-07-22,0.001485915503764924,0.4323874849035345,0.5676125150964655,1.0182970161730849,0.00543717683039203,0.8812905661676301,0.7448116364930468,1372,252,-1.1451261779731448,0.000665081404894362,0.0003870180872438749,0.00044711800112075083
2020-07-23,0.001328001256341488,0.4323553912036094,0.5676446087963907,1.0212213681988418,0.005347322144480591,0.8828820766658916,0.7325028928659904,1372,252,-1.0234289898481643,0.0006518632126681456,0.0003795208123313152,0.00043913569005630306
2020-07-24,0.0011361687453700215,0.4321284613065516,0.5678715386934484,1.0242398702048805,0.005263657514371947,0.8830086958199955,0.7210420939970832,1372,252,-0.8755925687709537,0.0006331120953447437,0.00036776268303684415,0.0004260780047798965
2020-07-27,0.0011990288573525566,0.4325635811301049,0.567436418869895,1.0244035200230042,0.005181838050859968,0.8842994992457441,0.7098340552636904,1372,252,-0.9240359423000264,0.0006188601525628182,0.00036112857130574143,0.0004180483984476853
2020-07-28,0.0009046141139091491,0.4321209113970931,0.5678790886029069,1.029060411780155,0.005109016132699123,0.884428766813568,0.6998585452279,1372,252,-0.6971441513172533,0.0006040635026303359,0.00035057402051634045,0.00040699963793280826
2020-07-29,0.001023664885948519,0.4322239573426897,0.5677760426573103,1.026657340513431,0.005025331547472647,0.885742056289843,0.6883950128072929,1372,252,-0.7888910610337047,0.0005906401036537904,0.00034333838477396936,0.00039886865777618056
2020-07-30,0.0009134647794684144,0.43229608600565683,0.5677039139943432,1.0293131210071391,0.004942385253504349,0.8866124270695658,0.6770326152103939,1372,252,-0.7039649488651086,0.0005755844527089487,0.0003346822372557329,0.00038913892358160434
2020-07-31,0.0002611615760519753,0.4300947248924939,0.5699052751075061,1.0351704688896772,0.004953085647960475,0.8839516968204008,0.6784984086827415,1372,252,-0.20126511679842723,0.0005717642554095882,0.0003252473827966981,0.00038119214234900946
2020-08-03,0.0008315775221052988,0.42868687058532323,0.5713131294146767,1.017567149082739,0.004950058863271896,0.8806019642438127,0.6780837845997778,1394,252,-0.5930274591558916,0.0005579603605616287,0.00031459595660993783,0.00036894182458547034
2020-08-04,0.000450037354927024,0.42975036529838956,0.5702496347016104,1.0299198501527371,0.004956372380144462,0.8773683996083071,0.678948641671852,1394,252,-0.32093761798892984,0.0005402766249543791,0.00030914541417585294,0.0003585679610655774
2020-08-05,8.466557342461194e-05,0.43075812599702334,0.5692418740029767,1.0419772128931937,0.004941591039637402,0.874616848557566,0.6769238198284486,1394,252,-0.06037802676395151,0.0005226563791624109,0.0003017140431051833,0.0003473151512436547
2020-08-06,0.00023769365107842054,0.43084549075666195,0.5691545092433381,1.0392978585374828,0.004865259522678128,0.8744379563986935,0.6664675474216646,1394,252,-0.16950778274965664,0.0005061950553402286,0.00029187218802065735,0.0003361122234203668
2020-08-07,0.0003326749430944025,0.4317524271924694,0.5682475728075306,1.0415060802055547,0.004804852928940377,0.8747999094934144,0.6581927505297744,1394,252,-0.23724231473770288,0.0004926584638586458,0.0002866211705572284,0.00032872734813859533
2020-08-10,0.0005298506869210876,0.43167278429966255,0.5683272157003374,1.0370562037002875,0.0047302791969721395,0.8749968777232282,0.6479772682897658,1394,252,-0.37785533909252145,0.00047893047500842433,0.0002778682573244744,0.00031919950437234515
2020-08-11,0.0005985995698251744,0.43173374029287453,0.5682662597071255,1.0359400616394925,0.004655544956905616,0.8748847235651724,0.6377397988488467,1394,252,-0.4268826086670999,0.00046329401977771224,0.00026901597682682293,0.0003088646583406698
2020-08-12,0.0007577399019443674,0.43159922935748113,0.5684007706425189,1.0319364631378154,0.004579410941600587,0.875662092068773,0.6273105812050209,1394,252,-0.5403712303495888,0.00045149033171088335,0.00026171415428645457,0.0003010054660892745
2020-08-13,9.250694542534897e-05,0.4293560323239589,0.5706439676760411,1.0363882573196044,0.004592275153428886,0.8723687475189346,0.6290727851875126,1394,252,-0.0659699875737152,0.00044771151349542847,0.00025396291163040717,0.00029416051615453086
2020-08-14,0.00022215492761075954,0.4291292581246894,0.5708707418753106,1.032733384461136,0.0045291810445980026,0.8718180763488258,0.6204298390562182,1394,252,-0.158426567286757,0.00043311493459062317,0.00024630638990838,0.00028475102006306007
2020-08-17,4.6393263828198906e-05,0.43016552798159796,0.5698344720184021,1.0405709933845897,0.004484811239883989,0.871445213760992,0.6143518416154878,1394,252,-0.03308468379512302,0.00042082138471511,0.0002419939325140218,0.000278093749748931
2020-08-18,0.0003179131838811844,0.4304816761706033,0.5695183238293967,1.0363314794993757,0.004443427306558981,0.8696941200276536,0.6086828637496169,1394,252,-0.22671518007354904,0.0004071591989678869,0.00023449938030403668,0.0002687320772477679
2020-08-19,0.0006346752827511027,0.43130052768253596,0.5686994723174641,1.0333536307108888,0.004424266984615536,0.8670812461227306,0.606058187159615,1394,252,-0.4526094805521623,0.0003938723692688251,0.00022875698392985327,0.0002602703713816654
2020-08-20,0.00031757390955725214,0.4311643567841316,0.5688356432158683,1.039167996695486,0.004378931588877685,0.8655486073096531,0.5998479182380994,1394,252,-0.2264732315060012,0.0003819913952691463,0.0002212662687526025,0.0002516377875628171
2020-08-21,4.59054349314991e-06,0.43043467629483184,0.5695653237051681,1.0426068092134453,0.004317488324228454,0.8660581634331117,0.5914311129874286,1394,252,-0.0032736795686771677,0.00037427695538145005,0.00021522830654850588,0.00024580646320404744
2020-08-24,0.00032205692030443415,0.4297573046539126,0.5702426953460874,1.0331274193999826,0.0042753556753909044,0.8645008049117205,0.5856595723314261,1394,252,-0.22967022565519285,0.00036382079938491736,0.00020818881188343203,0.0002379237833646782
2020-08-25,-1.9903007407666842e-05,0.4293934235494834,0.5706065764505166,1.0385733885783526,0.0042406363000652165,0.8623297141426972,0.5809035389043364,1394,252,0.014193541310072826,0.0003526517474498056,0.0002014617716945204,0.00022984904085971103
2020-08-26,-0.0004524535657841997,0.43119751944796353,0.5688024805520364,1.0549091328088975,0.004268598977154232,0.8575679533672629,0.5847340060627669,1394,252,0.32266070374741473,0.0003414841372762411,0.0001990955520897315,0.00022360658529822715
2020-08-27,-0.0004018722947404911,0.43178786594602514,0.5682121340539749,1.0566418086296439,0.004203860608928201,0.8574861562977848,0.5758658210677898,1394,252,0.2865894032966941,0.0003305558265839781,0.0001931548816989107,0.00021667178941855148
2020-08-28,-0.00015710292337468254,0.4319862063036646,0.5680137936963354,1.0527206871497494,0.004161367957326713,0.8557820465704893,0.5700449654352627,1394,252,0.11203567316127323,0.0003198488065896096,0.00018713053760366038,0.00020936682693851647
2020-08-31,9.68072965831441e-07,0.4332144902085424,0.5667855097914576,1.055511345930904,0.004118548256829926,0.855694980545733,0.5641793090117151,1394,252,-0.0006903672068373115,0.0003110139025131125,0.00018415954037398743,0.0002047887037153766
2020-09-01,-0.00038702663709436745,0.43368360091308794,0.566316399086912,1.065553336541743,0.004106879576247512,0.852025367023911,0.5625808748699886,1415,252,0.2699037474958223,0.00030103832809560277,0.00017881630741119735,0.0001976819347333743
2020-09-02,0.00032911758260815966,0.43106076687467876,0.5689392331253212,1.0403433152500847,0.004171222129308933,0.8439681215025924,0.5713948391269433,1415,252,-0.22951926404757778,0.0002986956417888712,0.00017301066786908095,0.00019185668091376977
2020-09-03,-2.692463934224765e-05,0.43066059332982193,0.569339406670178,1.0464752087083657,0.004101953727290895,0.8572443238678842,0.5619061074793112,1415,252,0.01877664316080185,0.0003161420802793682,0.00018270288934349568,0.0002060243152098728
2020-09-04,-0.0002649003634432021,0.43019848047906284,0.5698015195209372,1.0497026036989765,0.004035658080413217,0.8595859694234592,0.5528245986772942,1415,252,0.1847356072003193,0.00031189469270554305,0.00017943919296129816,0.0002033536463305644
2020-09-08,0.0004327369665517671,0.43803714752132744,0.5619628524786726,1.0704714692494333,0.0042578237829762125,0.8475205721012526,0.5832579661509507,1415,252,-0.30178111209388914,0.0003052424021292821,0.00019081383779924685,0.0002045396993776465
2020-09-09,0.00021389093873249972,0.44490037240649655,0.5550996275935034,1.105015403361544,0.004266117837453332,0.8524017091577882,0.5843941271552675,1415,252,-0.14916277172215642,0.00030760530848612474,0.00020240542103382433,0.00021269255821995697
2020-09-10,-0.00031219065231824044,0.443390359107074,0.556609640892926,1.1100368306385595,0.00422132642244526,0.8594658515360526,0.5782583754308572,1415,252,0.21771480026919499,0.00032159222773599233,0.00020519609402171413,0.00022078315887113603
2020-09-11,5.9171677627847734e-05,0.44210357547340867,0.5578964245265914,1.0964483118857415,0.004188705140656297,0.8576442572583998,0.5737897493346951,1415,252,-0.041265008675557234,0.00031424351937139,0.00019863457887729833,0.00021427316074542496
2020-09-14,3.7369820074378204e-05,0.4423407124788283,0.5576592875211717,1.0979300714999485,0.004123925118368839,0.8587884220881352,0.5649158583583556,1415,252,-0.02606087931580789,0.00030629002640114226,0.00019453153905466358,0.00020962719340004174
2020-09-15,0.0003536300177592515,0.4418676984634451,0.5581323015365549,1.0893467647578698,0.004084478212592688,0.8570985003066504,0.5673193864085051,1415,252,-0.2466136897883953,0.0002976958206186273,0.0001881601699889151,0.0002028527746251777
2020-09-16,0.000858060409912657,0.44319612088303706,0.5568038791169629,1.0848413920589846,0.004130238975505014,0.8502244986929268,0.5810489040577596,1415,252,-0.598392198407674,0.0002879355062527962,0.00018489955764742165,0.00019617748475741448
2020-09-17,0.0005095075587978575,0.4428280051022897,0.5571719948977103,1.09013720623484,0.004093529457504811,0.8483185641489273,0.5835867057826801,1415,252,-0.3553192114357214,0.0002801859082884885,0.00017885170202837516,0.00018990161326683984
2020-09-18,0.0003160443714682878,0.4424394413184023,0.5575605586815977,1.092331720239634,0.004026860650308474,0.8506875865236795,0.5818542338392886,1415,252,-0.22040229808123987,0.00027599364392546675,0.00017553005977300222,0.00018723860038346633
2020-09-21,3.310294184736516e-05,0.4420286111654542,0.5579713888345458,1.096994453036713,0.003960650347595454,0.8600377897424915,0.5805755306189089,1415,252,-0.023085253575354396,0.00028567413640250705,0.00018069308273233417,0.00019539964017073548
2020-09-22,-1.681327099623057e-05,0.4429980812608072,0.5570019187391928,1.1020830759896967,0.003905404368076286,0.8621065638653782,0.5818725237174746,1415,252,0.011725200321131828,0.00028036979374080907,0.00017913850007757255,0.0001932061869747458
2020-09-23,0.0004701943903653342,0.45024260756924595,0.549757392430754,1.1247438305568886,0.004017978333625107,0.8581610658507002,0.608066816534459,1415,252,-0.327903084304179,0.0002774358285617569,0.0001903645564603061,0.00019721644483030912
2020-09-24,9.648523614038914e-05,0.45258740807928505,0.5474125919207149,1.143628884383094,0.0040157347534516405,0.8542876813667474,0.6155052298870788,1415,252,-0.0672866524325578,0.00026833999102117743,0.00018584863042137798,0.0001907772248131968
2020-09-25,0.0006373685017221746,0.4502367849786063,0.5497632150213937,1.120927341239836,0.004025820839516142,0.85133072130485,0.6254018463812334,1415,252,-0.44448658222112847,0.0002682809814294062,0.0001807495803035765,0.0001874700510715403
2020-09-28,0.00040719245563937564,0.45200808140223386,0.5479919185977662,1.133647122223222,0.0040030278725484095,0.8513839657764984,0.6275431973450838,1415,252,-0.28396693972848347,0.0002621764042222623,0.0001806394983019983,0.00018528003640469508
2020-09-29,0.000112541051175843,0.4514511317282886,0.5485488682717115,1.137262491334092,0.003951513864572196,0.8516934315733425,0.6237930754320588,1415,252,-0.07848361985501492,0.00025726358449210877,0.00017562939666395912,0.00018103854927839375
2020-09-30,-0.0002105760998166642,0.45078386175976104,0.549216138240239,1.1408464813232597,0.003910808997094942,0.8501778492540808,0.6230416743368014,1415,252,0.14685107697048266,0.00025015668926977035,0.00016989149508632817,0.0001752676101730802
2020-10-01,-9.135696024023793e-05,0.4503752113667002,0.5496247886332998,1.1363930445719492,0.0038475770890005947,0.8512432447545261,0.6183092558822483,1436,252,0.06458625337378258,0.00024426085187310417,0.0001654048125974151,0.00017110184121175024
2020-10-02,-0.00011316843567436706,0.45029887160108467,0.5497011283989153,1.1365215137917917,0.003783959592141969,0.851288748518608,0.6164245542652624,1436,252,0.08000622219871105,0.00023631951678976173,0.00016003781045076254,0.0001655533559555211
2020-10-05,-7.703870630098203e-05,0.45212414855820693,0.5478758514417931,1.143912815929483,0.003729747666670474,0.8600764169630936,0.615573477929062,1436,252,0.05446373644284344,0.00024181354362686397,0.0001665026926539934,0.00017257901302055356
2020-10-06,0.00010485375818145506,0.4553614676027803,0.5446385323972197,1.155462746200889,0.0037075695481402584,0.8623776151216901,0.619888879284144,1436,252,-0.07412802894593275,0.00023924972829584458,0.00016943552878363478,0.00017363027086001397
2020-10-07,0.00034835864916111045,0.45510947258341616,0.5448905274165838,1.1490058978151083,0.0036496958502183017,0.8682755057246294,0.6198332494585163,1436,252,-0.24627767737130124,0.00024350668363226294,0.0001707075276560604,0.00017702692633254246
2020-10-08,0.0003399713056814842,0.456175588526011,0.543824411473989,1.1538456640482762,0.0035961975129341866,0.8719325115268862,0.6194579151788423,1436,252,-0.24034811174561077,0.00024179789146779954,0.0001713021840795814,0.00017745595433446914
2020-10-09,0.0004020967979761374,0.45631280144978364,0.5436871985502163,1.1529191832651275,0.0035372126595060688,0.8722986118085638,0.6152327499161768,1436,252,-0.284268714792845,0.00023469638702080503,0.0001661282393441639,0.00017224241834903358
2020-10-12,0.000613613288577774,0.45596865452447355,0.5440313454755265,1.1468297679775583,0.0034910158917150816,0.8716662473542531,0.613978132789437,1436,252,-0.4338036557410403,0.0002279199830808178,0.00016075023134193677,0.0001668465515317469
2020-10-13,0.0006664717893283883,0.45679033413170333,0.5432096658682967,1.1493782156796617,0.0034415522003871527,0.8732138012793316,0.6141712695453122,1436,252,-0.4711728119986474,0.0002231743474206848,0.00015877024658274733,0.0001643717911225925
2020-10-14,0.0007614464872301899,0.4571941351639855,0.5428058648360146,1.1491153624912152,0.0033904351169984576,0.8730436898552777,0.6136615505564637,1436,252,-0.5383166824454498,0.00021601641933831662,0.00015404691765843906,0.00015925968986076433
2020-10-15,0.000827994826790367,0.4574731299273228,0.5425268700726772,1.1488201710660453,0.0033378470945431287,0.8730530231251502,0.6092156380473913,1436,252,-0.5853640875816928,0.00020915726337999348,0.00014944926485709498,0.00015435616768696463
2020-10-16,0.0009610965932683912,0.4577425676355899,0.54225743236441,1.1472202574461834,0.0032907601074809623,0.8726035723588598,0.6032223861541238,1436,252,-0.6794624944424477,0.00020233878774984673,0.00014489614132480607,0.00014941182432074766
2020-10-19,0.0010086423233978074,0.4586627460038477,0.5413372539961523,1.1502880087896235,0.0032430936926126953,0.874420557475812,0.5989567185661592,1436,252,-0.7130757031668272,0.00019846903038963525,0.000143316281301933,0.00014747367355952276
2020-10-20,0.0007094390760665846,0.4589994687892202,0.5410005312107797,1.1570960627334905,0.003221859470966399,0.8720568178299719,0.6000136438673738,1436,252,-0.5015492174828005,0.00019205879581746965,0.0001389493414929301,0.00014245907793125813
2020-10-21,0.0009383719030573121,0.45956395807933514,0.5404360419206649,1.1553279011258282,0.003189603022788839,0.8707462335742734,0.601189169206976,1436,252,-0.6633969139332679,0.00018580757226110522,0.0001351229709633635,0.00013797102852737485
2020-10-22,0.001273881233432801,0.45875930058951037,0.5412406994104897,1.1456798659418037,0.0031560751064103705,0.8700547895670413,0.6042939919318797,1436,252,-0.9005905614004838,0.00018182778193994424,0.00013103578425166805,0.00013429865979217143
2020-10-23,0.0015389353998301598,0.4580618498642894,0.5419381501357106,1.1379017785509244,0.003113498666230068,0.869822374957389,0.6051001424554759,1436,252,-1.087974812186628,0.00017714800311495167,0.00012698966332143488,0.00013046165740155055
2020-10-26,0.0017692938065170854,0.462386312817226,0.537613687182774,1.1535915618152839,0.0031075053165328967,0.8750374711737069,0.6132620301971378,1436,252,-1.2508303448350278,0.00017958008206022522,0.0001344890341515489,0.00013598755678261346
2020-10-27,0.0011263077595920817,0.4606028932717908,0.5393971067282092,1.155503501991677,0.003145689065722988,0.8694570272094863,0.6302909981169809,1436,252,-0.7962611512749489,0.00017855655332523005,0.00013033138115700735,0.00013263572566786757
2020-10-28,0.0018167403842503356,0.4768083717731702,0.5231916282268299,1.2209634338949131,0.0033114391054954646,0.8796165252640374,0.6683390950551787,1436,252,-1.2843734561988498,0.0001966756915786767,0.000169062755094006,0.00016039568988151977
2020-10-29,0.0018240237817806059,0.48031168418521897,0.519688315814781,1.2381987984632088,0.0032573290356211343,0.8801964054293697,0.6578373226658659,1436,252,-1.2895225697100154,0.00019111031069154517,0.00016465087153222355,0.0001561362220851411
2020-10-30,0.0018707765864066728,0.4810637081540048,0.5189362918459952,1.241182950000578,0.0032036399685701736,0.8806412859733728,0.6476943272567462,1436,252,-1.322575207161761,0.0001855037683775994,0.0001598867996988583,0.00015166372384922675
2020-11-02,0.0012118322783580648,0.48463014886422967,0.5153698511357703,1.268153611281566,0.003245599706322869,0.8764180779813696,0.6567396784581345,1458,252,-0.9283923082334432,0.00018067063323678507,0.00016113829051035854,0.00014953900498559423
2020-11-03,0.0019724296828288403,0.47805698163799043,0.5219430183620095,1.223455673853934,0.0032564019082015096,0.8883990647606835,0.6641075822476139,1458,252,-1.511090749745285,0.00020912232639665307,0.00017330260214237363,0.00016912617829917533
2020-11-04,0.0015867795288698405,0.47723622565343016,0.5227637743465698,1.2250689841080036,0.003241157476234794,0.8859571135112329,0.6703453537796896,1458,252,-1.215641748263259,0.0002022663840160122,0.0001685010039946662,0.00016355951016057993
2020-11-05,0.0022975112859568918,0.4726009075128103,0.5273990924871896,1.192823798717315,0.0032159562877637146,0.8983105382743175,0.674548867345862,1458,252,-1.7601378045911904,0.0002287079401551846,0.00018196542105826152,0.00018325741201286549
2020-11-06,0.0024583490335342868,0.4716948586993047,0.5283051413006953,1.1858366530308553,0.0031651279102860286,0.8981435487256528,0.6744485850991264,1458,252,-1.8833566116745957,0.00022121096271183473,0.00017604607538330934,0.00017724020820253093
2020-11-09,0.004625734633584556,0.4558461589565618,0.5441538410434382,1.0869815023780267,0.003545996754648342,0.882119560134664,0.7668827274625869,1458,252,-3.5438043122334077,0.0002602317271073983,0.00017732592065936603,0.00018949322447663728
2020-11-10,0.0033418853629609614,0.4532698835292704,0.5467301164707297,1.0883476550442552,0.0036914825525510998,0.8687111298196485,0.8049735924895361,1458,252,-2.5602393345840166,0.00025256313471519926,0.0001736431761635559,0.00018192367721700696
2020-11-11,0.003849677805860033,0.45174736810352484,0.5482526318964751,1.0745275808761805,0.003647017979766098,0.8688183108352814,0.8007863312556074,1458,252,-2.94926230961594,0.00024809782559706106,0.0001688745087081244,0.0001778371515742275
2020-11-12,0.003398885514377448,0.4514591044115177,0.5485408955884823,1.076196686201022,0.0035865914014764186,0.8766818886524671,0.7957831088120417,1458,252,-2.6039075080501566,0.000255439208996595,0.0001736441697557584,0.0001846358023290595
2020-11-13,0.0039516387499786655,0.45024837947739293,0.5497516205226071,1.0626004761407475,0.003558214077979482,0.8754935317957807,0.7970696704552281,1458,252,-3.027375228334539,0.000250552586910419,0.00016840101119972836,0.000179835213515759
2020-11-16,0.003541244833458781,0.4534777676142789,0.5465222323857211,1.0799299404332205,0.0035639008503021746,0.8757074562754873,0.8037942520975516,1458,252,-2.7129698751786617,0.0002470996454337718,0.00017196932139511786,0.00018051803499637953
2020-11-17,0.0031328169873010435,0.4542508024622675,0.5457491975377324,1.0865477648152335,0.0035279495236991195,0.8742212961795572,0.8015153797216196,1458,252,-2.4000707408570743,0.00023905612652688087,0.00016661218355536428,0.00017447158198540083
2020-11-18,0.003340774997299326,0.45478125189477314,0.5452187481052269,1.0844748797362103,0.003483869082452615,0.8735097825865076,0.8012191493196344,1458,252,-2.559388676487184,0.000231316382586007,0.00016184289695397291,0.0001690120972542185
2020-11-19,0.0034737490647483234,0.45470808411701874,0.5452919158829812,1.0804536061970453,0.003429154977685361,0.8735476599596694,0.7981420302375474,1458,252,-2.6612609434822763,0.0002243876661574248,0.0001567097478224615,0.00016380762034284282
2020-11-20,0.0031060661734262376,0.45477839429117417,0.5452216057088258,1.0836199711932235,0.003392307767353834,0.8721677653631764,0.7940837481723545,1458,252,-2.3795767745847747,0.00021709459574692584,0.00015178371206798436,0.0001583204890058683
2020-11-23,0.0025331840713562906,0.45504036037870466,0.5449596396212953,1.0912450148383939,0.0034006416522162166,0.8675640955180017,0.7968961890793754,1458,252,-1.9406882034642137,0.0002102084243543067,0.00014745620006519699,0.00015274188561442104
2020-11-24,0.0031711492715639396,0.45218740298016596,0.547812597019834,1.0694425102619651,0.003365218959194975,0.8744920286830521,0.7895922119244623,1458,252,-2.4294373442247523,0.00022078399366696967,0.00015023832278405948,0.00015926854435185787
2020-11-25,0.0029367236632176622,0.4514705417855879,0.5485294582144121,1.0679003924547843,0.0033159189450799064,0.8740608116730062,0.7803575971832312,1458,252,-2.2498424155135672,0.00021382387821457452,0.00014531485379409116,0.00015407236710677445
2020-11-27,0.002174381819670784,0.4498764683976326,0.5501235316023674,1.0704761294266796,0.0033615235119209635,0.8669917827191187,0.7945020847181595,1458,252,-1.6658075482855939,0.0002095703377525743,0.0001405671005763648,0.0001488064415470968
2020-11-30,0.0007813839917382402,0.43966129764328526,0.5603387023567148,1.0457194458686845,0.0035367261519854095,0.85760178421383,0.8395602706065644,1458,252,-0.5986231763767069,0.00022850416594827702,0.00013906014330138797,0.00015287415633535956
2020-12-01,0.001429614305037431,0.43333962758252886,0.5666603724174711,1.005001790925491,0.0036184127441557896,0.8488596186616209,0.8622899961992985,1478,252,-1.3855679466532647,0.00023070799948601833,0.00013486091885183085,0.00014973049418520542
2020-12-02,0.0012234861139705081,0.4324825718838993,0.5675174281161006,1.0045043960837825,0.0035795977227371656,0.8474074654122234,0.8563705417863171,1478,252,-1.1857905567393674,0.00022316703299356965,0.0001310964783133358,0.00014494485965287334
2020-12-03,0.0010767140657670755,0.43271371883041193,0.567286281169588,1.0075724790728158,0.0035342652566709475,0.8466279208287225,0.8482993210813127,1478,252,-1.0435405493501368,0.00021593956217829348,0.00012739985796104915,0.00014042459081796865
2020-12-04,0.0006829256250444473,0.4361963033974507,0.5638036966025493,1.0287112258228792,0.0035802154419323274,0.8412247087965373,0.8635757751024076,1478,252,-0.6618847144125053,0.00020981390762222826,0.0001283048799515677,0.00013802277154082162
2020-12-07,0.0004834124056560577,0.43653052069596493,0.5634694793040351,1.03339806831442,0.0035274767458926986,0.8411945323048952,0.8547144703630867,1478,252,-0.4685184891697357,0.00020403540189571656,0.00012429097875626393,0.00013395810923799348
2020-12-08,0.000743854388552125,0.43635118924751526,0.5636488107524847,1.0279540331880508,0.003488536732869991,0.8395910618069473,0.8464781320050951,1478,252,-0.7209362652035034,0.00019778738608878222,0.00012023503776690792,0.00012947401747956443
2020-12-09,0.00097208723814358,0.437069864187978,0.562930135812022,1.0266026419553727,0.0034591411197012665,0.8377224300704845,0.8410847897274842,1478,252,-0.9421372700150604,0.00019137867413788754,0.00011727671245699347,0.0001255026240221536
2020-12-10,0.0008756167277019931,0.4377126848028094,0.5622873151971906,1.0306471907943964,0.003410992177542357,0.8375968945374773,0.8310540734386829,1478,252,-0.848639012062443,0.00018542409467833094,0.00011419287779760203,0.00012188146087359135
2020-12-11,0.0008784740637716968,0.43864335644024915,0.5613566435597508,1.0340783854856488,0.0033603652500565824,0.839519494215045,0.8200529912112432,1478,252,-0.8514083137244699,0.000181351898157533,0.00011252366399922752,0.00011992611655939246
2020-12-14,0.0014937240832731836,0.4419232934860656,0.5580767065139344,1.0322450066581716,0.0034782679320125064,0.825541654941499,0.8506394399043252,1478,252,-1.4477025052384085,0.0001754061064495654,0.00011260038009687255,0.00011601957604852381
2020-12-15,0.0014941812784758004,0.4435909110882469,0.5564090889117531,1.0387454376122682,0.0034272797025614796,0.828333854298125,0.8441433933845395,1478,252,-1.4481456142754945,0.00017217308859341772,0.0001115373067628005,0.00011478843198172948
2020-12-16,0.0016534065920435835,0.44423458590805226,0.5557654140919477,1.0377492527734793,0.0033839532222204984,0.8272942403911575,0.8394283065231638,1478,252,-1.6024652024315176,0.00016653269989066495,0.00010822667513754388,0.0001110649231909194
2020-12-17,0.0019912043797274464,0.44289463749619523,0.5571053625038047,1.0254062158666397,0.003348922502613996,0.8272143364367419,0.8317533747847101,1478,252,-1.9298554540650803,0.0001643329448318633,0.0001052527454049666,0.00010879203183746972
2020-12-18,0.001829192648611517,0.443671123287051,0.5563288767129491,1.0298660067992995,0.003295821000436837,0.8362527296508987,0.8194687434370045,1478,252,-1.7728352977718334,0.0001671759045184236,0.00010797655923734717,0.0001123541533170842
2020-12-21,0.0017218454674425047,0.4443610928385103,0.5556389071614898,1.033264609813169,0.0032427115367558526,0.8403829690408149,0.8072759137918849,1478,252,-1.6687954788729378,0.00016561197169544695,0.00010743092409970738,0.00011209539253313966
2020-12-22,0.0013904096297907838,0.4431579639571042,0.5568420360428958,1.0334160708301452,0.0032136796110047777,0.8393874070790127,0.8015400282793601,1478,252,-1.347571165850709,0.00016281893199055964,0.00010423821384747499,0.00010935241552067817
2020-12-23,0.001643688855011949,0.441950860797654,0.558049139202346,1.02328904260703,0.003169142178761895,0.8405123884275282,0.7958991036944847,1478,252,-1.593046868481169,0.00016032770664896375,0.00010164198440883992,0.00010729635702650886
2020-12-24,0.0013826662365985698,0.4417359388524018,0.5582640611475982,1.0265978531507232,0.0031479553679737604,0.837563140789299,0.7957254888953658,1478,252,-1.340066346286677,0.00015524667674624612,9.852262761108943e-05,0.0001035849607841992
2020-12-28,0.0019491957937414434,0.44386236431101683,0.5561376356889831,1.0237788250784088,0.0032646887021880833,0.8219712064534639,0.8304641667935356,1478,252,-1.889141150898598,0.00015027548216170976,9.779100936511407e-05,9.964376618041765e-05
2020-12-29,0.0015440859251573402,0.44326546860792676,0.5567345313920733,1.0278006027645472,0.003266106529357848,0.8165787788373812,0.8357260419505699,1478,252,-1.4965127008297854,0.00014670262935699522,9.46075389346685e-05,9.620107183452517e-05
2020-12-30,0.0015840452692125143,0.4431118344070116,0.5568881655929885,1.0255814366608296,0.003212119895965069,0.8168868015773144,0.8286153949286342,1478,252,-1.5352408991256812,0.00014216398329977925,9.164782115036346e-05,9.324332315150427e-05
2020-12-31,0.0015717806459037446,0.4441792251878263,0.5558207748121737,1.0290401189909875,0.003165068013626952,0.820205105532185,0.8294706940078785,1478,252,-1.5233541483604367,0.00013979578223599696,9.103489346505094e-05,9.252805790462933e-05
2021-01-04,0.0016572013474353989,0.4444811467755393,0.5555188532244607,1.0301988851524235,0.0031140990841088986,0.8201796753275157,0.8289114752125939,1500,252,-1.4823044972201915,0.0001352443198442121,8.814073165657665e-05,8.954819692362772e-05
2021-01-05,0.0013788520465017806,0.4518770550753378,0.5481229449246622,1.0662842107159383,0.00315460856626139,0.822628015042059,0.8483189502739718,1500,252,-1.2333314794209267,0.0001352793917689564,9.470791526010983e-05,9.311345787774687e-05
2021-01-06,0.0015944928689460456,0.4523512113493545,0.5476487886506455,1.0637518328985636,0.003108051274957831,0.8259370309241805,0.8401214730377202,1500,252,-1.4262141133797162,0.00013459062745208548,9.319087905098814e-05,9.249985484737295e-05
2021-01-07,0.0009776470704777548,0.45440627845617726,0.5455937215438227,1.083635509367391,0.0032271064909959474,0.8086647493866185,0.8791794215976408,1500,252,-0.8744686645988943,0.00013041489250224613,9.234399999087704e-05,8.874347838603269e-05
2021-01-08,0.0012879441308876595,0.4552295317328512,0.5447704682671488,1.0806385765139699,0.0032185861734206904,0.8038999258067627,0.8822015631734242,1500,252,-1.15201775592181,0.0001262468951289671,8.981405174985586e-05,8.560211323286742e-05
2021-01-11,0.0008775650537677836,0.4518230983149306,0.5481769016850694,1.072644817390465,0.003182001375560429,0.8164369041361651,0.8759291765272744,1500,252,-0.7849490514935592,0.00013449589595739437,9.218012443337695e-05,9.090667816514241e-05
2021-01-12,0.0008203890773874112,0.4516215832083247,0.5483784167916753,1.072603383827656,0.0031340135113883316,0.8169693688775729,0.8687963451132954,1500,252,-0.7338072834442273,0.0001305271911261354,8.989706591344535e-05,8.849709777117639e-05
2021-01-13,0.0006782073473277062,0.4511559404771759,0.5488440595228241,1.0728454897878683,0.003084586986940931,0.8180535214190082,0.8588828166041245,1500,252,-0.6066310545471145,0.00012749883314308423,8.742869760115545e-05,8.63697829064821e-05
2021-01-14,0.0009372526524295595,0.449573980135427,0.550426019864573,1.0607846667528853,0.0030479175939010033,0.8190999378185357,0.850565017446828,1500,252,-0.8383373715438319,0.00012621977445683268,8.528072628361124e-05,8.498182198929678e-05
2021-01-15,0.0007630317321933754,0.44954117473849864,0.5504588252615014,1.0631692272585815,0.0029975619925053966,0.8300733955141602,0.8373296686838247,1500,252,-0.6825032877883558,0.00012992099802187367,8.784209499869778e-05,8.867628921022798e-05
2021-01-19,0.0008892647592129492,0.4493304322997668,0.5506695677002331,1.059400769600599,0.002954171621815628,0.8295150221596362,0.827093780900335,1500,252,-0.7954139995364503,0.00012590456798552844,8.496495941971104e-05,8.579558227990696e-05
2021-01-20,0.001332039360131759,0.44530242553022287,0.5546975744697771,1.0336648383573606,0.002948292853242393,0.8309973404232671,0.8279262221773003,1500,252,-1.1914592858937931,0.0001292761553430298,8.384333039606923e-05,8.651533786637947e-05
2021-01-21,0.0016377022448699444,0.44586528999376346,0.5541347100062366,1.0293682986761743,0.0029586895575806093,0.8254321217495652,0.8329396824745416,1500,252,-1.4648632807565065,0.0001250415759743705,8.23266239060757e-05,8.374882794094364e-05
2021-01-22,0.0018575009914879015,0.452074878135533,0.547925121864467,1.0496628517897546,0.002984256249635373,0.8271954734815864,0.8426282706457668,1500,252,-1.6614650220593143,0.0001243775845785543,8.69230603371614e-05,8.60095573687888e-05
2021-01-25,0.0018803100681522994,0.4533285006902259,0.5466714993097741,1.0533294605671446,0.0029353006708837817,0.8273382946033139,0.8298914506061155,1500,252,-1.681866886304356,0.00012043141259992276,8.413609057074374e-05,8.328066439031576e-05
2021-01-26,0.0020309887069006735,0.4544670461912549,0.5455329538087451,1.053666751505492,0.002908292773642003,0.8257428550051841,0.8225983049793133,1500,252,-1.8166432815790636,0.00011657246985106094,8.217082531197169e-05,8.081679959134479e-05
2021-01-27,0.0018320318865827066,0.4599310891178561,0.5400689108821439,1.078269360851284,0.002872449225338161,0.8636439322813552,0.8134698008115924,1500,252,-1.6386838622445654,0.00014180027054545768,0.00010457250068836719,0.00010516760957800616
2021-01-28,0.0015486620543339752,0.46427106687402814,0.5357289331259718,1.1023860577186497,0.002894382661432361,0.8603613540222724,0.8204699619374839,1500,252,-1.3852201673417952,0.00013814944254774252,0.0001052473226916611,0.00010374352282345845
2021-01-29,0.0008108057438427621,0.4538025931654184,0.5461974068345816,1.0704716184035792,0.002959319901844998,0.8704958676096575,0.843292158201556,1500,252,-0.7252353507496406,0.00016548086076846328,0.00011239291478054143,0.00011871622181029236
2021-02-01,0.0010894756846956395,0.4497889409023053,0.5502110590976947,1.046894329382189,0.0029204990230955285,0.8750664675899879,0.8368728427688155,1519,252,-0.9881456824723356,0.00016903014409470725,0.00011255339904668856,0.00012069865494832224
2021-02-02,0.0008064609396878266,0.454861071574656,0.5451389284253441,1.074206547197401,0.0029776262775342553,0.8731305313484308,0.8541173180111243,1519,252,-0.7314535852699953,0.00016759829597423864,0.0001184337548341542,0.0001230132020283339
2021-02-03,0.0008096123427992392,0.45592091606927115,0.5440790839307288,1.0781674612060812,0.0029287734712824753,0.873310307930671,0.8413432442359031,1519,252,-0.7343118825427263,0.00016231964988773368,0.00011473320857790462,0.0001191787166345856
2021-02-04,0.0005659785920677274,0.45620847858314456,0.5437915214168554,1.0839583785972737,0.002910565687781624,0.8708305417564876,0.8390930003075476,1519,252,-0.5133380303753506,0.00015712542291405028,0.00011119035813833187,0.00011510400806211043
2021-02-05,0.0005745209291731403,0.4568778736246495,0.5431221263753505,1.0863465633634048,0.002865055512535246,0.8732091111863042,0.8303674369051763,1519,252,-0.5210858614169356,0.0001546284757218234,0.00011004827693914543,0.00011390810304893586
2021-02-08,0.0002521968939791234,0.4602719442027728,0.5397280557972273,1.1076989921842244,0.002898183637466974,0.869068477527762,0.843634741622047,1519,252,-0.22874055421257408,0.00015051305296425704,0.00011073641574982956,0.00011219830896451998
2021-02-09,-0.0001716101348414696,0.46137931703453033,0.5386206829654696,1.121085194366619,0.00293503700576571,0.8618090036297883,0.8561408786468728,1519,252,0.15564901190012967,0.0001458299308373733,0.00010785891031457837,0.00010808424073520498
2021-02-10,-0.0004256463163427749,0.4612293611473511,0.538770638852649,1.1254050442409043,0.002908439991540111,0.8599382261737067,0.8506359625747865,1519,252,0.38605778510042443,0.00014154022117367598,0.00010432638216383112,0.00010449710605857922
2021-02-11,-9.532442994960521e-05,0.46046374487860553,0.5395362551213945,1.114916926053763,0.0029157676135699996,0.8549638147143629,0.8561140209362499,1519,252,0.08645849119170891,0.00013785716221044372,0.00010095219048754562,0.0001008603044367404
2021-02-12,-0.00019615820693451853,0.4603038259925207,0.5396961740074793,1.1159239391651463,0.002870348571437993,0.8546979574463663,0.8450964063323373,1519,252,0.17791391582824484,0.0001333557564804174,9.7656734703488e-05,9.753705740184735e-05
2021-02-16,-2.7124020053065128e-05,0.45956007920685743,0.5404399207931425,1.1088383632556207,0.002834516419741332,0.8542759153990379,0.8358024085744215,1519,252,0.024601268007387433,0.0001301563975546296,9.465078318398428e-05,9.481848857267957e-05
2021-02-17,4.545974140106614e-05,0.461056613878627,0.538943386121373,1.1135875370831563,0.002802404932332839,0.8561430344647343,0.8273529039098277,1519,252,-0.041231619780777086,0.0001277775308068501,9.442385404256016e-05,9.404039286676832e-05
2021-02-18,0.0003506429304171862,0.4619934689174693,0.5380065310825307,1.1111963375514164,0.002811430833531775,0.8509408096275372,0.8331187167733944,1519,252,-0.3180303173796724,0.00012364271132758568,9.201430126590322e-05,9.076350914247433e-05
2021-02-19,-0.00021501671540801115,0.4646690377160947,0.5353309622839053,1.1339987557552331,0.002917781626598511,0.8363996453012603,0.8675169709936771,1519,252,0.1950184313192497,0.00011962972474131773,9.142739846735596e-05,8.747250680984461e-05
2021-02-22,-0.00017392497079284688,0.4651445455212127,0.5348554544787874,1.1348807099763096,0.0028713778774305887,0.8362690543876988,0.8543366244537031,1519,252,0.15774854948790448,0.00011579827553444074,8.843545320247147e-05,8.462725908640328e-05
2021-02-23,0.0004613022692032111,0.46388699575299885,0.5361130042470011,1.1165536197138821,0.0029939021036519053,0.8178785546674431,0.8924649572408656,1519,252,-0.41839744753476327,0.0001138257916948647,8.600826588155101e-05,8.092435682363847e-05
2021-02-24,-5.404622382768524e-05,0.4698623093046212,0.5301376906953787,1.1532237320038086,0.003076725670471777,0.8088662759906698,0.9202427646915918,1519,252,0.049019490273599114,0.00011085042682494774,8.90975032096088e-05,8.03855857272207e-05
2021-02-25,-0.00015691201619469808,0.47375920123925985,0.5262407987607401,1.1725286602146836,0.003030007975117103,0.8394465630842486,0.9107648081021995,1519,252,0.14231793651653277,0.00012646919331775103,0.00010396127660456379,9.625454190608449e-05
2021-02-26,-0.0006474910014941676,0.46848279253337527,0.5315172074666248,1.156868605638784,0.00300528528130654,0.8637683558166304,0.9069331273102496,1519,252,0.5872691300539596,0.00015149648388955162,0.0001169693045772166,0.00011498323422237925
2021-03-01,0.00011029543376597641,0.4567433399762974,0.5432566600237025,1.0899599692606952,0.0030494175375568797,0.8783375594919594,0.923050550051442,1538,252,-0.08074518865772672,0.00018499039729283183,0.0001281206304937912,0.00013522144750321486
2021-03-02,-0.0008596989846902473,0.4560089868347963,0.5439910131652037,1.1000375878241015,0.003213864763668682,0.8618066317522719,0.9758825439210825,1538,252,0.6293692706713261,0.00017926839826131182,0.00012659677736344025,0.00012982939282719913
2021-03-03,-0.0007630588748587256,0.45715777914619743,0.5428422208538026,1.1034684591764676,0.0031748862112391694,0.8630989947251652,0.9684156738529738,1538,252,0.558620884869549,0.00017540111167675454,0.00012545022434078105,0.0001280302232260635
2021-03-04,-0.0004910326039577115,0.4600049438009161,0.5399950561990838,1.1118592020611648,0.003165262347812576,0.8629711210241714,0.9693344334311073,1538,252,0.359475627320946,0.00017175259820324042,0.0001260787892018195,0.00012698982800476367
2021-03-05,-0.0011832595947358314,0.4646054944262574,0.5353945055737426,1.1420902459259932,0.003233703868748943,0.8560242391118891,0.9916268243192979,1538,252,0.8662418374520471,0.00016690987830163915,0.00012763952276199981,0.00012494522642168715
2021-03-08,-0.002175901262491279,0.4634555465110821,0.5365444534889179,1.1506651347348855,0.0033337742514756978,0.8433184521702938,1.0223137640823194,1538,252,1.5929359171226314,0.00016463973367301728,0.00012355587667644465,0.00012027922847952022
2021-03-09,-0.002015856396890369,0.4626240511821102,0.5373759488178897,1.1444431803275092,0.0032813415445307813,0.8456251390470199,1.006235087497018,1538,252,1.4757701159157963,0.00016242786963100263,0.00012114106212252403,0.00011861888789533585
2021-03-10,-0.00323571427861941,0.4611676637123077,0.5388323362876923,1.155075276655276,0.0034687606229691337,0.8237633984538631,1.0637078163281137,1538,252,2.3688048629826377,0.00015980418310823766,0.0001180823911483754,0.00011315900826736335
2021-03-11,-0.0038546119180063293,0.4655925257659118,0.5344074742340882,1.1859675231062392,0.0035096456780735258,0.8197342363735579,1.0762453642919516,1538,252,2.8218880500722383,0.0001560052905445517,0.0001207904580449073,0.00011252759869758157
2021-03-12,-0.004306180858366387,0.4665020670403347,0.5334979329596653,1.1992861546021725,0.0034959710903436506,0.8155193252872576,1.0720520031943264,1538,252,3.152473080080891,0.00015120439894770478,0.0001171311347755205,0.00010853071031595875
2021-03-15,-0.004372390032507755,0.4670062331613823,0.5329937668386178,1.205549260388009,0.0034431757145187247,0.8154768283676519,1.0558621129035157,1538,252,3.200943556821208,0.00014639580015738188,0.00011375513352141029,0.00010523529826103827
2021-03-16,-0.004187358223217734,0.46746179062389737,0.5325382093761026,1.2079330711896337,0.0033907018901411902,0.8156310548891071,1.0397708275108573,1538,252,3.065485289523364,0.00014182924931221562,0.000110581203903983,0.00010214504687488806
2021-03-17,-0.0044955591186695175,0.46853504746063185,0.5314649525393682,1.2208803204050174,0.003368127689147581,0.8129319829683147,1.0328483682655403,1538,252,3.2911133014729512,0.0001372094623733674,0.00010803862495231613,9.897733716682008e-05
2021-03-18,-0.004322891651007636,0.4710756456765072,0.5289243543234927,1.2355283436695104,0.0033190088945356465,0.8284849002968843,1.017785914716178,1538,252,3.1647067334459136,0.000143732449578519,0.0001155402764806857,0.0001067649527802272
2021-03-19,-0.004431409564389984,0.47113461871184353,0.5288653812881565,1.2416899857174086,0.0032726353312030067,0.8281407249094566,1.003565296129447,1538,252,3.244150633248622,0.0001397874411953623,0.00011186444040195184,0.00010355814130894371
2021-03-22,-0.0034296669315131974,0.47106250882142536,0.5289374911785747,1.2266109352220553,0.003447013754174711,0.8053385980595663,1.0570390614523482,1538,252,2.5107939101611843,0.0001367899374138131,0.00010966500899945269,9.863694870501565e-05
2021-03-23,-0.003363547932740915,0.4721420419847908,0.5278579580152092,1.2336474894049556,0.0033927892054761554,0.8136655769613892,1.0404109102027104,1538,252,2.4623894490929614,0.00013773929320757742,0.00011149715969197059,0.00010083394766658205
2021-03-24,-0.00327783019387523,0.47242381962348307,0.5275761803765169,1.2355462142729925,0.0033381245916750154,0.8135782545039377,1.0236478114198782,1538,252,2.399637123274025,0.00013323108331102004,0.00010790929298011211,9.755095722060095e-05
2021-03-25,-0.0028392950462786167,0.4724601887661822,0.5275398112338179,1.2286658458577606,0.003343603015708399,0.8072978403023158,1.0253277896884512,1538,252,2.078593884975835,0.0001292803413774063,0.00010475948593274259,9.394998499603567e-05
2021-03-26,-0.0023647125145755893,0.4675239068314594,0.5324760931685406,1.195927910434852,0.003344151852032408,0.8095553499770255,1.0254960923046268,1538,252,1.7311610425851882,0.00013421429257117655,0.00010364256515622181,9.548057090493242e-05
2021-03-29,-0.002475852583626604,0.4662009035480723,0.5337990964519277,1.1927336700397662,0.0032903234749530057,0.8102884026629745,1.008989428494944,1538,252,1.812524572665662,0.00013066301927917842,0.00010060094609562835,9.290027514837104e-05
2021-03-30,-0.002671806560178912,0.46490437620620756,0.5350956237937925,1.191691788845377,0.003242859626839056,0.8123059955444412,0.9956995936144558,1538,252,1.9559787508188533,0.00012898673127114657,9.830232194780458e-05,9.146902828612217e-05
2021-03-31,-0.002694764239247172,0.4647435896969683,0.5352564103030317,1.1925925573884866,0.0031899037395763784,0.81254716182937,0.9812066894756438,1538,252,1.9727856308882805,0.00012490659448711547,9.529027391280149e-05,8.864730749384597e-05
2021-04-01,-0.0002487589631049143,0.46883052101087447,0.5311694789891255,1.2166570184019931,0.0031643000616580906,0.8216955803389457,0.9753273477761107,1561,252,2.0947448515255727,0.00012657388575295766,0.00010038965943656837,9.262484579536391e-05
2021-04-05,-0.00018982392638307018,0.4647811700666452,0.5352188299333548,1.1845462044466861,0.003254564613490009,0.8093931903510452,1.0031494519447945,1561,252,1.5984657900330757,0.00012833586537926446,9.721104837042408e-05,9.040477743457825e-05
2021-04-06,-0.0002241384738457113,0.46125437676572806,0.538745623234272,1.1770553424656867,0.003244027267152708,0.8075503152032926,1.0001439119982196,1561,252,1.8874210933219138,0.00012805707855790624,9.452870769765772e-05,8.884914362911782e-05
2021-04-07,-0.00020426396303738193,0.4605103790734929,0.5394896209265071,1.1702904939693037,0.0032075178857812873,0.8056547145063192,0.9890659792945948,1561,252,1.7200621822189641,0.00012397556337353727,9.153550848921247e-05,8.582460183729244e-05
2021-04-08,-0.00020374494478262185,0.460690864264945,0.539309135735055,1.1720437400289414,0.0031554918457393543,0.8075690459850559,0.9730806327288177,1561,252,1.7156916429489966,0.00012099051803686275,8.959627855906922e-05,8.408147426671115e-05
2021-04-09,-0.00020624599967702988,0.4607771577426952,0.5392228422573049,1.1742964406923746,0.0031043683928344157,0.8075021639499316,0.9575666586153146,1561,252,1.7367524795035951,0.00011703013770125571,8.670544054013203e-05,8.134216500906847e-05
2021-04-12,-0.0001985333152735108,0.46142709525774167,0.5385729047422583,1.177033072407489,0.0030579042663765946,0.808503774592433,0.944546640754135,1561,252,1.6718056500745815,0.00011378100934285536,8.480431994831473e-05,7.941927730070575e-05
2021-04-13,-0.00019069242813300885,0.461381414889507,0.538618585110493,1.176108740839833,0.0030087113526528187,0.8087715878362602,0.9313727489663137,1561,252,1.6057792534215596,0.00011040785934244191,8.214209153473228e-05,7.702093018084259e-05
2021-04-14,-0.00014891910779591053,0.45995152938988026,0.5400484706101197,1.1602770464065058,0.0030490308772377246,0.7983746829304077,0.9455875237120773,1561,252,1.254015254186846,0.00010824587767210851,7.95613930588209e-05,7.40906882485926e-05
2021-04-15,-8.855615257058782e-05,0.4511922859205079,0.548807714079492,1.1064145328597965,0.0031510464311008957,0.7871738387207717,0.9785181352619793,1561,252,0.7457120031084713,0.00011436686102939902,7.759573336540666e-05,7.415486931278304e-05
2021-04-16,-9.271687445562584e-05,0.4493304481152919,0.5506695518847081,1.0993548613902462,0.0030994586070475917,0.7870098591068541,0.9633811963304925,1561,252,0.780748532600827,0.00011063519709113871,7.505478197350493e-05,7.171599259711527e-05
2021-04-19,-7.934759051487226e-05,0.4514544124498152,0.5485455875501848,1.1061557325621694,0.003070921941468295,0.7895606733077863,0.9552122576674739,1561,252,0.6681687149575695,0.00010850705287645599,7.539035870568737e-05,7.141219751731124e-05
2021-04-20,-8.161200454134659e-05,0.45616466094839936,0.5438353390516006,1.128425448162705,0.0030318391977325284,0.8164824368990464,0.9433895811529286,1561,252,0.6872368504911578,0.00011887404794631229,8.566519882645026e-05,8.239343075032456e-05
2021-04-21,-7.422316715525955e-05,0.4586054878493463,0.5413945121506537,1.1379923153020546,0.002984459003391567,0.8310228526035166,0.9288988864823515,1561,252,0.6250170660054918,0.00012428001231573981,9.062984236212511e-05,8.819606784695887e-05
2021-04-22,-7.272114249310841e-05,0.45982770530773265,0.5401722946922674,1.1435537793788193,0.0029379242125019394,0.8341821061370902,0.9152928287809802,1561,252,0.6123688446564642,0.000122287677812132,8.976224418887733e-05,8.739751204244661e-05
2021-04-23,-4.217680349116717e-05,0.4575768045364153,0.5424231954635848,1.1261650459460377,0.0029232952315889744,0.8336044250748487,0.910735256715291,1561,252,0.3551616426768377,0.00012224407141088627,8.755633607573965e-05,8.624177850626404e-05
2021-04-26,-6.496366105693132e-05,0.45967760777176886,0.5403223922282312,1.141316668925258,0.0029289179175840704,0.8302941983198808,0.9124869711223199,1561,252,0.5470447892077215,0.00011868125529991517,8.722295103755734e-05,8.447699503691707e-05
2021-04-27,-9.611585785989081e-05,0.45847207181879385,0.5415279281812062,1.1435756492138716,0.002933589295406,0.8252529266955759,0.9139423111214744,1561,252,0.8093706288567197,0.00011656935310459354,8.437356461395425e-05,8.184317429302399e-05
2021-04-28,-0.0001336056374923701,0.4656001055557047,0.5343998944442954,1.1863726578021696,0.003014612691218334,0.8192499934921623,0.9391846685774408,1561,252,1.1250638681666278,0.0001144520602880902,8.911279859485781e-05,8.273671918909587e-05
2021-04-29,-0.00014932958340719172,0.4661103615438738,0.5338896384561262,1.193682722651142,0.002976865697844451,0.8192048404332031,0.9274248171162841,1561,252,1.2574717795826584,0.00011212551287895693,8.648361477295815e-05,8.06699240121975e-05
2021-04-30,-0.00017333169503639596,0.4627388356976331,0.5372611643023669,1.1851088022643972,0.0029430188771899647,0.8311990250703376,0.9180927826297218,1561,252,1.4595883149366538,0.00011961747477820402,8.902622797839754e-05,8.577511845587727e-05
2021-05-03,-0.0009066760408612207,0.45841452105315694,0.5415854789468431,1.1560137942952107,0.0029599449624047374,0.8273006679688174,0.9259168616093835,1582,252,1.1344080449409906,0.00012051856879404038,8.661287970753768e-05,8.452430275257054e-05
2021-05-04,-0.001017700759137877,0.456455957975221,0.543544042024779,1.1520352933053841,0.002922861046881466,0.8274897058987501,0.9174213972326897,1582,252,1.2733191090082763,0.00011833863902445002,8.415974323668542e-05,8.258060986310182e-05
2021-05-05,-0.0008557733508624134,0.4538443253897384,0.5461556746102616,1.1348127213965946,0.0028894016980438165,0.8312949467740942,0.9090617565878644,1582,252,1.0707200037427973,0.00011969953759721821,8.32423157757068e-05,8.2980004439656e-05
2021-05-06,-0.00105743397316261,0.45496545446397946,0.5450345455360206,1.148012496877255,0.0029156676924011445,0.8240494085655454,0.9191849446943144,1582,252,1.323032210060561,0.00011577499094485903,8.194812631754026e-05,8.026572706188423e-05
2021-05-07,-0.0010424793132234665,0.45608247799622015,0.5439175220037799,1.1534268552085782,0.002870002426877206,0.8292610211412048,0.9061632912254975,1582,252,1.304321352179937,0.00011510967309583097,8.211194034855399e-05,8.062139710204631e-05
2021-05-10,-0.000928955089563729,0.45651037111586806,0.543489628884132,1.1524034492861146,0.0028391286965156306,0.8274984455084284,0.8969837816502614,1582,252,1.1622829759447382,0.00011135661423786695,7.961303176097219e-05,7.791431860006534e-05
2021-05-11,-0.0009788967345804693,0.45636709281774857,0.5436329071822514,1.1547536725798357,0.0027924221479160207,0.8326111352312493,0.8822358355657821,1582,252,1.2247685841789244,0.00011119855613307197,7.92483486779314e-05,7.816042272907379e-05
2021-05-12,-0.0011653339269173276,0.4525045357081286,0.5474954642918715,1.1452104403382248,0.0027653697490971386,0.8431960852108819,0.873821751620157,1582,252,1.4580336549778063,0.00011893498786535748,8.145501854435325e-05,8.299316390308137e-05
2021-05-13,-0.0010614844415418015,0.4513777282546206,0.5486222717453795,1.1374291750511791,0.002730351184595998,0.8421470042245943,0.8640636351966166,1582,252,1.3281000443343878,0.00011539320130538863,7.878619713119237e-05,8.029769675612339e-05
2021-05-14,-0.0012166337828940145,0.4564911977251267,0.5435088022748733,1.1676147566054262,0.002757884791277286,0.8415282843169591,0.8741175611190767,1582,252,1.5222186192887532,0.00011396016275086739,8.204029828806338e-05,8.136897837239915e-05
2021-05-17,-0.0015408963082891058,0.45915264205994033,0.5408473579400597,1.1936660683387401,0.0028828307110357583,0.8233103115606164,0.9143636029061766,1582,252,1.9279269438758566,0.00011054446594879558,8.109619413455926e-05,7.79529032072171e-05
2021-05-18,-0.0016292978329146225,0.459170967379456,0.540829032620544,1.199307519839737,0.0028480514100437163,0.8221747070074447,0.90428658409404,1582,252,2.038532492275458,0.00010748566207615131,7.845646664668188e-05,7.550118237456029e-05
2021-05-19,-0.0017941281822860876,0.45492764486039383,0.5450723551396062,1.188631256084266,0.0028237370280984964,0.8327090504537868,0.8989974583844914,1582,252,2.2447636773410893,0.00011496326966860322,8.0340274488168e-05,8.002754495413927e-05
2021-05-20,-0.0013811644845765822,0.4426026244713634,0.5573973755286366,1.117178186166566,0.002923893298181109,0.8308019344436759,0.935928491521822,1582,252,1.7280748934340404,0.00012960674371462053,8.089926804697504e-05,8.507140292969787e-05
2021-05-21,-0.0015618513668524453,0.43788067371147305,0.5621193262885269,1.1044954183088034,0.0029062696499357215,0.8295237140789312,0.9341688908885956,1582,252,1.9541453349495657,0.00012874348337681374,7.867385223314569e-05,8.348465208229054e-05
2021-05-24,-0.0015304697621895587,0.43722648171858797,0.562773518281412,1.1021676185299805,0.002858635822828026,0.8314416997019958,0.9202970744711201,1582,252,1.9148815370897243,0.00012582540623771657,7.710442318750302e-05,8.189466656350292e-05
2021-05-25,-0.0012012742089540737,0.44009324685991885,0.5599067531400812,1.1051532294609057,0.0029858491828794968,0.8134830139539618,0.9625829936702894,1582,252,1.503001144182888,0.00012174554984528116,7.719817985432664e-05,7.886395757259264e-05
2021-05-26,-0.0012782695546025345,0.4411257818557693,0.5588742181442308,1.114059987125882,0.0029520562512348626,0.8120137289612748,0.9547330162327847,1582,252,1.599335596170459,0.00011775883144314241,7.501598558370547e-05,7.631976518791744e-05
2021-05-27,-0.001295193392429522,0.44203594853590006,0.5579640514641,1.1202028276224174,0.002908666151899926,0.8130880889661302,0.9441709303294304,1582,252,1.6205102350899738,0.00011455474128880045,7.345705753492581e-05,7.458661493416211e-05
2021-05-28,-0.001296162309691682,0.44220603981503886,0.5577939601849611,1.1227543756864615,0.0028607538397592037,0.8131417952322375,0.9306824399638639,1582,252,1.6217225176336179,0.00011085136274504095,7.106738739564151e-05,7.217253794060429e-05
2021-06-01,-0.0007294781131866938,0.4429043333078667,0.5570956666921333,1.1286023448580607,0.0028205281803931315,0.813465982889117,0.9204138230524009,1602,252,1.6594032712959417,0.00010755824861829139,6.940236499182456e-05,7.028269277810305e-05
2021-06-02,-0.0005901552014026134,0.44066910236224804,0.559330897637752,1.110311372829816,0.002853518646468274,0.8044752612703974,0.9344582578342082,1602,252,1.3424740976830107,0.00010627429055576388,6.712728951605559e-05,6.794794967516063e-05
2021-06-03,-0.0005625742295948903,0.4424092264024656,0.5575907735975344,1.1179881232568443,0.0028204784312925633,0.8088143332208173,0.9249823035151662,1602,252,1.279733414973119,0.00010498566126622465,6.769913574238027e-05,6.818759847758996e-05
2021-06-04,-0.0003961767996667582,0.4365987458742468,0.5634012541257531,1.0814545477518842,0.002867894361585211,0.8028789408324589,0.9407638510185978,1602,252,0.9012156300436174,0.00010878875009002307,6.610959595749992e-05,6.80885854382882e-05
2021-06-07,-0.0004153674867676234,0.4351878609766039,0.5648121390233961,1.0775162210546572,0.0028208993607766095,0.8033279803173032,0.9279645411666804,1602,252,0.9448702488429103,0.00010565422195974286,6.407743814852094e-05,6.609808725645738e-05
2021-06-08,-0.00035666394120865893,0.43549319243064816,0.5645068075693518,1.0758693007309341,0.00279520632701128,0.8010572474677848,0.922229230565466,1602,252,0.8113325130612675,0.00010219218969758879,6.238334917456853e-05,6.395974888865168e-05
2021-06-09,-0.0004210915406491373,0.43393888598501357,0.5660611140149865,1.0745319103493982,0.0027561436106385896,0.8060423104944718,0.9119326961205348,1602,252,0.9578912203626239,0.00010289160400028345,6.173455627670085e-05,6.424095278311916e-05
2021-06-10,-0.00029066409766685826,0.4309169744101813,0.5690830255898187,1.0616678721263144,0.0027759220197216103,0.7988054108386129,0.9217242836357654,1602,252,0.6611972940622363,0.00010203895752211284,5.9731076455936865e-05,6.236259452871731e-05
2021-06-11,-0.00026908671350839205,0.4306975931153692,0.5693024068846309,1.0601030035913082,0.0027340368733008457,0.7990044760117727,0.9092246104237915,1602,252,0.612113461098211,9.887453850904737e-05,5.811492694051068e-05,6.056689293517482e-05
2021-06-14,-0.0002955915120659747,0.4310223357710719,0.5689776642289281,1.0639142198888087,0.0026979851356464662,0.7981067784006923,0.8989018086189582,1602,252,0.6724060848746235,9.564728539826564e-05,5.6438466093818866e-05,5.863877979634533e-05
2021-06-15,-0.00032028848404681165,0.43083756710733717,0.5691624328926628,1.0655280024247338,0.0026560702652228493,0.7980741658140268,0.8866181028861884,1602,252,0.7285862983111526,9.281178041225125e-05,5.4629079728801274e-05,5.682726397084697e-05
2021-06-16,-0.0002653758369216667,0.4341528062771926,0.5658471937228073,1.0774189756690145,0.0026482503011039955,0.7987858288485159,0.8857392805178465,1602,252,0.6036720279200621,9.089763799358187e-05,5.528988149587396e-05,5.662777269125919e-05
2021-06-17,-0.00020571509315457423,0.44079160742145673,0.5592083925785433,1.1038935806926278,0.0026561746203755134,0.8037676659954592,0.8897948104198311,1602,252,0.467956875422094,9.080409921301376e-05,5.8478335887437674e-05,5.8570746784839794e-05
2021-06-18,-0.00038354474533034756,0.4315049767652989,0.568495023234701,1.0759495566075323,0.0026743849220562063,0.8240850555297488,0.8961341959477575,1602,252,0.8724804673154887,0.0001091543978358413,6.291640086349612e-05,6.829274870513769e-05
2021-06-21,-0.0003828984424610524,0.43326463075399857,0.5667353692460014,1.0840936819411775,0.0026483040758372126,0.8339204946402925,0.8884120288409911,1602,252,0.8710102695450974,0.00011130601564335172,6.639290898908936e-05,7.168772767001218e-05
2021-06-22,-0.0004633790693575597,0.4344807856400154,0.5655192143599845,1.0955952010286623,0.002652079637988658,0.8287735479648635,0.890782840569698,1602,252,1.0540861057269477,0.00010766687192161636,6.485808788658514e-05,6.925625433735482e-05
2021-06-23,-0.0005580365952877889,0.43257849644349,0.56742150355651,1.0946683858508641,0.002637872588553053,0.8273864081384004,0.8886497277790336,1602,252,1.2694112886789453,0.00010690824464062721,6.305457712996746e-05,6.793166987214221e-05
2021-06-24,-0.000435310609828045,0.43012878893739814,0.5698712110626019,1.0768688569914848,0.002653440521637473,0.8208758737862693,0.8965439399961014,1602,252,0.9902364949962771,0.00010536303004739685,6.0992385566119886e-05,6.580508090759265e-05
2021-06-25,-0.00046178408186836535,0.4298102033816764,0.5701897966183236,1.0780855440424695,0.0026158037594372703,0.8202038761487168,0.8840147273746184,1602,252,1.0504578577927046,0.00010191073181736839,5.9119231806237224e-05,6.366432936202172e-05
2021-06-28,-0.00043652947928408286,0.4320991627610081,0.5679008372389919,1.0879550536894094,0.0025900345612667056,0.8234892134343273,0.8760681107453885,1602,252,0.9930091566102032,0.00010048794546320572,5.962406694814402e-05,6.374200150959806e-05
2021-06-29,-0.0003612990382648196,0.4332136059267716,0.5667863940732284,1.089152759093741,0.0025808892594508543,0.8195750905972412,0.8739551926965724,1602,252,0.8218763458078967,9.720171295019649e-05,5.8102070386139124e-05,6.159160390158349e-05
2021-06-30,-0.000458450894195598,0.431315756558535,0.568684243441465,1.0880388115685184,0.0025716181258572976,0.8169786983845324,0.8716833801938678,1602,252,1.0428755843453614,9.62296903901295e-05,5.635474558011125e-05,6.01631440712705e-05
2021-07-01,-0.000636666945712175,0.43417964548579707,0.5658203545142029,1.1153035477274231,0.002788289824631364,0.7834413790914204,0.9465769092570948,1624,252,1.5195458867102862,9.346103528138014e-05,5.703886072605367e-05,5.7201474115330895e-05
2021-07-02,-0.0004540800901247382,0.43061958075501916,0.5693804192449808,1.0883129318880238,0.002884807634301483,0.764177950715686,0.9810697333078986,1624,252,1.0837621425661632,9.372483447419195e-05,5.520700278900452e-05,5.496913823787365e-05
2021-07-06,-0.0005231534520673037,0.428316385654327,0.5716836143456729,1.0843352263154145,0.00284013316890448,0.7759279685361445,0.9671460655077919,1624,252,1.2486209336938663,9.66178145936796e-05,5.5871824409241334e-05,5.7009395736389034e-05
2021-07-07,-0.00027207130096341237,0.42341314639495164,0.5765868536050484,1.0477355395902126,0.0030725876047880784,0.7351190138527356,1.046303407683185,1624,252,0.6493580812624299,9.741043879936188e-05,5.462190298384315e-05,5.362210009913231e-05
2021-07-08,-0.0002689841302239373,0.4280026722210425,0.5719973277789575,1.0687762308128856,0.003043789861048322,0.7582828838762476,1.0364969574581238,1624,252,0.641989868368176,0.0001019363009200028,5.996245332686388e-05,5.92837114422057e-05
2021-07-09,-0.0002433912934107646,0.4330156237472869,0.5669843762527131,1.0894369958797514,0.003005058239442175,0.7827259894102959,1.02330773948157,1624,252,0.5809069266973116,0.00010847835981912365,6.591812359683469e-05,6.618868113389433e-05
2021-07-12,-0.0002512265879730653,0.4340304858084278,0.5659695141915722,1.095332282117181,0.0029559681319616367,0.7828263672801322,1.0065911626587056,1624,252,0.5996075828307778,0.00010501848463130277,6.378427415204416e-05,6.407005956331426e-05
2021-07-13,-0.00027836744635354344,0.4339613323363947,0.5660386676636053,1.0978104833132725,0.0029078929358229864,0.7847001775486226,0.9907072117468625,1624,252,0.6643852189113016,0.00010269623469396902,6.216967512052087e-05,6.270039981605738e-05
2021-07-14,-0.00010182287376288533,0.43497046554836744,0.5650295344516325,1.0918830177706547,0.003007464411919159,0.7650330957060921,1.0246308057820879,1624,252,0.2430227139031671,9.98210776482837e-05,6.135227937786113e-05,5.986964756740026e-05
2021-07-15,-0.0001779101953849936,0.43327557475821044,0.5667244252417896,1.090146424344957,0.002970792015678312,0.7676758052243922,1.0121366706025328,1624,252,0.4246218645742403,9.957214274910616e-05,6.0031787058031936e-05,5.935228119613355e-05
2021-07-16,-7.667475329294983e-05,0.4390649020054963,0.5609350979945037,1.1108145377155223,0.002999285255001176,0.7667775332039306,1.0218442005240915,1624,252,0.1830011857306319,9.777408257408692e-05,6.258522407583224e-05,5.9981477587111914e-05
2021-07-19,-2.198369754363836e-05,0.45189384922787307,0.548106150772127,1.1679360132826715,0.0030101176935874883,0.7999644792637637,1.0255347679779538,1624,252,0.05246893592025831,0.00010829915991312883,7.700726156916938e-05,7.305485570752019e-05
2021-07-20,-8.01239932795014e-05,0.4613353131211096,0.5386646868788905,1.2176538623711373,0.003011198151398696,0.8107138489365162,1.0259028755283952,1624,252,0.19123355662587008,0.00011063149598532213,8.384857544939196e-05,7.80827011512142e-05
2021-07-21,-0.00014753946144780995,0.4703175687501269,0.5296824312498731,1.267230870074967,0.003009124233305099,0.8243818015114496,1.0251963001292161,1624,252,0.35213541912355506,0.00011492465587346312,9.308604089440579e-05,8.526627327510927e-05
2021-07-22,-0.00014168726153555942,0.4721799996948141,0.5278200003051858,1.2773327796907656,0.0029594112944494595,0.8244818895558567,1.0082593054982658,1624,252,0.338167855133062,0.00011121751214105488,9.00880126638345e-05,8.252797933043905e-05
2021-07-23,-0.00011093007982283816,0.4722807166717016,0.5277192833282984,1.276569666618086,0.0029111301013817156,0.8268433794421084,0.9920993268221864,1624,252,0.26475906695404555,0.00010925480920736729,8.823048287798722e-05,8.118071328273663e-05
2021-07-26,-6.638441285207384e-05,0.4722701643532202,0.5277298356467798,1.274692804214273,0.0028672779252574753,0.8263734612132402,0.9781746345332238,1624,252,0.1584410219038598,0.00010571506787809195,8.535026950841019e-05,7.849595117099646e-05
2021-07-27,-2.1666111178641003e-05,0.47265367358763416,0.5273463264123659,1.2749656363905342,0.002825165058737653,0.8262812239521649,0.9638077894310091,1624,252,0.05171094611435253,0.0001023752953235686,8.296607969566752e-05,7.615102487028412e-05
2021-07-28,-0.00022061647227303386,0.47424658822116733,0.5257534117788327,1.295710128169569,0.00291363617620383,0.8110385097180831,0.9939897966343927,1624,252,0.5265498000811506,9.925225694518498e-05,8.175879353383814e-05,7.305987226283079e-05
2021-07-29,-0.00025051491141036425,0.4760547483896079,0.5239452516103922,1.3073730156676302,0.00287184801661894,0.8161685910546538,0.9797337256167583,1624,252,0.5979090099728592,9.840010537118288e-05,8.218364822710337e-05,7.33956578545669e-05
2021-07-30,-0.00038311267486349773,0.4736861475503653,0.5263138524496347,1.303735432207957,0.002865450538615714,0.8141927740190259,0.9783549007248653,1624,252,0.9143827760434503,9.826339829944771e-05,7.993065141850264e-05,7.215722279808461e-05
2021-08-02,-0.00011733972960511902,0.47137348691581565,0.5286265130841843,1.2794927058276835,0.002958184755230069,0.7974198628962557,1.0091875874115295,1645,252,0.3483029702356359,9.686243775253495e-05,7.75599389571261e-05,6.911677663828331e-05
2021-08-03,3.6851395453375975e-05,0.46852660764477727,0.5314733923552227,1.2554759761405758,0.0029858755813865654,0.7887734785411352,1.0186343395093824,1645,252,-0.10938708088840615,9.574241180782724e-05,7.501699538657133e-05,6.68473682742284e-05
2021-08-04,7.538194920487753e-05,0.4682150592406389,0.5317849407593611,1.2521715108935325,0.002940926830402106,0.7885248583896779,1.0022539107030655,1645,252,-0.22375845673557143,9.264458909110553e-05,7.279179087468486e-05,6.475400298794397e-05
2021-08-05,0.00010071158603359449,0.46810782488537755,0.5318921751146224,1.2506228434202846,0.0028923135486233586,0.792030149963955,0.9856867349164451,1645,252,-0.2989451626545459,9.115845387004735e-05,7.156325902652891e-05,6.39713100344451e-05
2021-08-06,8.035678902838375e-05,0.4681111581111628,0.5318888418888372,1.2526443975104304,0.002847809991992598,0.7916026871570947,0.9705201339618487,1645,252,-0.23852542008894662,8.817966983259823e-05,6.924576346654013e-05,6.185689240619755e-05
2021-08-09,8.321567178647181e-05,0.46814972757274315,0.5318502724272569,1.253587484171157,0.0028007509374050597,0.7930909944925046,0.9544826314280298,1645,252,-0.24701152585677577,8.589473675296083e-05,6.746323209052e-05,6.0372598255420054e-05
2021-08-10,6.649595967858987e-05,0.46911701552905855,0.5308829844709415,1.2601620057165297,0.0027597997840339093,0.7952106408783239,0.9415083628106348,1645,252,-0.19738191269627345,8.386501456021202e-05,6.646276701570966e-05,5.9369283167147906e-05
2021-08-11,7.786489106597037e-05,0.4695091338176517,0.5304908661823483,1.262301494301076,0.0027145397034617777,0.7968788880471716,0.926067842593672,1645,252,-0.231128646082789,8.173097444413087e-05,6.487684307295304e-05,5.8027052887851276e-05
2021-08-12,7.390074426669369e-05,0.4695046843191698,0.5304953156808302,1.2634207578835082,0.0026697949879498062,0.7979000217625535,0.9108031396649228,1645,252,-0.21936175255674562,7.949750577849073e-05,6.304352940470323e-05,5.6486606877091516e-05
2021-08-13,0.0002548730901559932,0.46778488366617693,0.5322151163338231,1.2455771009314034,0.0027049911084588048,0.7872314265725482,0.9228103301826629,1645,252,-0.7565472890828501,7.814285432866093e-05,6.1033878553677226e-05,5.4366646208962894e-05
2021-08-16,0.00016923279498604353,0.46441726089626606,0.535582739103734,1.2346571696577215,0.002677958066497506,0.7922976863532514,0.9135879817985452,1645,252,-0.5023386823310517,7.970366566113493e-05,6.043485028663639e-05,5.498842248664314e-05
2021-08-17,-0.0001412139554618858,0.44695914975719403,0.5530408502428059,1.1671331355755765,0.0027910502018012643,0.7971452003424638,0.9521694730257696,1645,252,0.4191695369643317,9.679819519532436e-05,6.231761920162694e-05,6.191223641740784e-05
2021-08-18,-0.00017193344605772817,0.4433220281784875,0.5566779718215125,1.1525349171776416,0.0027427135985079133,0.8008360858832736,0.9356793941099613,1645,252,0.5103551043306876,9.538489801484754e-05,6.137618519669826e-05,6.127500988436981e-05
2021-08-19,0.00011143087885972482,0.45760166712637923,0.5423983328736208,1.2084277352334147,0.002955155328842556,0.7840383228268064,1.0066076914793638,1645,252,-0.3307635547944564,9.411996732652907e-05,7.031330985365885e-05,6.378182561573597e-05
2021-08-20,-1.0978482340634277e-05,0.4634120032371903,0.5365879967628098,1.2437868499810827,0.0029565520990891894,0.7804113739024972,1.0058265050473898,1645,252,0.03258775199832723,9.129896997336834e-05,7.010697244954581e-05,6.243629667203217e-05
2021-08-23,-0.00028345601343970325,0.47965823206147506,0.5203417679385249,1.3412787941565505,0.003090350882684244,0.7792916062188179,1.0513451897762889,1645,252,0.841390820862211,9.197297545696235e-05,8.153596368462775e-05,6.748460669287592e-05
2021-08-24,-0.0002376755252965308,0.4820812796268807,0.5179187203731193,1.352553413603848,0.003041919602703401,0.7841012885916105,1.034868745781573,1645,252,0.705499251546641,9.159589199534417e-05,8.040890225424782e-05,6.729181345573002e-05
2021-08-25,-0.00018277920473267867,0.4823015297413502,0.5176984702586498,1.3518845158712727,0.002996795385289625,0.783699716833547,1.019517372840004,1645,252,0.5425488887688903,8.885677497540961e-05,7.779200530833333e-05,6.515720501992226e-05
2021-08-26,-5.384143260024412e-05,0.4865323947277151,0.5134676052722849,1.370480004566142,0.0029758361729067657,0.7906202202927601,1.0123869957544482,1645,252,0.15981910781213107,8.868667606712867e-05,8.077774054355863e-05,6.691800067673749e-05
2021-08-27,-5.822770078097893e-07,0.4859355368104577,0.5140644631895424,1.365042966021803,0.002929098524151709,0.8055063417789834,0.9977320226570905,1645,252,0.0017283899664894105,9.321321445545684e-05,8.363453123427747e-05,7.112143651340137e-05
2021-08-30,5.728422741450937e-05,0.48599524639343344,0.5140047536065666,1.3637124508672371,0.0028848654598519425,0.8051375845685358,0.9841443203672345,1645,252,-0.17003845690860384,9.016595400350925e-05,8.104548061360965e-05,6.882651700645531e-05
2021-08-31,0.00011235153043825259,0.48658866245172355,0.5134113375482765,1.3653243874246843,0.002841790525597538,0.805795966379288,0.9702227891854438,1645,252,-0.3334963519504791,8.754010295662835e-05,7.912397453996238e-05,6.706295145038132e-05
2021-09-01,0.00015198395878603604,0.48444226159706616,0.5155577384029338,1.3488133715005943,0.0028119122222254288,0.8084917896054081,0.9608757633088316,1667,252,-0.6796517071051242,8.790254659809033e-05,7.771968741304122e-05,6.682544586031999e-05
2021-09-02,8.263849208816703e-05,0.4868930488920684,0.5131069511079316,1.3665762647322204,0.0027849792977271584,0.8131118472127512,0.9525874815042662,1667,252,-0.3695481593513827,8.711350068619706e-05,7.918519341460632e-05,6.753283987920129e-05
2021-09-03,0.00015424069471827332,0.48658613634531,0.51341386365469,1.3605551922998183,0.0027553943410262593,0.8116923309276659,0.9426345139535569,1667,252,-0.6897435249593349,8.496719579891765e-05,7.663432578730405e-05,6.549810811870445e-05
2021-09-07,0.0002958238689191154,0.4918630726335438,0.5081369273664562,1.3808288575181895,0.0027789936370689653,0.8098362713241348,0.9519499727290629,1667,252,-1.3228843301572955,8.335801653464602e-05,7.91650711965745e-05,6.57866412109285e-05
2021-09-08,0.0003122931999808493,0.49343018128222327,0.5065698187177767,1.3885478592406655,0.002734070044175532,0.8130386433986782,0.9380434116328986,1667,252,-1.3965329511064646,8.188429201307567e-05,7.811369020086605e-05,6.502420701891768e-05
2021-09-09,6.087719119243336e-05,0.4894392046950613,0.5105607953049387,1.3831722988974093,0.0028944147902567902,0.7879568141383526,0.9938303623940665,1667,252,-0.2722345650697963,8.259904366960923e-05,7.565916515845747e-05,6.229033945226316e-05
2021-09-10,6.187326196060545e-05,0.48881366848351754,0.5111863315164824,1.3802384046840945,0.0028466173651633788,0.7926344968854595,0.9782532725465227,1667,252,-0.27668885882153843,8.162652494120775e-05,7.490319103913752e-05,6.19781749529399e-05
2021-09-13,0.00016791558633058712,0.48617817674812397,0.5138218232518761,1.3590938066015759,0.002834837986167858,0.7907287838129864,0.974747421427004,1667,252,-0.7508957906525257,8.120115143550975e-05,7.27537680216147e-05,6.077659811453454e-05
2021-09-14,0.0001284865898473392,0.48444355026640784,0.5155564497335922,1.3527336794739948,0.0027910803535988846,0.7973967282757849,0.9600971119849301,1667,252,-0.5745746513472403,8.179946199490562e-05,7.243403986835111e-05,6.137917220067265e-05
2021-09-15,4.829871780358417e-05,0.488380298015376,0.511619701984624,1.3793634650157571,0.002770497685492825,0.8057718592695853,0.9552313055667199,1667,252,-0.21598533337592365,8.23291642216734e-05,7.594486256548402e-05,6.371448096951174e-05
2021-09-16,0.00017961410468844032,0.4925674612671613,0.5074325387328387,1.3946399449801454,0.0027826679846406186,0.8015402447866302,0.9617413577009637,1667,252,-0.8032099824660769,7.994649308412364e-05,7.61874244341529e-05,6.255567114375681e-05
2021-09-17,7.335555927044006e-05,0.48711015168782645,0.5128898483121735,1.3723391224482169,0.002770224207488333,0.8163189257724482,0.9582707170109103,1667,252,-0.32803613935332226,8.832964510647757e-05,7.914725898961089e-05,6.825446199009874e-05
2021-09-20,-2.1543259133469443e-05,0.480110049778592,0.519889950221408,1.3419958151095264,0.0027423526299228066,0.8454549447610343,0.9498530479916923,1667,252,0.09633854101197312,0.00010606233056520435,8.957581164436261e-05,8.240744085773652e-05
2021-09-21,0.00013376560003006008,0.47421213618762764,0.5257878638123723,1.3008768888124607,0.002771488370993438,0.8416812925090033,0.9607089780534936,1667,252,-0.5981816708719958,0.0001081904068079346,8.748803731982826e-05,8.188726918677401e-05
2021-09-22,1.0765004648465e-05,0.47786964370982965,0.5221303562901703,1.3280456178949427,0.002793989573783083,0.8404214430568608,0.9688504744899065,1667,252,-0.0481396447675375,0.00010642394878225293,9.027472262286528e-05,8.237584653010527e-05
2021-09-23,6.078200601206222e-05,0.4770778599669085,0.5229221400330915,1.320581552621663,0.0027516632400456428,0.8504406371482837,0.9563221059838644,1667,252,-0.27180890981744543,0.00011105343530594761,9.270500174331048e-05,8.629022196388902e-05
2021-09-24,-5.932208510049e-05,0.4742847690318068,0.5257152309681932,1.3142555335086177,0.0027463740604443017,0.8490229557514505,0.9566163687022355,1667,252,0.2652803409624559,0.00011106898429101789,9.036172612526336e-05,8.505661442326702e-05
2021-09-27,-0.00010053409024321916,0.4749340207294171,0.525065979270583,1.320574580588782,0.0027098213814983917,0.8508766414221501,0.944534724621473,1667,252,0.4495748538321556,0.0001088134469166414,8.957907947612886e-05,8.400616963079979e-05
2021-09-28,-0.00029370270380054656,0.4648220464505377,0.5351779535494623,1.2819091870499235,0.002736040977473024,0.8681268648212975,0.9541268651161176,1667,252,1.3133987666451834,0.00013239695812911293,9.827794336583473e-05,9.902622632233732e-05
2021-09-29,-0.00022615870079754658,0.46345851297792645,0.5365414870220735,1.2718642232013269,0.0027110347756749845,0.8666000864440854,0.9458095888404715,1667,252,1.0113511208779753,0.00012812482626111042,9.578653640323777e-05,9.60036196333378e-05
2021-09-30,-8.008256533745859e-05,0.4614669656474253,0.5385330343525747,1.2532367240810975,0.0027378148536387923,0.8603887113010883,0.9562407042187262,1667,252,0.3581184006240146,0.00012594004418750194,9.264941405910604e-05,9.293899305383923e-05
2021-10-01,-0.00019213826603297338,0.46344043694768317,0.5365595630523168,1.268575904756832,0.0027283344759079313,0.8597729463953059,0.9540649044267911,1688,252,0.7181601464671598,0.0001229694986311498,9.263444255508872e-05,9.17632365185392e-05
2021-10-04,-8.693974858856835e-05,0.46305006521055336,0.5369499347894466,1.261712587447279,0.002708259625445518,0.8576933037789022,0.9482445336528715,1688,252,0.32495693788279195,0.00011986876225677884,8.96188804917843e-05,8.889652552567401e-05
2021-10-05,1.4985315477548525e-05,0.4611804680596673,0.5388195319403327,1.2473555492014041,0.0026772359788360582,0.8600341534618277,0.9391223653485693,1688,252,-0.056010999684810166,0.00012025187502780106,8.829137102121443e-05,8.861775772450236e-05
2021-10-06,-0.00013406482675112154,0.45935819773605147,0.5406418022639485,1.246586731421995,0.0026810883739891863,0.8558096442193606,0.9414162967626554,1688,252,0.5010975564813152,0.00011793338847745612,8.541714158813884e-05,8.589503911127406e-05
2021-10-07,-0.00020672079709159474,0.46345696609954823,0.5365430339004518,1.2710682916074325,0.002670575107306722,0.8624233499175062,0.9379609010028755,1688,252,0.7726656484535479,0.0001198347669841545,9.063842080616072e-05,8.988104009669901e-05
2021-10-08,-0.00035386223233747243,0.46573923845601206,0.5342607615439879,1.2906757146851664,0.0026815718805550137,0.8577771153929685,0.9428198301005837,1688,252,1.3226399813614607,0.00011593718908375463,8.901501600359053e-05,8.713998402219064e-05
2021-10-11,-0.0002431537466446778,0.4665600816368191,0.5334399183631808,1.2904927692941388,0.0026675843192249717,0.8548342931440062,0.9389722434344543,1688,252,0.9088420225173306,0.00011216533999327313,8.64563081128213e-05,8.41801350136959e-05
2021-10-12,-0.00017313196935143035,0.4660301717970773,0.5339698282029227,1.2849796863718634,0.0026312050428499187,0.8550109769074437,0.9266010637300597,1688,252,0.6471198217549923,0.00010965745810259944,8.394033653077226e-05,8.203064581135299e-05
2021-10-13,-0.0003460905907388678,0.4693966370370191,0.5306033629629809,1.3109952148238655,0.0026610002292953715,0.8502979746545914,0.9379682250925231,1688,252,1.293591716359494,0.00010663930649391562,8.45295499319572e-05,8.072983762526383e-05
2021-10-14,-0.0004386364417437106,0.4732778850659386,0.5267221149340614,1.3357242925242252,0.0026387006307205143,0.8557886878505337,0.932402548120737,1688,252,1.639502727657785,0.00010709049672245285,8.754638297012612e-05,8.286308762264191e-05
2021-10-15,-0.0005062221624509545,0.47483959180728424,0.5251604081927157,1.3476293550102283,0.002603011897844223,0.856220505013534,0.9215992268338729,1688,252,1.8921196169653691,0.00010410755100688844,8.575278545112699e-05,8.090043510026558e-05
2021-10-18,-0.0006750228504890077,0.47407860299447235,0.5259213970055276,1.3523103257888547,0.00260310685370308,0.852064930029257,0.9223293315521575,1688,252,2.523050296980779,0.00010172849147462514,8.294157886273023e-05,7.826726212344177e-05
2021-10-19,-0.00044987025416581535,0.4693903546725574,0.5306096453274426,1.318389111049907,0.0026289892023090497,0.8491051248238546,0.9320297683957961,1688,252,1.6814916377328806,0.00010411661173717958,8.120816856192775e-05,7.807667920512245e-05
2021-10-20,-0.00040372057267278196,0.46797701680281106,0.532022983197189,1.309682987512403,0.002586418253279099,0.8517375262107988,0.9170059286657007,1688,252,1.5089967843924121,0.00010284472746823486,7.983127066118094e-05,7.717618717117311e-05
2021-10-21,-0.0005356653375958675,0.4654999319938723,0.5345000680061277,1.3040497953029084,0.002564472737205865,0.8529089612504753,0.9106160758235385,1688,252,2.0021701311659097,0.00010309633740904193,7.830338478809819e-05,7.663277698654353e-05
2021-10-22,-0.00037354499928000907,0.46405369259838547,0.5359463074016145,1.2906316595707341,0.0025641079976174864,0.8485700843290597,0.9136867560697498,1688,252,1.3962087663941376,0.00010058838144672031,7.573935719924856e-05,7.406660434812515e-05
2021-10-25,-0.00021954860148534202,0.46286636566528855,0.5371336343347115,1.2787229551581956,0.0025604539169815535,0.844474702722387,0.9151084599101597,1688,252,0.8206124633825671,9.809455097404456e-05,7.325923152983745e-05,7.158800593213909e-05
2021-10-26,-2.3720407771458154e-05,0.46620055901278273,0.5337994409872173,1.2885787762172898,0.0026004869924153916,0.8378047261378527,0.9305406497008982,1688,252,0.08866037916927857,9.518258569399193e-05,7.370075825667631e-05,7.017097859784395e-05
2021-10-27,0.0001389579224710969,0.47034199698644263,0.5296580030135574,1.3039314641451192,0.002615257480487657,0.8346164636560874,0.936292421959987,1688,252,-0.5193866064008782,9.270772713923624e-05,7.428656076500085e-05,6.926279939673114e-05
2021-10-28,8.864886850292093e-06,0.47649616415100254,0.5235038358489974,1.3424261814161527,0.002619129641350635,0.8388441911989805,0.9381672671016151,1688,252,-0.033134515941389886,9.28720255772524e-05,7.834523400418041e-05,7.155336317266566e-05
2021-10-29,-8.089313993571982e-05,0.47543249855004505,0.5245675014499549,1.3420295973020095,0.0025832367673951184,0.8494041532659787,0.9255379256209252,1688,252,0.30235637295933165,9.788121903727731e-05,8.062791044274862e-05,7.545825666298964e-05
2021-11-01,-0.00035317138409756544,0.4795659377903152,0.5204340622096848,1.379946739526868,0.0027367176466771503,0.8292439981224925,0.9810184121102865,1709,252,1.5238373044109261,9.467670729699365e-05,8.152883638754642e-05,7.285502835913212e-05
2021-11-02,-0.00040882359397332625,0.4789888678846606,0.5210111321153394,1.3816519687002504,0.002696116618941457,0.835811296091958,0.9675171106040189,1709,252,1.7639612705648846,9.627942605145917e-05,8.171807022107984e-05,7.413683369076326e-05
2021-11-03,-0.0003782836223412791,0.4784332653494171,0.5215667346505829,1.3778634801558254,0.0026527067189412424,0.8382612319625633,0.9529004207368231,1709,252,1.6321896997523735,9.483703701175355e-05,8.01339374518063e-05,7.307631027479117e-05
2021-11-04,-0.00037137573592087585,0.47853482545936427,0.5214651745406358,1.3796579514735219,0.0026092239820526874,0.8400910616067322,0.9382893672882764,1709,252,1.602384071391679,9.271040138012728e-05,7.849004759270163e-05,7.166347950253849e-05
2021-11-05,-0.00031195721896044404,0.477562047730213,0.5224379522697871,1.3716731174097927,0.0025744816095507202,0.8408939547722698,0.9269201437481988,1709,252,1.3460095269238692,9.11757348844685e-05,7.643811932895017e-05,7.019979811410341e-05
2021-11-08,-0.000380227193132248,0.47787465852536337,0.5221253414746366,1.3777123647309126,0.0025424494770532992,0.8400805847961645,0.9166257038811162,1709,252,1.640575672706014,8.823742868520658e-05,7.435204851493343e-05,6.80446271960189e-05
2021-11-09,-0.0005560451587922903,0.47541167445711313,0.5245883255428869,1.3745582529707392,0.0025615720320020835,0.8342781006475333,0.9235199314943429,1709,252,2.3991817968771554,8.752743268518021e-05,7.199195501431516e-05,6.62254506887584e-05
2021-11-10,-0.0005754087606929931,0.4746217748217089,0.525378225178291,1.3738776422270873,0.0025192797564827355,0.8433848667724567,0.908272357386563,1709,252,2.4827304088335014,8.976262737635939e-05,7.355825680689352e-05,6.853135146820812e-05
2021-11-11,-0.0006444432204393233,0.47377413777817245,0.5262258622218275,1.3748766000800305,0.0024888389334890948,0.8426558608666549,0.8972975706483793,1709,252,2.7805950994287376,8.750641350060043e-05,7.123387584245523e-05,6.652937988619142e-05
2021-11-12,-0.0007404563300483596,0.47780383389587205,0.5221961661041279,1.4038959348384685,0.0024825237449258727,0.8463688798384289,0.8958967848792624,1709,252,3.194865237731693,8.728436923594983e-05,7.401777405021017e-05,6.80292895432064e-05
2021-11-15,-0.0006101846284990029,0.4793095945104457,0.5206904054895543,1.4077819026342309,0.002478872578862087,0.8422343602021601,0.8947832527029586,1709,252,2.6327787056157264,8.443534626062513e-05,7.210654304371068e-05,6.571771232720553e-05
2021-11-16,-0.0006534137877908519,0.4787603300792096,0.5212396699207904,1.4099768050390205,0.0024454402676732804,0.842732007631813,0.884423022909934,1709,252,2.819300628210236,8.279266400936316e-05,7.010917237910215e-05,6.420558950566089e-05
2021-11-17,-0.0007933379129020058,0.471955708149192,0.5280442918508079,1.384449165736739,0.002470821263286932,0.8445655601183132,0.895883473232645,1709,252,3.4230347109595174,8.849608198788523e-05,7.016228034599528e-05,6.654987395108154e-05
2021-11-18,-0.0007758671629938994,0.4706089084457675,0.5293910915542325,1.3793887849209792,0.0024297893636968087,0.8446782786162933,0.8817101088681977,1709,252,3.347653234303267,8.565320159873592e-05,6.793965536789891e-05,6.443543969817178e-05
2021-11-19,-0.0006834099550866792,0.47351788537770156,0.5264821146222984,1.393661291964248,0.0024160723354431303,0.8473066932084901,0.877445822882739,1709,252,2.9487258330057218,8.47579673671754e-05,6.934691563318617e-05,6.49597699790982e-05
2021-11-22,-0.0004581237678789289,0.4795587993418556,0.5204412006581445,1.4149486921758307,0.002572876491506617,0.8260794445697207,0.9359254406212709,1709,252,1.9766779500412421,8.198447711370803e-05,7.088426675204075e-05,6.297418517997831e-05
2021-11-23,-0.0003247943886639995,0.47504021954886716,0.5249597804511328,1.3808407032515826,0.0025971372175017243,0.8249876902168879,0.9462910337261691,1709,252,1.4013983804894445,8.546468819593571e-05,6.986846204094935e-05,6.375018016360297e-05
2021-11-24,-0.00047652726758092614,0.474483818585319,0.5255161814146809,1.3902328476329682,0.0026581285302763793,0.8118518786017526,0.9692238596859645,1709,252,2.05608398529882,8.307326556691566e-05,6.825468747614318e-05,6.11327148053167e-05
2021-11-26,-0.0005891779479916833,0.46485486591491976,0.5351451340850802,1.3507254730186882,0.002638142127299849,0.8710273488834205,0.9627961682606467,1709,252,2.542140661764325,0.00012580811443641012,9.34646588227335e-05,9.445171120725571e-05
2021-11-29,-0.0004607871642454833,0.460705298711619,0.539294701288381,1.3209315647605075,0.0026506392799872497,0.8668816265781348,0.9683527423882415,1709,252,1.988169772206163,0.00012454322029451772,9.058124602134169e-05,9.207441940304597e-05
2021-11-30,-0.00021679061511842531,0.47484901725611095,0.525150982743889,1.3818287809458143,0.0029289352854598117,0.8491673957439494,1.0700220650040086,1709,252,0.9353918279867938,0.00012391113414288564,0.000104759266519731,9.674860269147725e-05
2021-12-01,-6.261853284630056e-05,0.4817437130067925,0.5182562869932075,1.4129118628617718,0.002945617915515957,0.8473741943825179,1.076116696848895,1730,252,0.44272029955469255,0.00012137232660791911,0.00010674000833748829,9.644921311050973e-05
2021-12-02,-7.374962306021518e-05,0.48495619683014207,0.5150438031698579,1.4326104421031374,0.0029007540177493113,0.8617720144530967,1.059726658881614,1730,252,0.5214184000989907,0.0001288445213711361,0.00011523184939103865,0.00010500539931854549
2021-12-03,-0.00010928421729012817,0.4836416853776761,0.5163583146223238,1.4317371881725336,0.002868422275312705,0.8646511786213958,1.0479149681355129,1730,252,0.7726521081872335,0.00012996521154628104,0.00011397940574800591,0.00010523681387396722
2021-12-06,-0.00015567581976427063,0.487940252217326,0.512059747782674,1.4629637174256782,0.002853362726286468,0.8731413698578984,1.0424132932343708,1730,252,1.1006461254630304,0.00013410336449453284,0.00012297868366236515,0.000112129354701748
2021-12-07,-0.0002045232116407742,0.4935517895517233,0.5064482104482767,1.5027160424886328,0.002833426437666799,0.8854128499320106,1.0351300088193023,1730,252,1.446002859021644,0.0001429583518179013,0.00013735464262316035,0.0001240715644689169
2021-12-08,-2.7722017961374667e-05,0.49382421591865,0.50617578408135,1.481293026833598,0.003151028515477453,0.8558000780224341,1.1511589401636042,1730,252,0.1959978865401578,0.00014106152621752867,0.0001344810845962156,0.0001178710663391692
2021-12-09,3.576256911059984e-05,0.49615738827022765,0.5038426117297723,1.4876709676215778,0.00313902678867949,0.8548148719721045,1.1455952023712292,1730,252,-0.2528455169710279,0.0001374751121303367,0.00013402985317883392,0.00011603389788286351
2021-12-10,6.863525346878178e-05,0.49654950683582216,0.5034504931641779,1.486081915300912,0.0030977982546675077,0.8538940325486303,1.1295390522764168,1730,252,-0.48525921311978665,0.00013309875251216844,0.00012965894615957058,0.00011217400209258794
2021-12-13,0.0001356844296911364,0.5004757138748933,0.4995242861251067,1.5226477713530444,0.003089786676878961,0.8564758245953964,1.125792433589503,1730,252,-0.959304675905009,0.00013225920867543782,0.0001337990578169751,0.00011393432832873658
2021-12-14,0.00014895504766639718,0.5014645327261308,0.4985354672738692,1.527101674410562,0.0030398384858700963,0.8569145874901494,1.1057904192826078,1730,252,-1.0531294862004557,0.00012829787013536137,0.00013003403961284857,0.00011068169123446815
2021-12-15,0.00017029414945472193,0.5004579870542083,0.4995420129457917,1.5176940465020514,0.002995742950117648,0.8606632605731362,1.0879649998264782,1730,252,-1.2039994141041297,0.00012871503970281358,0.000128918408040176,0.00011086778704236221
2021-12-16,7.742014333825704e-05,0.4998981598627831,0.5001018401372169,1.5279429547925725,0.0030576132464144286,0.8507502097021026,1.1087962371156144,1730,252,-0.547369404748124,0.00012539973957712564,0.000125159914787812,0.00010658179042452286
2021-12-17,7.615402470287109e-05,0.4994528965654483,0.5005471034345517,1.5263857936319076,0.0030075269295625645,0.8550494278655814,1.087708456300815,1730,252,-0.5384177989526688,0.00012512722923910862,0.00012448211670858055,0.00010671380781764879
2021-12-20,0.0002354740535414375,0.5040657544847109,0.4959342455152891,1.5315619594742504,0.0032531091002008052,0.8287713359928498,1.1742546054591765,1730,252,-1.6648289057986427,0.00012112771215060356,0.00012614620839109184,0.00010244566359626054
2021-12-21,0.00017050681149672725,0.5109260989712922,0.48907390102870785,1.583237567669773,0.0032357990785558074,0.8436388220078591,1.1677398844295803,1730,252,-1.2055029594390485,0.00012752480809846508,0.00014075381419728704,0.00011302746365558456
2021-12-22,0.00018302201227136263,0.5108535515680545,0.48914644843194555,1.5804408475040668,0.003187378981108624,0.8508077704738664,1.148505292505684,1730,252,-1.2939868823941523,0.00013061436257620084,0.00014214024718327238,0.00011592722724873277
2021-12-23,0.00014840207243874945,0.51198235200383,0.48801764799617,1.5925432802634525,0.0031456849289963635,0.8520673812825706,1.1312032780697723,1730,252,-1.0492198871200775,0.0001275949246372189,0.0001404295703127457,0.00011405646925526456
2021-12-27,0.000119167772347736,0.5131248415265968,0.48687515847340324,1.6041108437387117,0.003100738919772711,0.8536177214283157,1.113841722550372,1730,252,-0.8425299902913963,0.000124737245433502,0.0001385307951991365,0.00011221080057401921
2021-12-28,0.00011215190281810336,0.5131939857871295,0.4868060142128705,1.6060897027792398,0.0030510121050532435,0.8537996449883603,1.094873417403573,1730,252,-0.7929269779145405,0.00012101584656567729,0.00013418307606269327,0.0001087992654599196
2021-12-29,0.0001905063514985949,0.5131142309548227,0.48688576904517733,1.5939730207467282,0.0030719300317113857,0.8473069553550173,1.1011804325091639,1730,252,-1.3469020299397239,0.0001175372907041408,0.00013016156749100357,0.00010480210224949793
2021-12-30,0.00016104980140564798,0.5132935587132803,0.4867064412867197,1.6135786959282794,0.0030323802949230663,0.8463127591554901,1.0864598256268099,1730,252,-1.1386407997859145,0.00011368576222085208,0.00012613127190682464,0.00010134336371216993
2021-12-31,4.2930044628157626e-05,0.5122576277291329,0.48774237227086714,1.625517380227451,0.0031611228694229366,0.8291128443039649,1.1325865054749995,1730,252,-0.30352040128958596,0.00011172766097541196,0.00012255995510253943,9.702156889978021e-05
2022-01-03,4.5708248830633355e-05,0.5122458266343719,0.4877541733656281,1.6287381548304556,0.0031123213046387052,0.8289775297462971,1.1151015812870404,1752,252,-0.1780305813169863,0.0001081145978078155,0.00011882844499304875,9.396045998708923e-05
2022-01-04,0.0005286633344366006,0.5089610099576372,0.49103899004236284,1.5676777556268255,0.003826601315560934,0.74546156231668,1.3710182080421185,1752,252,-2.0591084357545313,0.00011170499343684594,0.00011856322258666835,8.57899760100908e-05
2022-01-05,0.0005204301114754761,0.507583709393612,0.49241629060638803,1.559015749821388,0.0037641496603377685,0.7571712860488607,1.3486426456637897,1752,252,-2.0270405813216787,0.00011363605561457216,0.0001198915773848449,8.837848415829179e-05
2022-01-06,5.324448030158753e-05,0.49926233458441416,0.5007376654155858,1.5468575060469063,0.004369366939082512,0.6796191200760342,1.5654836072780811,1752,252,-0.2073837003718155,0.00012047928772076644,0.00011787011454799733,8.098855251961202e-05
2022-01-07,4.9214949693999004e-06,0.4984727210956132,0.5015272789043868,1.546574839969124,0.004303597660186832,0.682357188297674,1.5419193863259018,1752,252,-0.019168894734896965,0.00011734530235686618,0.0001158913317555807,7.957380071334714e-05
2022-01-10,-5.575075822487494e-05,0.49699028243638466,0.5030097175636153,1.5437258929403121,0.004244345381979583,0.6840352846782807,1.520690116383468,1752,252,0.2171454857615404,0.00011543469002560621,0.0001126472964588912,7.800223768190517e-05
2022-01-11,-0.00015360246941591014,0.501232948119391,0.498767051880609,1.57850138182063,0.004196766421974619,0.7016003693385514,1.5036432345405,1752,252,0.59827137598656,0.00011702581854426557,0.0001190764041256551,8.282157943783482e-05
2022-01-12,-0.00021497100535387655,0.5038520202247047,0.49614797977529534,1.6007678120056235,0.004134339239133327,0.709762769300017,1.4812764402773668,1752,252,0.837297731340746,0.0001158566451740077,0.00011975862436738576,8.360400610857952e-05
2022-01-13,-0.00010549751379670956,0.5067025324792646,0.49329746752073544,1.6113592085617872,0.004095213951221797,0.7100380157124108,1.467258391962936,1752,252,0.41090578154325536,0.0001126012452340814,0.00011887677427946341,8.214889088770241e-05
2022-01-14,-0.00034633247116324945,0.5031770922379198,0.49682290776208016,1.6109942662532786,0.0042000589594734005,0.6909407315833845,1.5048229050860398,1752,252,1.3489418813354117,0.00011326319005773511,0.00011505650245286944,7.8875254611084e-05
2022-01-18,-0.0005869838382349267,0.4941190185237437,0.5058809814762564,1.5767700764057848,0.004302923306150372,0.6779503501089607,1.5416777746223536,1752,252,2.286262909171089,0.0001184908094415515,0.0001115958756723672,7.79586472675537e-05
2022-01-19,-0.0004277562392305488,0.49170141640921183,0.5082985835907882,1.5505428417743838,0.0043013833608315875,0.669034266457491,1.541126033560943,1752,252,1.6660820285275242,0.00011544764246708796,0.00010833733290122,7.482211257021511e-05
2022-01-20,-0.0003734062328087068,0.4926989015626631,0.507301098437337,1.5546702258346323,0.0042379201663747396,0.6747587749901007,1.5183880506968719,1752,252,1.4543923776350642,0.00011324861753580633,0.00010774265677515156,7.453475630836668e-05
2022-01-21,-0.0003632734168082528,0.49281043777524114,0.5071895622247589,1.558618405207424,0.0041678778194742284,0.7338675748698419,1.493292848710687,1752,252,1.4149257349810607,0.00013404528972620926,0.0001271868396342737,9.582185326398603e-05
2022-01-24,-0.00037100111766716614,0.4926281133287551,0.5073718866712449,1.5606047388647466,0.00409935578136031,0.7363864289969025,1.4687423522886243,1752,252,1.4450246145345929,0.00013104570136571924,0.00012409228377533433,9.390518111498049e-05
2022-01-25,-0.000485223967195958,0.4935472237889537,0.5064527762110462,1.5788111690978353,0.004077460376148239,0.7316391136310016,1.4608975321093869,1752,252,1.889914996938939,0.00012677170901417031,0.00012113995733122869,9.066753229420477e-05
2022-01-26,-0.0004963111077639281,0.4933416082758866,0.5066583917241134,1.5817596787543833,0.004011183584540734,0.7346703524928131,1.4371514763875661,1752,252,1.9330986701479638,0.00012432654764336755,0.00011834835947913705,8.911597694765369e-05
2022-01-27,-0.000688848767558787,0.4837417300284855,0.5162582699715146,1.5445944192012895,0.0040949673631282164,0.730287610495733,1.4671700428671444,1752,252,2.6830200164174856,0.00013338747382796761,0.00011615464236816739,9.090122641339396e-05
2022-01-28,-0.0007057916906563425,0.48247415174104724,0.5175258482589528,1.541530364386728,0.004029947334472545,0.7342178949120184,1.443874267890054,1752,252,2.7490115721089663,0.00013064995611512855,0.00011458584530193037,8.98348993970452e-05
2022-01-31,-0.0008609816985061403,0.49306627110448237,0.5069337288955176,1.62632615794941,0.004069758678118891,0.7472985873503706,1.4581381204643482,1752,252,3.3534663044366395,0.00013305453774545737,0.00012911568028668827,9.794866033663176e-05
2022-02-01,-0.0012400132320130387,0.49368074245990146,0.5063192575400985,1.6298396030592974,0.004007202254451285,0.7584400297581616,1.4357250210046488,1772,252,3.1723343744683823,0.00013604613082227794,0.00012996226772811614,0.00010084932236912987
2022-02-02,-0.0011253543169708591,0.4926744269078076,0.5073255730921924,1.6202032522337788,0.00395665009610841,0.7585353188693786,1.417612883410887,1772,252,2.8790016840284056,0.00013340986755808686,0.00012608395259302647,9.837838554113599e-05
2022-02-03,-0.0009023843682338063,0.4984019232534311,0.5015980767465689,1.6479895234849187,0.003958325661476235,0.7629671693891139,1.41821321525594,1772,252,2.3085761316302937,0.0001322247218879197,0.00013216474973198382,0.0001008602407942777
2022-02-04,-0.0008987158398385188,0.4995631011333527,0.5004368988666472,1.6582850177711261,0.0038927965037154023,0.7646749966381408,1.3947350263778815,1772,252,2.2991909102216552,0.0001288509041324825,0.00012873031212009872,9.8482947043054e-05
2022-02-07,-0.0007837050112079467,0.4977647539459176,0.5022352460540824,1.6402048355288037,0.003860388245217782,0.7640232029140309,1.3831235965927904,1772,252,2.004957916829678,0.00012759396819602618,0.00012503452003692755,9.650206036666984e-05
2022-02-08,-0.0004790624535484797,0.48746388628480875,0.5125361137151913,1.5528196356961064,0.004023393693643705,0.7483608916474014,1.4407675269805236,1772,252,1.225588767663267,0.00013623431171744352,0.00012163545341157033,9.633507147069108e-05
2022-02-09,-0.00041933892751768077,0.4831977925952312,0.5168022074047688,1.5226312142571992,0.003963552569488018,0.7605653099743233,1.4140642179319403,1772,252,1.0727976605196874,0.00014045181216572466,0.00012287912506533236,9.991696682228966e-05
2022-02-10,-0.00038260630924783173,0.48318150626865547,0.5168184937313445,1.5224644990914311,0.003900886585984538,0.7659466119930752,1.3819849688376384,1772,252,0.9788243507248432,0.00013860980998406332,0.00012224621577026633,9.97041408681514e-05
2022-02-11,-0.0005196130733920134,0.4809405704826981,0.5190594295173019,1.5210336236052526,0.0038815920241417647,0.7633349323379173,1.36958749059763,1772,252,1.3293296971264206,0.00013720898528036843,0.00011849381690361365,9.733168864931439e-05
2022-02-14,-0.0002693860280119447,0.48264322034332113,0.5173567796566789,1.5152281424341179,0.003966997371402634,0.7476843191181105,1.3976596718212666,1772,252,0.6891721270396967,0.00013292925119391203,0.00011731725006342852,9.337045794787879e-05
2022-02-15,-0.00010848643668603872,0.47787025271900363,0.5221297472809964,1.4753855183658844,0.003956668956531078,0.7515708607606316,1.3911340510435195,1772,252,0.27754159663603467,0.00013773333055487586,0.00011577971039014671,9.490862636691947e-05
2022-02-16,0.00019795541505179866,0.4742246403811856,0.5257753596188144,1.43364608887923,0.004097063728504515,0.7287408191520285,1.4375712415733672,1772,252,-0.5064306989381978,0.00013687016591227658,0.00011249732411039338,9.042709713674122e-05
2022-02-17,0.00032742047433661635,0.47748238285881617,0.5225176171411838,1.444630535422769,0.0040712620136647715,0.7328919299370131,1.4285179766756715,1772,252,-0.8376420499615034,0.0001346013279735669,0.00011484901685659072,9.112305108218884e-05
2022-02-18,0.00042618612504170974,0.48095577331617295,0.5190442266838271,1.458708665958296,0.004027743862036099,0.7375391788471183,1.4132483964559261,1772,252,-1.0903148930083997,0.0001322956216390229,0.00011580824194347268,9.12909161523003e-05
2022-02-22,0.0006633587719255541,0.48149784201596907,0.518502157984031,1.445309099953176,0.004084381195223614,0.7232515744894072,1.433121214353123,1772,252,-1.697075305695157,0.0001290732371649072,0.00011289381711383987,8.730569374285123e-05
2022-02-23,0.0006735215488534184,0.4818194845613062,0.5181805154386938,1.4461426941638538,0.004017170699611469,0.7263211981649692,1.4095385019457716,1772,252,-1.723074807761744,0.00012614972989171075,0.00011052279958213603,8.576257667400106e-05
2022-02-24,0.0006163191428687334,0.48088483084202993,0.5191151691579701,1.4446305379074347,0.00395925848759862,0.7277883444493575,1.3892183565825553,1772,252,-1.5767334993606057,0.00012380411387876277,0.00010744510202937797,8.393941640283705e-05
2022-02-25,0.00040545122160864114,0.4964959246272179,0.5035040753727821,1.5532205615733037,0.004033231582941035,0.751739745027967,1.4151739192882489,1772,252,-1.0372686470379258,0.0001306363849716784,0.00013132635311512337,9.846355943969373e-05
2022-02-28,0.00023392544467107512,0.49844628715817424,0.5015537128418257,1.5793433107757575,0.0040478686522905085,0.7431742687881931,1.4203097510331455,1772,252,-0.5984530729467654,0.0001280807487210602,0.00012711682968347807,9.482746041196117e-05
2022-03-01,0.0005582003967092569,0.5019104577728577,0.4980895422271423,1.5935068193956834,0.0040055798776139915,0.7487364948290958,1.4054715326541194,1791,252,-0.9005186202952452,0.0001263741208150937,0.0001290633352091632,9.562237308424246e-05
2022-03-02,0.0008385422968688027,0.4909287467346949,0.5090712532653051,1.5117866613477855,0.004010181976595492,0.7847474109958225,1.4017241037454893,1791,252,-1.352781109951113,0.00015635055008175996,0.00014283879224423157,0.00011727425508940843
2022-03-03,0.0006561849624504905,0.4867432729287382,0.5132567270712618,1.4952540415957543,0.003976023991001041,0.783912515315757,1.3798842291607014,1791,252,-1.0585925422625264,0.00015456906547409413,0.00013870191496166977,0.00011478102990310293
2022-03-04,0.0010919140402877393,0.4806093609532814,0.5193906390467187,1.4397391467287943,0.0040704351514563855,0.7716431647923019,1.4047684498277346,1791,252,-1.761533905811743,0.00015724159622162824,0.00013431747749628254,0.00011214153566814681
2022-03-07,0.0008633753761010871,0.4747844418997894,0.5252155581002106,1.4164464662090999,0.004037316909046675,0.7815567993598397,1.3850881922040734,1791,252,-1.3928431564487027,0.00016549459142698,0.00013526404276172202,0.00011693476035353047
2022-03-08,0.0006821885768474764,0.47078602751170895,0.529213972488291,1.402293145343751,0.003992974255262077,0.7868490763434165,1.3594137694076345,1791,252,-1.100542958452682,0.00016831208054115588,0.0001338792763751299,0.0001181151923995997
2022-03-09,0.0007109305669007348,0.47138607892611417,0.5286139210738858,1.4040702853568445,0.003929146478151982,0.8057072726671438,1.3226419222838994,1791,252,-1.146911068149281,0.00017771544996156597,0.00014301590298523568,0.00012844938900753036
2022-03-10,0.0007780255664478547,0.4712156614946472,0.5287843385053528,1.4003474413734862,0.0038650982228858083,0.8078963563882913,1.2876643230611173,1791,252,-1.255152296168961,0.00017421007164850934,0.0001397598300008501,0.00012606178752131632
2022-03-11,0.0006122821402415347,0.46948143531564007,0.53051856468436,1.3982036610886595,0.003823112773297109,0.8086954835351255,1.2659508271247304,1791,252,-0.9877661703793322,0.0001726563171471953,0.0001362401139338079,0.00012403057388700299
2022-03-14,0.0007331809536752233,0.47225318100332025,0.5277468189966797,1.409162554274734,0.003786144458849699,0.814818123842619,1.2470382229393742,1791,252,-1.182806577570845,0.00017222633251008467,0.0001399908945773839,0.00012652034035297454
2022-03-15,0.0008856603485928548,0.47161863327273673,0.5283813667272632,1.3988896935175386,0.0037394149627369444,0.8153388782676517,1.2278793928419345,1791,252,-1.4287944613920718,0.00016951363518910424,0.0001361701747548142,0.0001238743725224939
2022-03-16,0.0012992162275980701,0.4610957321581243,0.5389042678418756,1.3232772191451123,0.0037751830451585385,0.8307337553809645,1.2360172143317005,1791,252,-2.095964839220984,0.00019906229601130196,0.00014417264851817498,0.00014073360106346217
2022-03-17,0.0009516187731795412,0.46609670539405645,0.5339032946059435,1.3636943299734383,0.0038913945282384108,0.8230392378658834,1.2697176124444476,1791,252,-1.5352021061300747,0.00019489021243383956,0.00015159471911306235,0.00014146779722606337
2022-03-18,0.0012227260412473924,0.46514650467813573,0.5348534953218642,1.3466526054370496,0.00388602815750778,0.8194119179940182,1.2613459337038588,1791,252,-1.9725667952842374,0.00019234990811454783,0.0001468228449253605,0.00013770353377834773
2022-03-21,0.0008538425465490111,0.4667572891082135,0.5332427108917865,1.3700490980830222,0.003970532054069069,0.8071917665647452,1.2833866841409838,1791,252,-1.3774642879162666,0.00018617834937925546,0.0001448729773101333,0.00013256687047456169
2022-03-22,0.0010663880972932988,0.46562736003649463,0.5343726399635054,1.3543205373724014,0.003941287342023244,0.8051562267335856,1.2716830539551216,1791,252,-1.7203540945779983,0.00018286910005770922,0.00014032999180523618,0.00012898094949174058
2022-03-23,0.001322358590076557,0.467552339826251,0.532447660173749,1.3529785884286942,0.0039588212898973366,0.7991573717830055,1.2743547131067345,1791,252,-2.1332993313717563,0.00017694734089039227,0.0001387648643090387,0.00012522587873266567
2022-03-24,0.0016162395704758029,0.465352145569014,0.5346478544309861,1.3270474985193865,0.003974458276109881,0.793247601983394,1.2715523809522022,1791,252,-2.6074037866181135,0.00017549403134670683,0.00013431800450303095,0.000121788717921919
2022-03-25,0.0014165017193952815,0.4665283438982433,0.5334716561017567,1.3394911962422322,0.003952380343383949,0.7906839866374059,1.2577761784260735,1791,252,-2.285176043434596,0.00016997450858159823,0.00013220845295066656,0.0001185289540729824
2022-03-28,0.001387183305629866,0.4669909712752826,0.5330090287247173,1.3412894625824163,0.003887511511369959,0.793184250033755,1.2347747902619757,1791,252,-2.237878016294302,0.00016626881108817743,0.00012955242138553276,0.00011641320469809536
2022-03-29,0.001533479151066716,0.46570414374839714,0.5342958562516029,1.3260549436026356,0.0038444083057163816,0.7930005267250174,1.2180976251338906,1791,252,-2.473890268640188,0.0001636076289701116,0.0001257931764669838,0.00011376372218763307
2022-03-30,0.0014501830497000469,0.46534427218588625,0.5346557278141137,1.3254283259388786,0.003784654565272327,0.7926561673824539,1.1922984837613106,1791,252,-2.3395125599877247,0.00015837365991292604,0.00012166885866379156,0.00011003124744512608
2022-03-31,0.0014228876670086363,0.46637875873686885,0.5336212412631312,1.329665953208965,0.0037254481111551846,0.8002455900017004,1.1600015059678463,1791,252,-2.2954781943609617,0.00015846940924874544,0.00012292587700533277,0.00011169086816420129
2022-04-01,0.001423748107825518,0.46528974680202073,0.5347102531979793,1.3112891493921355,0.0037357295327086746,0.7935277182862381,1.1514200632207143,1814,252,-2.640228439409036,0.00015511880601084193,0.00011892907715725576,0.00010778004300232715
2022-04-04,0.0013029574728800172,0.4667693161774313,0.5332306838225687,1.3228110799242658,0.00370183831362494,0.7931487385988693,1.064519425773386,1814,252,-2.4162317451591924,0.00015071456809018162,0.0001174762629077377,0.00010553762478864887
2022-04-05,0.0012951590930201744,0.46789159220109483,0.5321084077989051,1.3262089745165124,0.003644688215695938,0.7963099317414384,0.9922208001698615,1814,252,-2.4017702655097355,0.0001477758014524268,0.00011604326204797703,0.00010427825579743118
2022-04-06,0.0013283046211712854,0.47037246478138434,0.5296275352186157,1.3341854035425693,0.0036032537552769775,0.8002353123463943,0.9809407863419414,1814,252,-2.4632360301227276,0.0001456278527481699,0.00011680466855919097,0.00010436864267819979
2022-04-07,0.0013091233136859075,0.47103099838543994,0.5289690016145601,1.3355370921869918,0.0035444529476977905,0.8007749234631356,0.9649330016168727,1814,252,-2.4276658100468667,0.0001411924035885158,0.00011339383626636787,0.00010132365663612814
2022-04-08,0.0012139166981140013,0.4711837182974366,0.5288162817025635,1.3392095974586482,0.0034994225500488987,0.799383022760862,0.9526740388351636,1814,252,-2.2511126594781596,0.00013664888729205104,0.00010977869558434441,9.790773492722607e-05
2022-04-11,0.0011139375237373547,0.46981448635897377,0.5301855136410263,1.3352723866267087,0.0034482139145154515,0.8045615941342465,0.9387331280308352,1814,252,-2.0657091754721204,0.00013721093686502655,0.00010868205146481987,9.825000388099157e-05
2022-04-12,0.0012392035565702137,0.470049307467639,0.5299506925323609,1.3257412695069344,0.003452521219541745,0.7982890628037631,0.9399057379735347,1814,252,-2.2980051417033827,0.00013287752062842746,0.0001058600377888227,9.467862878059613e-05
2022-04-13,0.0010979207690232041,0.47296340529286374,0.5270365947071363,1.3481340766943397,0.0034561162180637922,0.7947778427134462,0.9408844313758382,1814,252,-2.0360073686209597,0.00012896064704681772,0.00010565614971253335,9.277303040683589e-05
2022-04-14,0.0010431965786560165,0.4731640012209606,0.5268359987790394,1.3504189996358693,0.0034014169177537168,0.795887116078415,0.9259932307269972,1814,252,-1.9345256788916203,0.0001258513580823711,0.00010269180847071614,9.047911180203333e-05
2022-04-18,0.0009384280837652568,0.4726039158296494,0.5273960841703507,1.3525067854019823,0.0033699975461825645,0.793394672363032,0.917439699627435,1814,252,-1.7402407781818083,0.00012240088028562366,9.93263394910368e-05,8.748100541882065e-05
2022-04-19,0.0010051843186142703,0.47089650204701866,0.5291034979529814,1.3369886190767561,0.00332377056478894,0.7973406826183278,0.9048549818811296,1814,252,-1.8640349442899,0.00012239461455676115,9.776835838868158e-05,8.722163826049189e-05
2022-04-20,0.0009415112104131285,0.4718583867632636,0.5281416132367365,1.3448145670044631,0.0032851415784731757,0.7976572654352706,0.8943387233032584,1814,252,-1.7459581930905752,0.00011896264088824138,9.62387901040677e-05,8.534865880811098e-05
2022-04-21,0.0009576893767028182,0.47746050205882995,0.52253949794117,1.3716394593743986,0.0032512864068497196,0.8228975772513109,0.8851220760922707,1814,252,-1.7759593249626762,0.00012969855779045546,0.00011027100357992301,9.841108515506115e-05
2022-04-22,0.0008179981323772882,0.47379467332281394,0.526205326677186,1.3593209684274499,0.003207586214951303,0.8681649003729426,0.8732252451956547,1814,252,-1.5169129431079587,0.00017417984648714267,0.00014063347482904726,0.00013587686840790133
2022-04-25,0.0006559475299375082,0.46921247831968577,0.5307875216803142,1.3455469103838873,0.0032215232646595976,0.8670256656121089,0.8770194327352138,1814,252,-1.2164028972415393,0.0001777130989168889,0.0001381423317835758,0.00013584856801388394
2022-04-26,0.0006975812747627417,0.4725720140814073,0.5274279859185926,1.3590457431360865,0.0032041759940503647,0.8744447006306255,0.8722968551905748,1814,252,-1.293609389402968,0.00018219214598990123,0.00014766083643920558,0.00014342664443156464
2022-04-27,0.0007963570081990584,0.4716712002298769,0.5283287997701231,1.3449428980885678,0.0031899226173970237,0.8727379863654644,0.8684165515950036,1814,252,-1.47678118721512,0.0001795935554692067,0.00014331239191304673,0.00014001389128041186
2022-04-28,0.0006732077518862929,0.47872286697305794,0.5212771330269421,1.3926213699571441,0.003247511796122467,0.8742579017847788,0.8840944855126442,1814,252,-1.2484106158886907,0.00018145340801220577,0.00015555392209110435,0.0001468799830916163
2022-04-29,0.0007528820648113395,0.48488548900992506,0.515114510990075,1.4188671345795156,0.0032495693616967354,0.8784068452629243,0.8846546320161808,1814,252,-1.3961603377101737,0.0001833956104391053,0.00016473428008002733,0.00015268000692264934
2022-05-02,0.00018817057043184408,0.4860738724056354,0.5139261275943646,1.4262321315122284,0.0031970963835629604,0.8783594437386202,0.8703695197459538,1834,252,-1.349475639233278,0.00017750717557784833,0.0001593576227759362,0.00014772930447604898
2022-05-03,0.00017600715776730575,0.4881792577337625,0.5118207422662375,1.4412942698942555,0.0031595807672465765,0.8817204561783871,0.8601563622308602,1834,252,-1.2622450534776737,0.0001766228394133258,0.00016150042207969405,0.00014891593705722184
2022-05-04,0.00017870619771613006,0.4889646889250791,0.5110353110749208,1.4440807631485117,0.0031075847269419732,0.893419481457519,0.8460010903218619,1834,252,-1.2816013675489808,0.00018931183577264104,0.0001736353569331292,0.0001619807418955034
2022-05-05,0.00015352158443071004,0.4856091680028009,0.514390831997199,1.4313220548618075,0.00306912941595976,0.9113403422541124,0.8355321126822295,1834,252,-1.1009885223299412,0.00022608472611740298,0.00020000943309214956,0.00019379449966751457
2022-05-06,0.00011701354433936903,0.48265607747049755,0.5173439225295025,1.4259536371951775,0.0030969486947371337,0.9081291031167488,0.8431055635276987,1834,252,-0.839169096336007,0.0002247873017810832,0.00019438561237317698,0.00018983030240551712
2022-05-09,0.00013735783819422644,0.489503519003731,0.510496480996269,1.4570488588091324,0.0031176273285450406,0.9194263299084408,0.8487350630538696,1834,252,-0.9850693234093864,0.0002500366041155757,0.00023287670974515457,0.00022186140593423093
2022-05-10,0.000163549492779654,0.4909044950121827,0.5090955049878173,1.454468591206746,0.003130565204477786,0.9161353418126014,0.8522572380248872,1834,252,-1.1729042209341782,0.00024219126996649938,0.00022569175111400485,0.00021418878269902775
2022-05-11,0.00014486705584747467,0.4913771796132987,0.5086228203867014,1.4628583395992354,0.003104732820797909,0.9148102472872588,0.8452246945291885,1834,252,-1.0389220925725076,0.00023426477176696935,0.00021874259000671085,0.00020708621403142704
2022-05-12,0.00010146824686554452,0.48818897918887033,0.5118110208111297,1.4592173838839242,0.0031835130529580774,0.9093886772864757,0.8666716278100381,1834,252,-0.7276851368761559,0.0002354403259438833,0.00021275001045380302,0.00020352828015303832
2022-05-13,0.00012778804043535376,0.4829385100824977,0.5170614899175023,1.4189934980438264,0.0031603872473549136,0.9224028654323048,0.8603759163575944,1834,252,-0.9164389902050478,0.00027755022385873406,0.0002392192719151753,0.00023767829124700485
2022-05-16,0.00010251118768281626,0.4833032861055924,0.5166967138944076,1.429083436055352,0.003162933294903463,0.920483799407738,0.8610690459715384,1834,252,-0.7351646445528359,0.00026939915107580294,0.00023554896528679695,0.0002318754987622259
2022-05-17,0.00010197955134767069,0.4838574827432477,0.5161425172567523,1.4318256259115407,0.0031120225733783586,0.9237645892018956,0.8472092385314064,1834,252,-0.7313519852110285,0.0002713680041825993,0.00023837700864873433,0.0002349485739919344
2022-05-18,0.00010121277837946152,0.48506752422089194,0.5149324757791081,1.4382354652674603,0.0030649244399585727,0.9290114123979883,0.8343873605372791,1834,252,-0.7258530305177087,0.0002811048835662688,0.00024961343864711167,0.0002460873139367417
2022-05-19,0.00010657283237112553,0.48503782485248065,0.5149621751475193,1.4355623917383231,0.0030151486723363594,0.9306720687816585,0.8208365301078097,1834,252,-0.7642929537752383,0.0002789581792777585,0.00024700843593705463,0.00024429924391622545
2022-05-20,0.00015379553354263133,0.4838606641522069,0.516139335847793,1.4120412779051756,0.0031372868390213294,0.9228581637300247,0.8540871189942723,1834,252,-1.1029531635173433,0.00027300669745561335,0.0002390057043152536,0.00023573590889289993
2022-05-23,0.00013262471015784748,0.4861263883620382,0.5138736116379619,1.4312435121574323,0.0031329206342204925,0.9232448041917188,0.8528984743243291,1834,252,-0.951125434267705,0.0002701168107456628,0.00024251830488790992,0.0002363006634183078
2022-05-24,0.00016687398464439044,0.4877143925838056,0.5122856074161943,1.4276627558688766,0.003178623520282073,0.9188084151965882,0.8653405136688205,1834,252,-1.1967459979665542,0.0002612847830326457,0.0002373547913809976,0.00022881317346592516
2022-05-25,0.0001562981164959138,0.488355514682135,0.511644485317865,1.4336791729301344,0.0031344184535036404,0.918654143103375,0.8533062368981577,1834,252,-1.1209005753940502,0.00025315542468327707,0.0002307282564805356,0.00022202201977069707
2022-05-26,0.0001145700954560138,0.49021896687155425,0.5097810331284458,1.4575943043130102,0.0032106650210227926,0.9125756484982959,0.8740634116568257,1834,252,-0.8216457677079847,0.000244927995997401,0.00022722502754076246,0.00021528619034031973
2022-05-27,0.00013555254934519522,0.4883889729580575,0.5116110270419425,1.4393757077401672,0.003180570334607623,0.9156071287141174,0.8658705095295256,1834,252,-0.9721225947155413,0.000251816622023566,0.00022846925565121753,0.00021961664142244546
2022-05-31,6.134185271671134e-05,0.48670516539475867,0.5132948346052413,1.453417091968793,0.003467973838576716,0.8973414945409824,0.9441125203143587,1834,252,-0.43991648490336344,0.0002476809585772404,0.0002219647290087595,0.00021040015000066536
2022-06-01,0.00023780139135015733,0.486307865435387,0.513692134564613,1.4433600794005081,0.0034455685520110853,0.8953351227758117,0.9380129611618235,1855,252,-0.5956708203536027,0.000239876228955901,0.00021486501449689268,0.00020326475529743986
2022-06-02,0.0002518421961397154,0.4861815534895684,0.5138184465104316,1.4406033355550003,0.003388611219127613,0.9025834048318386,0.9225070393752081,1855,252,-0.6308417571590377,0.0002493855571617854,0.0002231892514081752,0.0002129411676165343
2022-06-03,0.0002498767163445916,0.48661265227010686,0.5133873477298931,1.4426398581095787,0.0033339752385584485,0.9056302706293855,0.9076330767341951,1855,252,-0.6259184093379734,0.00024864211708776774,0.000223507399058378,0.00021349329015290809
2022-06-06,0.00017906488309617972,0.4867938134945064,0.5132061865054935,1.4513263261016338,0.0033148930837910654,0.9036536527215392,0.9024381986673363,1855,252,-0.44854121838742045,0.00024062924349639898,0.00021653360207724774,0.00020627132652964412
2022-06-07,4.1392068297666804e-05,0.48763721800139465,0.5123627819986054,1.4719869734299018,0.003402783445904019,0.8956041522249731,0.926365250931334,1855,252,-0.10368336004686386,0.0002329953063664816,0.00021145162880101807,0.0001987903058962049
2022-06-08,-5.57340281358542e-05,0.48505881085566105,0.514941189144339,1.468624499949918,0.003400409890994818,0.8953378821882079,0.9257190802819182,1855,252,0.13960866281227957,0.0002353453966406157,0.00020780279563028387,0.00019800014441829426
2022-06-09,-0.00013254087504949895,0.4813826228017278,0.5186173771982723,1.4933552777238182,0.0033673073905805526,0.9030743104006025,0.9167073383976008,1855,252,0.33200281681643395,0.0002533606957183971,0.00021662767016488406,0.00021156804553329505
2022-06-10,-0.00019475181091337985,0.47864685277304403,0.5213531472269559,1.486248641739129,0.0033233214653154547,0.9095031612599432,0.9047327201641963,1855,252,0.4878355434064871,0.00026717944342041663,0.00022377777736539505,0.00022238946564259173
2022-06-13,-0.00028692311866355193,0.47396073004362727,0.5260392699563727,1.4729078389308667,0.0032937810810039526,0.9225144046543693,0.8966907198546342,1855,252,0.7187162720215893,0.0003134192794311286,0.0002514397644847915,0.00025897210729125
2022-06-14,-0.0002283284556765021,0.4740744922247012,0.5259255077752988,1.4675498346784477,0.003285735843624882,0.9208643225140271,0.8945005045611996,1855,252,0.5719419795261986,0.0003038082713511962,0.00024636514046838076,0.00025193300832900743
2022-06-15,-0.00010184040947881731,0.46982281520947977,0.5301771847905202,1.426773771720803,0.0033620499665834294,0.9175337962618195,0.9152760704436527,1855,252,0.25510094753847956,0.00031210370612299904,0.0002424612887890422,0.00025240196838723767
2022-06-16,4.355114218908028e-05,0.47815424119217387,0.5218457588078261,1.4574742324771401,0.003579652774681354,0.9116423638322069,0.9745157144385242,1855,252,-0.10909164344167613,0.0003145700810251749,0.0002682723322892952,0.0002648324194210105
2022-06-17,-2.243504559347964e-05,0.478579652069992,0.521420347930008,1.4691591222384728,0.003547968992723282,0.9115244706853519,0.9658902009168299,1855,252,0.05619774525902771,0.00031062315696728,0.000261634288703705,0.00025985589702656617
2022-06-21,-6.534597019332163e-05,0.4822043329641442,0.5177956670358558,1.4958779176810655,0.0035232155832372234,0.9182573328289576,0.9591513946558671,1855,252,0.16368570196690826,0.0003255530735318427,0.000284021623104028,0.0002792228834079392
2022-06-22,-1.611843609057665e-05,0.4841254760780516,0.5158745239219484,1.5014402960057796,0.003497032281568713,0.9178390863577058,0.9520233181250032,1855,252,0.040375213931163396,0.0003170998163517671,0.00028002600190792825,0.0002735040259015999
2022-06-23,0.00018467600586304298,0.48755202839906203,0.512447971600938,1.4949556265753927,0.003828761184060306,0.8998477640978785,1.030998662253328,1855,252,-0.46259656971511987,0.00030680905271215957,0.0002796347257734055,0.00026357163941030876
2022-06-24,0.0001910482301601942,0.4887431377767049,0.5112568622232951,1.5009651434535607,0.003766130095617239,0.9091011854464591,1.0095269876638144,1855,252,-0.47855841103577085,0.00032629535724657856,0.0002987787212681327,0.00028385235607688425
2022-06-27,2.65351832489955e-05,0.49122986676472047,0.5087701332352795,1.5378525687226805,0.003936354656842776,0.8985270688237282,1.0531849007711032,1855,252,-0.0664682165416265,0.00031559768791178,0.00029569425922879077,0.0002744855699791832
2022-06-28,2.1836380799691068e-05,0.49172835720142066,0.5082716427985794,1.541539275136726,0.0038713034648742146,0.8985281796579702,1.0318571663844438,1855,252,-0.054698144492151775,0.00030525380961507416,0.0002860048789328795,0.0002654904901256553
2022-06-29,9.19425509842415e-05,0.492370395109849,0.507629604890151,1.5362662045846043,0.0038505089973296406,0.8965051722768357,1.0226735585180953,1855,252,-0.23030771375741088,0.00029525750212852257,0.0002781599312085043,0.00025692156293791093
2022-06-30,7.051594130073972e-05,0.4921849486311239,0.5078150513688762,1.5383298980056732,0.00378991647903563,0.897111050655847,1.0051078395203095,1855,252,-0.1766360085789731,0.0002881808736642817,0.0002706375591549365,0.0002505375448182418
2022-07-01,-0.00016236665125325914,0.49402106009793867,0.5059789399020613,1.5758903738194678,0.004019827320733373,0.8816568736610427,1.0634692245735333,1876,252,0.29386460209147464,0.0002791581625599443,0.00026721564170371724,0.00024079956690819753
2022-07-05,3.029296024173739e-05,0.49947389176269247,0.5005261082373076,1.5912683722937724,0.004116297855137939,0.8764621479230935,1.0874143778015029,1876,252,-0.05482670633962669,0.0002733545607592064,0.00027520494571125814,0.00024039445400277957
2022-07-06,0.0002198479067570194,0.4994068970238507,0.5005931029761492,1.5708992516932885,0.0042114590335295575,0.8671792195294867,1.111780664928253,1876,252,-0.39789893516386915,0.00026771472065270874,0.0002664325154492115,0.00023160002438530364
2022-07-07,0.00019258133764198446,0.5003097891207864,0.4996902108792136,1.5787883427690064,0.0041441677541965705,0.8762145168448888,1.094016478529887,1876,252,-0.3485496419343668,0.0002768916353139588,0.0002780722156768362,0.00024313314113589966
2022-07-08,0.00012635628549204103,0.500455496768519,0.49954450323148103,1.585907533662413,0.00409121560295662,0.8753288397843612,1.0747930862614286,1876,252,-0.22869006209875917,0.0002679935020686528,0.00026903814566720197,0.00023503919988956848
2022-07-11,-7.095417960467269e-05,0.4949197020299051,0.5050802979700949,1.5711187824763666,0.004170580045431595,0.8721168470078171,1.095642721759849,1876,252,0.12841874606215128,0.000279071323054254,0.00026515503086638556,0.00023723688744187464
2022-07-12,0.0001185078891938394,0.49360954659725326,0.5063904534027468,1.5435271144361138,0.004262061633643173,0.8626017206155501,1.1196756225091917,1876,252,-0.21448538498418496,0.0002715324642232758,0.0002575693893827858,0.00022812260630628207
2022-07-13,0.00012946625643514364,0.4932499669515903,0.5067500330484097,1.539558921928875,0.00419272860700309,0.862723277565122,1.1014613153412958,1876,252,-0.23431874487725274,0.00026312997333320903,0.0002493682311593356,0.00022099234957964273
2022-07-14,0.00042440228739180463,0.5016886008791821,0.4983113991208179,1.5618205068899775,0.0044677368658083885,0.8466597402432192,1.1737080517428489,1876,252,-0.768118381135861,0.00025641118691085735,0.0002642273110933501,0.0002203769895465313
2022-07-15,0.0005616749885591491,0.499358543964959,0.500641456035041,1.533317479718371,0.004462627602634009,0.8485624419228999,1.1723658099084795,1876,252,-1.0165658757118377,0.00026428265596964483,0.00026174202069725687,0.00022317978888802996
2022-07-18,0.0002989285955488756,0.5031018814800495,0.49689811851995047,1.581226553243278,0.0046393839033915234,0.8342645216672796,1.218801018522279,1876,252,-0.541025710062308,0.0002556818248554586,0.0002638606784246838,0.00021669108341612034
2022-07-19,0.00024984630655472824,0.5055527534335253,0.49444724656647465,1.6010326473467074,0.004568013791793311,0.8481949582440867,1.200051553826253,1876,252,-0.4521925216355414,0.0002684019354308427,0.0002816492765233441,0.00023320766910559036
2022-07-20,0.00016932769667403507,0.5063652987170021,0.4936347012829979,1.6131789848674456,0.004510419916556681,0.8472112459468121,1.18492120995716,1876,252,-0.30646327815535596,0.000259611153443671,0.0002732514631580015,0.00022564963399043501
2022-07-21,0.0002847287948172135,0.5052863601207305,0.49471363987926953,1.5947481201758729,0.004483813314300345,0.8450379775388458,1.1779314555835816,1876,252,-0.5153257355935401,0.00025449644143020895,0.00026461057078995754,0.00021929093496210293
2022-07-22,0.00039491665154443547,0.5054977051603045,0.49450229483969554,1.5852871924590317,0.004446867087006542,0.8427489680635637,1.1682254040056288,1876,252,-0.7147528372952977,0.00024616576266192814,0.0002570197309276428,0.00021198019470845423
2022-07-25,0.0003682280914489039,0.5060691381653126,0.4939308618346874,1.5908361467292205,0.0043752196417243695,0.8465573295988135,1.1494030816665366,1876,252,-0.6664496726224328,0.0002435775129531516,0.000255657131861719,0.00021125350650051506
2022-07-26,0.00035091449126437675,0.5057902750840485,0.4942097249159515,1.5897569017775561,0.004304261237654424,0.84940040321042,1.1307617756323576,1876,252,-0.6351140862213748,0.00024064503810534147,0.00025161949567072535,0.00020901288615373005
2022-07-27,0.0004485675670216509,0.5023177525856887,0.49768224741431133,1.5602596765762933,0.004256018758194964,0.8610511906007383,1.118088113713962,1876,252,-0.8118547040078365,0.0002592572263523408,0.00026218663405770616,0.00022449138579943014
2022-07-28,0.00035293435598396676,0.5024856874181588,0.4975143125818412,1.568300017022617,0.004209993481211181,0.8603349436112788,1.105996927549222,1876,252,-0.6387698045448074,0.0002513103573918372,0.00025634286823319493,0.00021836517410698958
2022-07-29,0.0003501257582703832,0.5026149385858479,0.49738506141415206,1.5690975109406462,0.0041404804714524224,0.8632097357254919,1.0877353374633945,1876,252,-0.633686571977241,0.00024806924188899485,0.00025328146075508513,0.00021637370953482712
2022-08-01,0.0005087251729498979,0.5040516324172313,0.4959483675827687,1.5631856013894048,0.004150936567542873,0.8588649734852711,1.0904822324887213,1896,252,-1.022636360118319,0.00023999165112265774,0.0002484459456215297,0.0002097195491180127
2022-08-02,0.0003483028732632278,0.502233664300667,0.49776633569933304,1.5629215594630175,0.004143129702809148,0.8567946241786885,1.0884313104509968,1896,252,-0.7001563938093914,0.00023808023647862314,0.00024139995823514504,0.00020540310333424396
2022-08-03,0.00031728628192914714,0.502097322837253,0.49790267716274705,1.5638408746875512,0.004077025770966689,0.8571978741706774,1.0710653107545673,1896,252,-0.6378070237531833,0.0002309316525287684,0.00023469075865989577,0.0001995587667740979
2022-08-04,0.0003193172690896133,0.5020695423723265,0.4979304576276735,1.5630185708893571,0.004009632796531599,0.857217602571902,1.0533606698813067,1896,252,-0.6418897022359144,0.00022339100714265913,0.00022702732143267264,0.00019304696852210558
2022-08-05,0.0002623409046063033,0.501600427638941,0.49839957236105903,1.5631473473675042,0.003949248103845022,0.8576926036568046,1.0374971572938372,1896,252,-0.5273561483916559,0.00021793027235282673,0.000220471745773152,0.00018800392501070368
2022-08-08,0.0002775549657263633,0.5013747733926772,0.4986252266073228,1.5605724184431429,0.00388420072124753,0.8593784559987323,1.0204087210245136,1896,252,-0.5579393648584535,0.00021347294676934834,0.00021568815492832932,0.00018440344586650423
2022-08-09,0.0002367655284562706,0.5009610627544661,0.49903893724553394,1.559755222543285,0.0038223767409352612,0.8605307760462525,1.0042641896418902,1896,252,-0.47594467719775424,0.00020881558231046428,0.00021022131124327854,0.00018029605708574158
2022-08-10,0.00029665728722032237,0.49934418029748234,0.5006558197025177,1.5463290939559204,0.0037631837949625674,0.8738061531014459,0.9934407407269265,1896,252,-0.5963387395328342,0.00022538534688185813,0.00022349743824588524,0.00019611653528616194
2022-08-11,0.0001496089223231627,0.4993633545454762,0.5006366454545238,1.5537637749126525,0.0037292079705268,0.8720934134670403,0.9851557170240087,1896,252,-0.30074297852929577,0.00021799834738224144,0.00021691460045496767,0.00018964176983467655
2022-08-12,0.00012313583259767211,0.49958632897201805,0.500413671027982,1.5561327094473938,0.0036683536278422687,0.8734057712136917,0.9704847688211637,1896,252,-0.24752692876910906,0.00021289766605627457,0.00021229826461307782,0.000185684105368884
2022-08-15,8.621823789672629e-05,0.49924548277132313,0.5007545172286769,1.5553509333446123,0.0036088012119539635,0.876370029234546,0.9570750198506477,1896,252,-0.173315396341134,0.0002113860135085294,0.00020998569025836036,0.00018463774659757418
2022-08-16,-0.00010376827084687981,0.5006720826888352,0.49932791731116477,1.5739224153197469,0.003594580168882828,0.8744769553465154,0.9548227690122298,1896,252,0.20859436968548845,0.00020503505174204753,0.00020671524564385357,0.00018003157430219462
2022-08-17,-0.00016869936563465828,0.5001313258661745,0.4998686741338255,1.5738209008869781,0.0035398210727259076,0.8773577083670797,0.9436253189185095,1896,252,0.3391184757509276,0.00020434365360664616,0.00020433490772394966,0.00017927864297283055
2022-08-18,-0.00012346256245431323,0.49985970149652637,0.5001402985034736,1.5696121207130196,0.0034847993064024375,0.8772882708233425,0.9323697511200275,1896,252,0.2481837192113826,0.0001980880576078452,0.0001977609100271834,0.00017363676886383297
2022-08-19,-0.00016086257341900922,0.49938222979313823,0.5006177702068617,1.5682437622022931,0.0034281754822759304,0.881068343578522,0.9184739941332613,1896,252,0.3233650019844462,0.00019821170028569974,0.0001970554817028935,0.0001741279556813039
2022-08-22,-0.00016338976674960094,0.4994230502446907,0.5005769497553093,1.5681247134644622,0.003371678750349599,0.8833017222975289,0.904583313678195,1896,252,0.3284451512012142,0.00019526961371164238,0.00019439376427399065,0.00017209473171614888
2022-08-23,-0.00034728429598417305,0.5004106222543585,0.4995893777456415,1.5833298910887508,0.0033541800379882918,0.8812777563699722,0.903204709272428,1896,252,0.6981088557347337,0.00018903127315048364,0.00019002237829406838,0.00016702520480199926
2022-08-24,-0.00024027876524541515,0.500512777256638,0.499487222743362,1.578412139792059,0.003316443222535881,0.8800867401062976,0.8999611540308584,1896,252,0.4830069651939458,0.00018305520489963171,0.00018383772876643406,0.00016144843576291432
2022-08-25,-6.75897650122985e-05,0.49753704805494936,0.5024629519450506,1.5508892186995453,0.0033037670220046524,0.8815170440506753,0.9035274493674218,1896,252,0.13586854936356127,0.00018660348982541976,0.00018191004996580176,0.00016241230915254592
2022-08-26,9.301242524777162e-05,0.5009723194573557,0.49902768054264435,1.5640032230234096,0.0032829918538261407,0.8889884628178836,0.9052172438031154,1896,252,-0.1869730319213556,0.00019275630226996091,0.00019559244801483296,0.00017261417589354297
2022-08-29,-4.591226105870442e-05,0.5014431907642304,0.4985568092357696,1.5734577088009432,0.0032521519381211133,0.8874982076998549,0.9018655439809474,1896,252,0.09229255800655962,0.00018686137686193996,0.00018919575151139589,0.00016687179857885826
2022-08-30,0.00027518528861479174,0.5080376926500749,0.4919623073499251,1.5984233983263147,0.003320644878176135,0.8864471227658512,0.9226789373481551,1896,252,-0.5531758538216763,0.0001868853019608193,0.00020185848036687276,0.0001721725484234748
2022-08-31,0.0004654934404572465,0.5111156657726944,0.4888843342273056,1.6075766524193442,0.003305858798709521,0.885302376957567,0.9215922662993877,1896,252,-0.9357321849198804,0.0001818586819297784,0.0001998733655094138,0.00016878588003872545
2022-09-01,0.000507525113031999,0.5118964170071453,0.4881035829928547,1.6100391139219938,0.0032514867496454417,0.8865419206315186,0.9123623154401467,1919,252,-0.9940617805519096,0.00017771838813515674,0.00019564815038025958,0.00016531160116115638
2022-09-02,0.00026522796020031107,0.5138225627960448,0.48617743720395523,1.6340827387216836,0.0032663714974950717,0.8827936034126317,0.9210877539249024,1919,252,-0.5194875516480092,0.00017214180896742314,0.0001928366189833984,0.00016084112906813796
2022-09-06,0.00016537958479707706,0.5127419163127312,0.48725808368726875,1.6311392583027533,0.003227712926476054,0.8845604198020617,0.9112332236643241,1919,252,-0.3239199801329887,0.00017188689768287617,0.00018977694825252339,0.0001597609442116346
2022-09-07,-0.00024183757247346827,0.5156500108236878,0.4843499891763122,1.6703563426132662,0.0033536223397260968,0.8730718219422925,0.9496262027451674,1919,252,0.47367407390177807,0.00016627250291683876,0.00018924162770957953,0.00015487043790433463
2022-09-08,-0.000296697448892531,0.5165588697649429,0.4834411302350571,1.679219003460719,0.0032987490111712364,0.8760035538524658,0.9394614811592589,1919,252,0.581125124172374,0.0001644243085192313,0.0001877697844617443,0.0001539223672559334
2022-09-09,-7.208792315852491e-05,0.508024850641582,0.491975149358418,1.6120006684615904,0.0033316205547604684,0.8880176479025725,0.9523739193468596,1919,252,0.141194686550879,0.00019364428750654687,0.00020291146957484885,0.0001760261700645437
2022-09-12,-0.00018772129020144842,0.5075428895666406,0.4924571104333594,1.6141576297102793,0.0032873729091210087,0.8900497032119157,0.941693556397079,1919,252,0.36767946096371434,0.00019089720474685251,0.0002025161294381528,0.0001750023390813357
2022-09-13,-0.0005911065807565221,0.49470655594186275,0.5052934440581373,1.5514423172573715,0.003384157800868394,0.9035554711064645,0.973469932155694,1919,252,1.157768246486223,0.0002455381287537397,0.00022937116823832211,0.00021442909077515278
2022-09-14,-0.0008238997424679846,0.4925984089583495,0.5074015910416505,1.5493618807890142,0.003381573440038202,0.9005880676599428,0.9767560538283652,1919,252,1.6137275259172188,0.00023751630529397568,0.00022291309199756022,0.00020722430460553122
2022-09-15,-0.0006128831481771749,0.4940181030545963,0.5059818969454037,1.549582094015523,0.0033749410803261665,0.8992486220789042,0.9770207543257289,1919,252,1.200420822346283,0.0002312814356449204,0.00022110447988693183,0.0002033522299917364
2022-09-16,-0.00044851418810351015,0.49566305578729764,0.5043369442127024,1.5528633122347693,0.003349942726648427,0.8987440483492959,0.9708944515535615,1919,252,0.8784802977835285,0.00022517805135996205,0.0002182206947548622,0.00019922646209825817
2022-09-19,-0.0005330110294599886,0.4969570230650925,0.5030429769349075,1.565252885276845,0.003303391508750531,0.9004145043422634,0.9583683630258091,1919,252,1.0439796561660908,0.00022156023769574502,0.00021679091631474673,0.00019733718736250944
2022-09-20,-0.0002662191449529349,0.500627302053359,0.49937269794664096,1.576119698097497,0.0033282403089543245,0.8988327228252142,0.9683922742402639,1919,252,0.5214289312068706,0.0002176245934700313,0.00022033027920346485,0.00019682032914278446
2022-09-21,-0.0003615481950755698,0.49974935468110276,0.5002506453188973,1.5756942463049377,0.003285059436529008,0.9026077345108264,0.961815016330155,1919,252,0.7081447465822054,0.00022202794928412754,0.00022119387889981708,0.00020002737093169674
2022-09-22,-4.599422730192884e-05,0.501016591842722,0.49898340815727804,1.568352099300099,0.0033500561922076896,0.8960343855915698,0.9847023935687864,1919,252,0.0900863864917399,0.0002147484679965301,0.0002170480069790523,0.00019344950129712737
2022-09-23,-0.00018357972213290185,0.4972545095783666,0.5027454904216334,1.5517864560332006,0.0033164934796808187,0.9102228899603257,0.975177278967213,1919,252,0.35956759728882903,0.00024867284502312777,0.0002414196571978253,0.00022302227866722755
2022-09-26,0.0001359129409236943,0.49926743784833816,0.5007325621516618,1.5482609056483996,0.003390014482005522,0.9046547130473626,0.9984691076112077,1919,252,-0.26620527060724136,0.00024128314663519876,0.00024083759980775895,0.00021807630964143523
2022-09-27,-0.00011549958512148536,0.4994353208389836,0.5005646791610163,1.5622165394390604,0.0034216987172411037,0.8998374828246626,1.0078011415151746,1919,252,0.2262227430539613,0.00023427003922178074,0.00023329253052078316,0.00021036470317665473
2022-09-28,-3.588754236305376e-05,0.4977042300819602,0.5022957699180398,1.5478796204550427,0.0033705101865010864,0.9118973802034919,0.9944523669267245,1919,252,0.0702909734809518,0.0002607339154828229,0.0002550762282716326,0.00023516881164739904
2022-09-29,0.00013385865929629824,0.49861297124641885,0.5013870287535811,1.5454020765975853,0.0033467888515004377,0.9113066097854686,0.9883073943963945,1919,252,-0.2621816611348257,0.0002537612492266211,0.0002514017784837051,0.00023017669232969223
2022-09-30,-0.00014347442892259998,0.4960673830600173,0.5039326169399827,1.5433183377506146,0.003385790695042732,0.9080853436591276,1.0002411974293932,1919,252,0.2810155450760442,0.0002540629867501701,0.00024491254982411914,0.00022651808732787856
2022-10-03,-0.00045501262215080047,0.503606663573866,0.49639333642613404,1.604749467597741,0.0034280928922449856,0.9173854485151672,1.0127382488405827,1940,252,0.8412105648792909,0.0002781965520034489,0.0002907647519028215,0.00026091472972067045
2022-10-04,-0.0005382330938842192,0.5059988653833769,0.4940011346166231,1.6239173784959875,0.0033724304009416796,0.9281456797769787,0.996915272232948,1940,252,0.995065505661986,0.00030824452588299275,0.0003251702369609567,0.00029384562406327565
2022-10-05,-7.073049167025607e-05,0.5085728379581069,0.4914271620418931,1.6205633308556422,0.0034977967880200946,0.9209373856842803,1.033974499865412,1940,252,0.130763926000292,0.0002982517240979732,0.00032130761689447014,0.0002850900732483889
2022-10-06,0.00023106913333809703,0.5118031247736975,0.4881968752263025,1.6283817638469626,0.0034985368591114734,0.9211310503172288,1.0341932703323509,1940,252,-0.4271920969196498,0.00029510050068483215,0.00032676162173647677,0.0002860368039152794
2022-10-07,0.000360640332308912,0.5132378199519055,0.48676218004809446,1.6318460116605382,0.003447290305155044,0.9228670926345511,1.0190444114339705,1940,252,-0.6667385538137678,0.0002918423129294242,0.00032578362093880673,0.0002845626604774
2022-10-10,0.00028378658670423436,0.5129911708591333,0.48700882914086674,1.6334878855904065,0.00339983524861889,0.9230896489346953,1.0050163471061315,1940,252,-0.524654181631728,0.00028544733466666795,0.000316943427240015,0.0002776500474542898
2022-10-11,0.0002665207596979726,0.5125999936114729,0.4874000063885271,1.6316939377238069,0.003345932961315515,0.9240797057057903,0.9904316645012031,1940,252,-0.4927337570501172,0.000280539765988508,0.0003104346760969708,0.00027270415881471005
2022-10-12,0.0003778815547095456,0.5124382656818491,0.48756173431815086,1.62581684413004,0.0032998094195792757,0.9236898231176232,0.9781021924582798,1940,252,-0.698613490307375,0.00027157804291082796,0.00030025654228388744,0.0002637665539451521
2022-10-13,0.00023427823150095025,0.5143819813907027,0.4856180186092973,1.6455260815622568,0.0032573562800726477,0.9299581196495535,0.9659856348703874,1940,252,-0.43312495932150247,0.00028544638226315404,0.00032207034890452093,0.0002819687857693939
2022-10-14,0.00016373180876681938,0.513224210000415,0.48677578999958504,1.6407330383085852,0.0032163055705883214,0.9332143484436438,0.9540834885267028,1940,252,-0.30270133318586634,0.00029410833279168013,0.00032675545481645275,0.00028929870886593666
2022-10-17,-9.117605568590223e-05,0.5159408477874328,0.48405915221256723,1.6700481897860606,0.00320233193228401,0.9361995056463109,0.9499383545249142,1940,252,0.1685629311654219,0.0003007050208553576,0.00034428432114672075,0.0003012294090779373
2022-10-18,-0.00023722021374442186,0.5170517211533779,0.48294827884662206,1.6840716980203756,0.003162646753039261,0.9361616185727708,0.9381661601778105,1940,252,0.43856398765701843,0.00029233430339725995,0.0003366605912886661,0.00029368844679989766
2022-10-19,-0.00018472838579393575,0.5173780060663836,0.4826219939336164,1.6843645070281803,0.0031113869359427272,0.9363258898203156,0.9229604702819478,1940,252,0.3415190308972463,0.0002835282581096773,0.0003268785439557267,0.0002850482730827913
2022-10-20,-2.032657253441362e-05,0.5175683821961975,0.4824316178038025,1.678724552572905,0.0030826434330750896,0.9354194573412447,0.9144340100664725,1940,252,0.0375790181004408,0.00027424903895450174,0.0003165655528614917,0.00027562003535397346
2022-10-21,-6.146322380752074e-05,0.5172115769993212,0.4827884230006788,1.6783710847973954,0.0030322955949569305,0.9401219261041472,0.8994988492189402,1940,252,0.11363094275061934,0.00028671921143873366,0.00032974317833674876,0.00028906831326056085
2022-10-24,-0.00028178939870488975,0.5166152699692758,0.48338473003072424,1.6839078417186364,0.0030286765495081136,0.9384251776652018,0.8984252971477319,1940,252,0.5209618540713244,0.0002788934043845404,0.0003189946151161837,0.00027990486632733705
2022-10-25,-0.0001637874076660444,0.5147026073539858,0.48529739264601424,1.6664246569208414,0.003003662856863429,0.9399492110815784,0.8910052462179907,1940,252,0.30280412238147736,0.0002837649133304495,0.0003187249361123764,0.0002826778351677456
2022-10-26,-0.00023175291604245633,0.5145713226167384,0.48542867738326156,1.6685262245126404,0.002955245226366026,0.9409023658872728,0.8766426613213358,1940,252,0.4284562491804594,0.00027875896323547244,0.00031390245688411666,0.0002783276407541256
2022-10-27,-0.0006209925241485464,0.5144236380737764,0.48557636192622355,1.6835203221049075,0.0030257564498981752,0.9361113946745098,0.8975590800668138,1940,252,1.1480680899697904,0.00027050770773733783,0.00030414944109293315,0.0002685102476577288
2022-10-28,-0.0007100211129295284,0.5145049878361199,0.48549501216388014,1.6882650213957076,0.00298030361540815,0.9359718357591768,0.8840759709710142,1940,252,1.3126608634731927,0.00026172527782866896,0.000294602814164257,0.0002598986723039748
2022-10-31,-0.0007147178096533022,0.5145002564205043,0.48549974357949566,1.689333567290087,0.0029311380718189976,0.936045650928932,0.8694915254594301,1940,252,1.3213439432642478,0.0002534798562997808,0.00028526262254726536,0.0002517046224099316
2022-11-01,-0.0003411808492076047,0.5120877247425601,0.48791227525743985,1.6564986400648003,0.003050581019671029,0.9293885963700816,0.9049230296699377,1961,252,0.5311481442593309,0.00025171080021726126,0.00027633041300502355,0.00024511089039455343
2022-11-02,-0.0003098174985735577,0.511448201688112,0.488551798311888,1.651744282272979,0.0030003593093828225,0.9323326284242531,0.8900252833271407,1961,252,0.4823218823934657,0.0002542666276233279,0.00027871509286486696,0.0002481965888209393
2022-11-03,-0.0007157216113936498,0.509061470806627,0.490938529193373,1.6502868204733798,0.0030548216522195584,0.9286586819652654,0.906180969068625,1961,252,1.114230785757601,0.0002528486640899113,0.00027084735753033797,0.00024302377148551965
2022-11-04,0.00015911922568190263,0.4913247798019516,0.5086752201980485,1.5101950794761825,0.0034358201172589443,0.9240234972480917,1.0189099969122226,1961,252,-0.24771578367664265,0.0003270129966465351,0.00029419341945825507,0.0002866038360621605
2022-11-07,-0.00013847987530725672,0.4877976850020413,0.5122023149979587,1.49789816397842,0.003418910615502169,0.9221129441018002,1.0134051830386988,1961,252,0.21558457620801735,0.000316609652112579,0.00028482699157638807,0.0002769088047899892
2022-11-08,-0.00015012848488716966,0.48724836504277275,0.5127516349572272,1.495037596496037,0.0033627611738553513,0.9228256916431494,0.9967618303486325,1961,252,0.23371905642852767,0.0003089428180277791,0.00027834175706437477,0.00027061253580711427
2022-11-09,2.5122268722951723e-06,0.48918254980329673,0.5108174501967033,1.5022085241602368,0.003327253586054813,0.9263597048454297,0.986236965103221,1961,252,-0.003911018582306353,0.00031367986152772544,0.00028845734840367456,0.00027865303523390967
2022-11-10,0.0005087683329225162,0.4825568463203682,0.5174431536796318,1.4487765155410564,0.0033285742576177743,0.943129923649127,0.9866284276354464,1961,252,-0.7920472573924427,0.0004214978321827411,0.0003606446255363957,0.00036771295367099034
2022-11-11,0.0010885983508939292,0.479138395058381,0.520861604941619,1.413734659394603,0.0033807944650845814,0.9403020411899756,1.0008664318961376,1961,252,-1.6947228874773272,0.00041904245499059127,0.000350978151498097,0.0003606088930580558
2022-11-14,0.0011079810909001848,0.47893270298572965,0.5210672970142703,1.4109501065414969,0.0033283079022369327,0.9413801676027939,0.9853280608350313,1961,252,-1.7248978120338905,0.0004127269027740591,0.00034730963066359905,0.00035641407555370044
2022-11-15,0.001576834472543042,0.47768393483927885,0.5223160651607212,1.3914105372150745,0.0033410935347191347,0.9394475182195011,0.9891131801299651,1961,252,-2.454805730862544,0.0004051524909505976,0.0003368201750062073,0.00034704103407538176
2022-11-16,0.0013805886292044807,0.4770261717535499,0.5229738282464501,1.3914977038075678,0.0032962051051624404,0.9394113093205901,0.9758241964937754,1961,252,-2.1492914684120805,0.00039498668108492007,0.0003269960439516375,0.0003376122989520371
2022-11-17,0.00140064095227077,0.4769770341471641,0.5230229658528359,1.3892541275515888,0.003242818693078197,0.9394864652111005,0.9600194297957925,1961,252,-2.1805087955553963,0.0003826264339530739,0.0003170214384500632,0.0003272068063265324
2022-11-18,0.001550608702173639,0.4769846883028187,0.5230153116971813,1.384012833600739,0.0032001864409096775,0.9390828578668258,0.9473983756168793,1961,252,-2.4139776207976573,0.0003701239814369775,0.000306728256651946,0.00031641307305618494
2022-11-21,0.0011855765913054174,0.47587041653923184,0.5241295834607682,1.3858866043417326,0.0031897870871830875,0.9380641338318861,0.9443197016052376,1961,252,-1.8456979863075493,0.0003637784969511852,0.0002980906051978404,0.0003089051777583145
2022-11-22,0.0009493555475636045,0.4778389014849607,0.5221610985150393,1.403100454068253,0.0031968561611803183,0.9374695066911187,0.9464124638069886,1961,252,-1.4779505898465009,0.00035779276432618877,0.000299808871198172,0.0003070401479268756
2022-11-23,0.0014182864707215244,0.4770923865205834,0.5229076134794166,1.3849172714624003,0.003245160700217835,0.933766405772171,0.9607127686998675,1961,252,-2.207979224805395,0.0003500642583482256,0.0002900616550116561,0.000297548175244927
2022-11-25,0.0013558147409746715,0.477003141352239,0.522996858647761,1.384743792393806,0.003193729201857512,0.9337068218818689,0.9454867439348037,1961,252,-2.110723639092492,0.0003386622614219024,0.00028078195231077247,0.0002879244385311898
2022-11-28,0.001278185461105022,0.47747440939405233,0.5225255906059476,1.3872687597036233,0.003142573756084681,0.9365248812021144,0.9303424430873316,1961,252,-1.9898708771666225,0.00034162500141498995,0.00028457726370012483,0.00029200765916962795
2022-11-29,0.0018159124825562582,0.4771985773508794,0.5228014226491207,1.36816917880075,0.003267576979148906,0.929321107573718,0.9685481192847918,1961,252,-2.8270008339776784,0.00033222704666860235,0.00027589298630753865,0.0002813543435373517
2022-11-30,0.0021802707698016692,0.4745865797731918,0.5254134202268081,1.341740321186114,0.0032572017674531023,0.9305803840745096,0.9659398133642169,1961,252,-3.3942314642002693,0.00034065814426458224,0.00027560773997888153,0.0002851405524833167
2022-12-01,0.0028913499985905003,0.47427349731634105,0.525726502683659,1.3461615467204562,0.0032514765559920607,0.9285646940040633,0.964516594372048,1982,252,-2.899009850142206,0.0003295625932488293,0.00026723993249323487,0.00027556991312633635
2022-12-02,0.002902489887825004,0.4744761514120701,0.5255238485879299,1.34436491843453,0.0032010142051413625,0.9288619172989495,0.9495474645172357,1982,252,-2.910179251506988,0.00032031138842288683,0.00026042928504672213,0.0002682762683413739
2022-12-05,0.002910444939197444,0.47625460627696486,0.5237453937230352,1.350649188327377,0.0031630393429868398,0.9323552448031102,0.9382826178894694,1982,252,-2.9181553776412623,0.0003259622253524298,0.00026965203661558096,0.00027641837379505736
2022-12-06,0.0034660903457520856,0.479288143179944,0.5207118568200559,1.3527311368833614,0.0032434273824686497,0.9279111207889853,0.9627531007966174,1982,252,-3.475272816752208,0.00031702416513495514,0.00026959904745075565,0.00027127622927422995
2022-12-07,0.0034272143955481676,0.47990462783887045,0.5200953721611296,1.352530050649371,0.0031912311907261277,0.9278589188075163,0.9483502761293512,1982,252,-3.436293875209421,0.00030663137679941006,0.0002608036990674567,0.0002623899015533954
2022-12-08,0.0030700948124050926,0.4804974107648882,0.5195025892351117,1.359071606306547,0.0031647040412521835,0.9268781073930807,0.9412023550287221,1982,252,-3.078228200104316,0.000296762027860235,0.0002536357180732967,0.00025429158909847494
2022-12-09,0.003224946265500696,0.4812132862741498,0.5187867137258502,1.3551313196220252,0.0031398948295399327,0.9259073206816568,0.9338239435925811,1982,252,-3.233489890336155,0.0002873856604875015,0.0002471333725436963,0.00024675488724786726
2022-12-12,0.002904177148121632,0.481617346933004,0.5183826530669959,1.3608055405953179,0.003113751176992377,0.9247742709249629,0.926048661283062,1982,252,-2.9118709817444426,0.0002779651736492447,0.00023968769128681928,0.00023870075772737504
2022-12-13,0.003180792062926888,0.48062226739220276,0.5193777326077973,1.351216407354207,0.0030938785027669704,0.9239794513332591,0.9201384063151848,1982,252,-3.189218713118232,0.0002730671186150228,0.000232930145568473,0.000233028943303938
2022-12-14,0.00309678518742648,0.4805798000681977,0.5194201999318022,1.3476780509425677,0.0030443519499620043,0.9241772014017757,0.9064697319649165,1982,252,-3.104989284071567,0.00026488514583336055,0.00022630172699495386,0.0002262705263695826
2022-12-15,0.0023483441418243275,0.4748073525940211,0.5251926474059789,1.3289323790773933,0.0030764912149235384,0.9281141634622223,0.9172873742210097,1982,252,-2.3545654458959415,0.00029403117109784714,0.00023686068122195854,0.00024493146159389846
2022-12-16,0.002567702342471493,0.4749000507995267,0.5250999492004733,1.3201542710358751,0.0030784237483441608,0.9262446395641668,0.9184282133099657,1982,252,-2.5745047768989706,0.00028521158575940073,0.0002327028380138334,0.00023862180648978734
2022-12-19,0.0027887625483874914,0.4756695088942884,0.5243304911057116,1.3143889061275367,0.0030800984364185223,0.9239978592787863,0.9194325174441622,1982,252,-2.796150622174483,0.00027595847900613063,0.00022692437543689775,0.00023122426666809343
2022-12-20,0.0019264561901832335,0.4764938229572994,0.5235061770427005,1.339083667096113,0.003402681360183149,0.9051033259394343,1.0157259430615206,1982,252,-1.9315598159790943,0.00026853435598243826,0.00022272227422051,0.00022135019831651844
2022-12-21,0.001977524099418572,0.4769279020776644,0.5230720979223356,1.3387732659540614,0.0033470164710718148,0.9078784401605752,0.9995630471247894,1982,252,-1.9827630158585918,0.00026729821466232124,0.0002222410085988462,0.0002212777931664646
2022-12-22,0.0017360180384054982,0.47595772318385465,0.5240422768161453,1.3374217138365931,0.003299752281081788,0.9103593228339757,0.9859122343921949,1982,252,-1.740617149710512,0.00026849427064337,0.00022082072546422032,0.0002216666059724479
2022-12-23,0.0017241417931509316,0.4764244797693735,0.5235755202306265,1.3392322681691422,0.003249526857409804,0.9121729158929837,0.9710628794363622,1982,252,-1.7287094415491076,0.0002648795498593599,0.00021926448444392738,0.0002198292782452935
2022-12-27,0.001600362861204668,0.4768773663601885,0.5231226336398115,1.3435997167820515,0.0032069576219809657,0.9118375301414221,0.9591580424820104,1982,252,-1.6046025907260566,0.000256512238279053,0.00021311636553204009,0.00021319642061070555
2022-12-28,0.0017625551144116185,0.4798270599841658,0.5201729400158341,1.3517402839030752,0.003202011208447788,0.9128196695454648,0.9597327760517037,1982,252,-1.7672245285381247,0.0002547756994797641,0.00021784218950677027,0.00021504779197078325
2022-12-29,0.001413452592322682,0.48411216695304193,0.5158878330469581,1.3847259234598437,0.0032568489402887853,0.909799747699691,0.9780041070978283,1982,252,-1.4171971535269094,0.00024986228803130313,0.00022178674073678028,0.00021417262406887313
2022-12-30,0.0014497017517195578,0.48530252202744567,0.5146974779725544,1.388247990636677,0.0032068257547103038,0.9102078184013216,0.9634617761598759,1982,252,-1.4535423452892857,0.00024292366487647615,0.00021635234331657735,0.00020866820279443813
2023-01-03,0.00017150686720495152,0.4839328916432624,0.5160671083567376,1.388885610149976,0.0032035531777684545,0.9085097211141008,0.9625268460859374,2003,252,-1.1167530148219031,0.0002398833210365415,0.0002102433125021461,0.00020402843591281784
2023-01-04,0.00020893863739110846,0.4816268132715298,0.5183731867284702,1.3687408862180113,0.0031623691053903396,0.9149130992883224,0.9503033599840747,2003,252,-1.3604869415547478,0.0002540604652636352,0.00021806164788680922,0.00021534660781698218
2023-01-05,0.00016607910227673292,0.4796368077779093,0.5203631922220907,1.364150853134135,0.0031348465311087006,0.9154527778566504,0.9431090285075076,2003,252,-1.0814105650056562,0.00025328364122631893,0.0002140549891660497,0.0002131582738768431
2023-01-06,0.00023690137482178253,0.474204491968939,0.525795508031061,1.321869444969941,0.0031343643062004436,0.9226780926436673,0.944492682600183,2003,252,-1.5425640317453206,0.00028431840361677047,0.0002281987474293954,0.00023502243595347077
2023-01-09,0.00018229650421378943,0.4734599358617353,0.5265400641382647,1.326706870901089,0.003161247171900854,0.9188453297901292,0.9531968459293086,2003,252,-1.1870088585372143,0.0002751512892459045,0.0002216812519585764,0.00022693039604213282
2023-01-10,0.00019631966644499267,0.4734146406583907,0.5265853593416093,1.3223973595620988,0.0031169684241799623,0.9184720029110729,0.9413549591003945,2003,252,-1.2783195387114292,0.0002661346133036437,0.00021464847814888074,0.00021952324335086767
2023-01-11,0.0002147371053919839,0.4730443990052755,0.5269556009947245,1.3161809653590038,0.00306738318918676,0.9197094423540905,0.928156380524224,2003,252,-1.3982431942742835,0.00026222203501748327,0.00021069319316435446,0.0002161774997373294
2023-01-12,0.0002597378220437634,0.4711918213520144,0.5288081786479857,1.2974930003294998,0.003041499771129604,0.920884945986815,0.9206680169612845,2003,252,-1.691261700232802,0.0002641281564999955,0.00020840749192860045,0.00021605752017967212
2023-01-13,0.00028120439281978274,0.4705617825603756,0.5294382174396244,1.2885855026407877,0.00300219431129935,0.920425216826878,0.9093148440838724,2003,252,-1.831039529673064,0.00025623907813668957,0.00020165813828613006,0.00020922764501315861
2023-01-17,0.0002773206183332471,0.4704710554745908,0.5295289445254092,1.2868652943026992,0.0029528760196420333,0.9204686471709368,0.8948703424793346,2003,252,-1.8057506480241203,0.00024799009589469563,0.00019523366885940092,0.0002025366052137072
2023-01-18,0.00026060364268505517,0.47062398126025096,0.529376018739749,1.2876952409258986,0.0029043029185304987,0.9225824197178267,0.8802916874291736,2003,252,-1.69689942090962,0.0002462574267438818,0.0001941575242305412,0.00020173300412950016
2023-01-19,0.00029584403006113584,0.4701657582164332,0.5298342417835669,1.2768574395947558,0.0028925924880306483,0.9207853734672445,0.8772138325774199,2003,252,-1.9263643367295833,0.00023932435909170794,0.0001877987158611425,0.0001952082523766588
2023-01-20,0.00028425682061992513,0.47126564585248987,0.5287343541475101,1.283221607396986,0.002860338641850626,0.9216561621184404,0.8689313426969218,2003,252,-1.8509151649982762,0.00023514982555458355,0.00018674487073012624,0.0001931370539551511
2023-01-23,0.0002769168943746325,0.4716769483484131,0.5283230516515869,1.2848051504612634,0.002815878876426289,0.9217597547059614,0.8568757282956245,2003,252,-1.8031218323079552,0.000227954407932006,0.0001813823394762769,0.0001874300578147558
2023-01-24,0.00028410512096135545,0.47181781274089185,0.5281821872591081,1.2818764790407213,0.0027736772600686576,0.9215420401655597,0.8445967113995173,2003,252,-1.8499273850112936,0.00022048264971693385,0.00017554654883806183,0.00018130029466105328
2023-01-25,0.0003538603702868614,0.4714752249032104,0.5285247750967896,1.2641686870854876,0.002905878280629145,0.9114342902520735,0.8872140281928443,2003,252,-2.3041330168523912,0.0002146784198200125,0.00017048115266748436,0.00017436437009968962
2023-01-26,0.0003103246534625706,0.47292792665673444,0.5270720733432656,1.2774136217442276,0.0029267387506383,0.9080084900335404,0.8958560849079596,2003,252,-2.02065373810223,0.00020795302645592546,0.00016775693457578942,0.00016959489397632763
2023-01-27,0.0002661468859156186,0.47250148105422435,0.5274985189457757,1.281116303723639,0.0029230376825472863,0.9054557880646031,0.8961249709401884,2003,252,-1.7329937982981665,0.00020254780542509183,0.00016226644423566677,0.00016415169821837165
2023-01-30,0.0002693074905864862,0.4741755773845054,0.5258244226154947,1.2856418516851535,0.0028913115696652925,0.907880499851671,0.8876462681189622,2003,252,-1.7535738185176113,0.0002015504594688603,0.0001643105399877839,0.00016521645363650275
2023-01-31,0.00019531949996425574,0.47944333835650355,0.5205566616434965,1.327440230200394,0.003084365711258172,0.8947405555774056,0.9469885481832164,2003,252,-1.271807036029236,0.00019548820159625372,0.00016765863452841392,0.00016198334422687686
2023-02-01,0.0,0.4795494362345562,0.5204505637654437,1.314259370723196,0.003146314834178355,0.8873337855509469,0.9667581531950805,2023,252,-1.6429121978025583,0.00019091840979792592,0.00016228797147099767,0.00015619031034466038
2023-02-02,0.0,0.478169721181704,0.521830278818296,1.3127721332508577,0.003126057350120199,0.8862960811513904,0.9613256517464175,2023,252,-1.3847897520386052,0.00018809278327240435,0.00015768108978056442,0.0001526352006337283
2023-02-03,0.0,0.47268375842748767,0.5273162415725123,1.298000723076888,0.0032078796808150054,0.8806984965452097,0.9865901220860507,2023,252,-0.8881776124469333,0.00019388185335681213,0.00015439237969632234,0.00015237326264008112
2023-02-06,0.0,0.47265044637074183,0.5273495536292582,1.2957266542094794,0.003161266180272371,0.883501582245642,0.9725471528765539,2023,252,-0.8916753320203173,0.0001918347652788555,0.000154360785879094,0.00015203356511449975
2023-02-07,0.0,0.47366920684769465,0.5263307931523054,1.3026110592717863,0.0031201614227444846,0.8845902036028171,0.9608349578202675,2023,252,-0.8227732879219454,0.00018764629912764518,0.0001525256027682961,0.00014965233662059407
2023-02-08,0.0,0.4735514693421421,0.5264485306578579,1.3036588819234205,0.0030697990804579487,0.886243990545072,0.9462148132500817,2023,252,-0.7222227644623717,0.00018459872137767784,0.00014953915863235057,0.00014724654525111473
2023-02-09,0.0,0.47426645742335416,0.5257335425766458,1.3033697473780468,0.0030321299032635067,0.8861369454659105,0.9349413722352098,2023,252,-0.795485378040128,0.0001792353781649479,0.00014627095484175272,0.00014348012961093922
2023-02-10,0.0,0.4760523978780682,0.5239476021219318,1.3341242184789048,0.003354745401792413,0.858305690284529,1.0344181712253582,2023,252,-0.14487422116917445,0.0001745693225027779,0.00014520338026175012,0.00013665147327682577
2023-02-13,0.0,0.47478646279813747,0.5252135372018625,1.31996212546611,0.003326257326503071,0.8580659990156723,1.0256340224411356,2023,252,-0.34691454847622094,0.00017275981606505682,0.00014140906178018267,0.00013411602720410766
2023-02-14,0.0,0.4745435108550711,0.5254564891449289,1.3186176783563062,0.0032712176607250293,0.8583877478547463,1.008662829816933,2023,252,-0.31699267670436193,0.00016746641528136432,0.0001370920629939345,0.00013006292841769522
2023-02-15,0.0,0.4655761490206657,0.5344238509793343,1.294388355430031,0.003518626879701572,0.8380294120771127,1.0849501664658694,2023,252,0.4012629596448202,0.0001771652791966768,0.00013315744499694518,0.0001287156322819308
2023-02-16,0.0,0.46706417098831243,0.5329358290116876,1.2929083092602658,0.0035452003303456355,0.8336978278036218,1.093143950770244,2023,252,0.147978632034924,0.00017219896900916212,0.000133809044427649,0.0001265513195902285
2023-02-17,0.0,0.4673035096986509,0.5326964903013491,1.2956810296114651,0.0034867394902428875,0.8352062052215804,1.0751178569644153,2023,252,0.21697263635529662,0.00016815966627818632,0.00013055847605280516,0.00012375340774585012
2023-02-21,0.0,0.4739024470270119,0.5260975529729881,1.319312998939356,0.003547225562882073,0.8330209394098809,1.0937684206139253,2023,252,-0.07543103160904792,0.00016603018337799403,0.000137470092435276,0.00012585009693984008
2023-02-22,0.0,0.4753191654942559,0.5246808345057441,1.3268729761833014,0.0034887365153727667,0.8338529284045009,1.0757336292020454,2023,252,-0.046418898361738556,0.0001613569925295362,0.00013366618111663962,0.00012245996296627226
2023-02-23,0.0,0.47563353415145765,0.5243664658485423,1.3291426686871586,0.003431689819796447,0.8338222653107397,1.0581435794531202,2023,252,-0.01095319141299376,0.00015607149481987602,0.00012931703240180227,0.00011845765952758929
2023-02-24,0.0,0.4683478510821385,0.5316521489178615,1.3106318060890594,0.003596655349131458,0.8180952755087242,1.1090098362721241,2023,252,0.5872625519510822,0.00016245844900589313,0.0001255165886925388,0.00011682225892390634
2023-02-27,0.0,0.467246562731473,0.532753437268527,1.3066041389709675,0.003539863036333737,0.8188802493377371,1.0914982241204274,2023,252,0.6380939060287063,0.0001577834041019363,0.00012237897895479602,0.00011379009759779692
2023-02-28,0.0,0.4676749272984836,0.5323250727015164,1.307459568196226,0.003487099354597228,0.8199171006901534,1.0752288192529715,2023,252,0.6042262581157763,0.00015349205957528137,0.0001197980796864342,0.00011118285695156634
2023-03-01,0.0,0.46665093653609696,0.5333490634639031,1.2974494504967033,0.0034390509046885983,0.8215483798951752,1.0604133314194857,2042,252,0.47234896271200316,0.00015153800259175922,0.00011697221552970537,0.0001093793355264531
2023-03-02,0.0,0.4669148505944514,0.5330851494055486,1.3035719349428245,0.003399271701034193,0.8202151006030579,1.04814762235107,2042,252,0.6230668199116994,0.0001465855571278017,0.00011369581879123664,0.00010588772032996244
2023-03-03,0.0,0.46599544879104743,0.5340045512089526,1.2948420086263501,0.0033450846437126937,0.829770060446351,1.0314393270781588,2042,252,0.512350361226881,0.0001507720483600964,0.0001156873375941892,0.00010958751813689367
2023-03-06,0.0,0.46448845468259325,0.5355115453174067,1.2930391799193315,0.003302890335733868,0.83101971586285,1.0184289332425323,2042,252,0.7063782519534292,0.00014911493491892043,0.00011292958711828514,0.00010783897947802652
2023-03-07,0.0,0.46792673789650363,0.5320732621034964,1.3110392342087347,0.003262720167629715,0.8488181400036864,1.0060426723340556,2042,252,0.7225863123573938,0.00015969807453909747,0.00012517935323085527,0.00012001370517257793
2023-03-08,0.0,0.46699617248627856,0.5330038275137214,1.2962720783832486,0.0032756545220170843,0.8436252903701162,1.0096663496816884,2042,252,0.44823551773998704,0.0001568838024757869,0.00012109139260280886,0.00011627739164440783
2023-03-09,0.0,0.4704178582887212,0.5295821417112788,1.3090873189847525,0.003261008863681641,0.8468761280265249,1.0051520676379502,2042,252,0.33298418349696485,0.00015586832078344167,0.0001246086858302333,0.0001180247195831258
2023-03-10,0.0,0.4707222381112772,0.5292777618887228,1.313864999707018,0.0032076093177600515,0.8552135935981556,0.9890495304680904,2042,252,0.4594337621377122,0.0001598850050987832,0.0001271981424852507,0.00012196040209145508
2023-03-13,0.0,0.47045671749825746,0.5295432825017425,1.3155524073437015,0.0031589910106715087,0.8552885155226435,0.9781483934103194,2042,252,0.5703855242098655,0.00015541832188952062,0.00012324426535835313,0.00011837148839455994
2023-03-14,0.0,0.46854292889582216,0.5314570711041778,1.2996219636237176,0.003118107540439132,0.8600487469379485,0.9707402319252855,2042,252,0.41032785655326387,0.00015814075161772672,0.00012304697500883073,0.00011997214879199604
2023-03-15,0.0,0.46741054208917504,0.532589457910825,1.298747272580818,0.003067200963848126,0.8754801258897662,0.9561861814522264,2042,252,0.5921624344583177,0.00017284005317101114,0.0001332307586170379,0.00013285280785811426
2023-03-16,0.0,0.4681418100853986,0.5318581899146013,1.3023780270146648,0.0030199005171270203,0.8801591282077291,0.9415758056611523,2042,252,0.5968320960375223,0.00017327713417227624,0.00013477179800873082,0.00013450280358957798
2023-03-17,0.0,0.46989857028760623,0.5301014297123938,1.3056405383928704,0.003010035076368414,0.8784272236854432,0.9386145117739306,2042,252,0.4395202008278889,0.00016824333700734932,0.00013300157293469038,0.0001314023439292637
2023-03-20,0.0,0.47374276549235717,0.5262572345076428,1.3316472989995014,0.0030083481982046928,0.8796582854510927,0.938586698194276,2042,252,0.615184588377059,0.0001667058224574178,0.0001364272302932616,0.00013265997558771313
2023-03-21,0.0,0.4746244931191185,0.5253755068808815,1.336432088008299,0.0029590606161714913,0.8802434614323273,0.9238569113666968,2042,252,0.6245882586665454,0.0001619804300287661,0.0001326911344421546,0.00012904911635149526
2023-03-22,0.0,0.4751499479399012,0.5248500520600988,1.337923087338038,0.0029135354391896513,0.8806492180103211,0.9098623778165433,2042,252,0.6027226691693388,0.00015728360033799425,0.00012928483008255035,0.0001255794160520759
2023-03-23,0.0,0.4753271148482117,0.5246728851517883,1.3387827712207492,0.002865675129618289,0.8809509273936272,0.8951003453887477,2042,252,0.6156221016120714,0.0001524878388667545,0.00012542779713871436,0.00012183335933518443
2023-03-24,0.0,0.47556099462746954,0.5244390053725305,1.3433149881895856,0.0028278194438439335,0.880277160619516,0.8835278255458033,2042,252,0.7207239782528095,0.00014749271922278025,0.00012156671283108436,0.00011787238253501022
2023-03-27,0.0,0.4787910888922426,0.5212089111077574,1.3687967321164665,0.0028452025652090556,0.8779982771984043,0.8895368507564703,2042,252,0.9596362295475773,0.00014411216865431749,0.00012262606679607638,0.00011671734227773342
2023-03-28,0.0,0.47816740548900777,0.5218325945109923,1.3607503857528984,0.002810754586695987,0.8791878866752113,0.8796548131421458,2042,252,0.8357413929921996,0.0001429650016512317,0.00012010426432234197,0.00011520617993504428
2023-03-29,0.0,0.48022798478817136,0.5197720152118286,1.376051677181155,0.0027849634898122967,0.8815512379911841,0.8723510620511074,2042,252,0.9695081373673267,0.00014156632085774218,0.00012152003543438317,0.00011562492821375098
2023-03-30,0.0,0.47854647610631224,0.5214535238936877,1.3607104482663217,0.0027608012250758484,0.8831576662672354,0.865316820869676,2042,252,0.789222469959268,0.0001425660865521111,0.00011983421980721188,0.00011543480767894523
2023-03-31,0.0,0.47992422556541325,0.5200757744345867,1.374942976528658,0.002757326589837796,0.8809842886716304,0.8678355305271342,2042,252,0.9963122357884494,0.00013837639298349091,0.00011833876825808816,0.00011273601739736399
2023-04-03,0.0,0.48212913174437855,0.5178708682556215,1.388693457326921,0.002719028074385956,0.8890480023261736,0.859398970305414,2065,252,1.0385866973337228,0.0001429539418091283,0.000124546737700881,0.00011862861395558027
2023-04-04,0.0,0.4811993182874587,0.5188006817125412,1.3910835305314975,0.0027069339425561376,0.8873899710804999,0.8558546540134762,2065,252,1.2669625737905241,0.00014057288147369343,0.00012082116556020624,0.00011564764682911138
2023-04-05,0.0,0.48211651786175935,0.5178834821382406,1.3913646145453753,0.00269000175185093,0.8859306109448413,0.8505913066655343,2065,252,1.1141486752008924,0.00013626494154286544,0.00011842738570314628,0.00011254283372363719
2023-04-06,0.0,0.4823250181750858,0.5176749818249142,1.392123522379316,0.0026462474735094135,0.885889281751982,0.8369386765581277,2065,252,1.0974541251934142,0.00013180149216462895,0.00011457578363979664,0.0001088644364965042
2023-04-10,0.0,0.4823006728956659,0.5176993271043341,1.3972326570516236,0.0026206049199900844,0.8843908900689493,0.8289756854651195,2065,252,1.2510218686104388,0.00012762014715566382,0.00011087941106995189,0.0001052032935181198
2023-04-11,0.0,0.4826627378322908,0.5173372621677093,1.4000644112846738,0.002578217806391593,0.8866030492269673,0.8158609634367444,2065,252,1.2689677369081118,0.00012570807733856316,0.00010960108406652444,0.00010406824663261421
2023-04-12,0.0,0.48234330158998556,0.5176566984100144,1.3960791613020127,0.002540283276826595,0.8867163669969148,0.8057605259232533,2065,252,1.2013799189144285,0.00012240347819605116,0.00010630269008571784,0.00010114716894069699
2023-04-13,0.0,0.48257154167590455,0.5174284583240955,1.3971799519729642,0.0024985511096550835,0.8914880654256584,0.7945922634163186,2065,252,1.1990861388638518,0.00012345834044130986,0.00010749602513240525,0.00010270035712044819
2023-04-14,0.0,0.47964438232939743,0.5203556176706026,1.3928596995157871,0.002552626670523089,0.8847899302903326,0.8126190002331074,2065,252,1.565879967649186,0.0001232021100374001,0.00010419106270638736,0.00010024540577145675
2023-04-17,0.0,0.47901557936029815,0.5209844206397019,1.3922995815673755,0.0025137060461813306,0.8844987378442926,0.8012142339270805,2065,252,1.6395745255132295,0.00011920951429271191,0.00010077779201071557,9.694716111589228e-05
2023-04-18,0.0,0.47857857019892586,0.5214214298010742,1.3874695274943332,0.0024799390106721346,0.8839874920310523,0.7911487027724746,2065,252,1.5502891075015623,0.0001157017554645339,9.751467586572302e-05,9.389686337571728e-05
2023-04-19,0.0,0.4795035976593933,0.5204964023406067,1.3897112980539508,0.0024549809253743356,0.8835615416568707,0.78428612644509,2065,252,1.4523477938692084,0.00011238061603229324,9.567964996689616e-05,9.162042403129637e-05
2023-04-20,0.0,0.4807983553431275,0.5192016446568726,1.3894449317387578,0.0024757573145142895,0.8782930553238726,0.7927219345149004,2065,252,1.2205446377808729,0.00010869648976739597,9.360777637895048e-05,8.85937679381266e-05
2023-04-21,0.0,0.4772277568754671,0.522772243124533,1.3828643620838346,0.0025543431335208183,0.8686640652477521,0.8178846199296116,2065,252,1.618284820706229,0.00010930294840239692,9.069133876619298e-05,8.648697374465225e-05
2023-04-24,0.0,0.47620966388954744,0.5237903361104526,1.3728991089329314,0.0025331972229466764,0.866627712839723,0.8111138322441064,2065,252,1.4853894953200986,0.00010602525344504276,8.773303829720573e-05,8.358316594083795e-05
2023-04-25,0.0,0.4808371513805614,0.5191628486194386,1.3963415696335393,0.002514272800528468,0.8802585598396796,0.805054351106359,2065,252,1.4193857770400022,0.0001135435018496157,9.845321014461102e-05,9.306927691294013e-05
2023-04-26,0.0,0.48186476573718934,0.5181352342628107,1.4023262652511312,0.002473133617362458,0.8805748621128957,0.7918818431741265,2065,252,1.4340534762017199,0.00011009413781989655,9.554923391714939e-05,9.031543655082963e-05
2023-04-27,0.0,0.48218197664900886,0.5178180233509911,1.4036173514678167,0.002432310333338297,0.8860085865856175,0.7788104841620123,2065,252,1.419811388719136,0.00011152233261744907,9.685701249170256e-05,9.208404486132017e-05
2023-04-28,0.0,0.48522828849535277,0.5147717115046473,1.4338732702282617,0.002528728201183918,0.8746103891842512,0.8096828795588841,2065,252,1.799909740215135,0.00010788142086050246,9.658448160660373e-05,8.927742125174272e-05
2023-05-01,0.0,0.48575336277332987,0.5142466372266701,1.4387936625932094,0.0024873240101205172,0.8749145643939898,0.7964255177632095,2084,252,1.8444502135672936,0.00010467833429714231,9.363092298599819e-05,8.661711214455429e-05
2023-05-02,0.0,0.4924983300540385,0.5075016699459616,1.4686086670346095,0.002540774542587849,0.873265413640166,0.8135400423775365,2084,252,1.5407258213408142,0.00010423313981278403,9.957466777945977e-05,8.896590543804676e-05
2023-05-03,0.0,0.49281368912051116,0.5071863108794888,1.4754867336649258,0.002511014470452312,0.8734374617305954,0.8040110542912327,2084,252,1.6655198251695889,0.00010249302941345847,9.690137737486367e-05,8.704502511623691e-05
2023-05-04,0.0,0.4929643013956227,0.5070356986043774,1.4802535979581657,0.002476592306117597,0.8727742856887055,0.7929892935792147,2084,252,1.7545573901064422,9.913822438245502e-05,9.381195089708641e-05,8.416888889803874e-05
2023-05-05,0.0,0.492219914672853,0.507780085327147,1.474836436878292,0.0024360077756430732,0.8999479274471719,0.7799943819533733,2084,252,1.7173345463617111,0.0001224912669462647,0.00011492785114468332,0.00010677819808903904
2023-05-08,0.0,0.4921346651627973,0.5078653348372026,1.4774423981854945,0.002399774700309095,0.8996423434702588,0.7683927789191072,2084,252,1.7720264492646214,0.000118475198187074,0.00011123164005794564,0.00010327561277239273
2023-05-09,0.0,0.49105220110165293,0.5089477988983471,1.478696476981413,0.0023926615194684786,0.897507361361116,0.7670914907931178,2084,252,1.9352047242662183,0.00011594014067676678,0.00010770590426278126,0.00010029393856345623
2023-05-10,0.0,0.4914352386605878,0.5085647613394122,1.4702668812435504,0.0024621644660129697,0.888389576445144,0.7897784982843863,2084,252,1.5952447138644474,0.00011238639034409756,0.00010506512420107276,9.653606779978954e-05
2023-05-11,0.0,0.4926826836135616,0.5073173163864384,1.4765918933211897,0.002425725820856143,0.8928738315002703,0.7786342432741578,2084,252,1.5254856155058216,0.00011298805556728188,0.0001068517889844617,9.810638226069762e-05
2023-05-12,0.0,0.4931069512488886,0.5068930487511114,1.4789661784172463,0.002386435551238197,0.8933690560487044,0.768871751167577,2084,252,1.4873385975390658,0.00010976896604730866,0.00010398645333372634,9.54462951150642e-05
2023-05-15,0.0,0.49402441714125117,0.5059755828587489,1.486290792318831,0.00234921649011834,0.8977332017630313,0.7604802946395086,2084,252,1.5092825902811096,0.00011045172860016229,0.00010549468988254094,9.690559352884866e-05
2023-05-16,0.0,0.49316222275770427,0.5068377772422957,1.484141179897483,0.002312179789737111,0.906528463955259,0.7501640805579317,2084,252,1.5414493916719292,0.00011769708910178837,0.00011121930030184712,0.00010371806008363678
2023-05-17,0.0,0.49152382650127135,0.5084761734987286,1.4693914254333063,0.002298973993450235,0.9057900824795103,0.7465992406874232,2084,252,1.3834535392628997,0.00011630555644628727,0.00010830243780152856,0.00010165925183557561
2023-05-18,0.0,0.49111054211662347,0.5088894578833765,1.4683172470013888,0.002261168576027323,0.9062164524019312,0.7347521743263367,2084,252,1.390111533665077,0.00011307801665916735,0.00010520432112182998,9.884115756384709e-05
2023-05-19,0.0,0.4891575322867716,0.5108424677132284,1.4479830485558782,0.002296322623109379,0.9009833017174957,0.7472223122408999,2084,252,1.1387052091758578,0.00011150146183483162,0.00010183229588697392,9.600631275984743e-05
2023-05-22,0.0,0.48881355587130704,0.511186444128693,1.4480700595889906,0.002261137950837489,0.9007587039661933,0.7368651773701972,2084,252,1.171800062466846,0.00010784569735778387,9.854052003492165e-05,9.285756774563453e-05
2023-05-23,0.0,0.48883548803862137,0.5111645119613786,1.4492080728330723,0.0022237787017492456,0.9051560858776749,0.7249973743205083,2084,252,1.173293004491734,0.00010910876285260591,9.976560038180705e-05,9.443733040026936e-05
2023-05-24,0.0,0.48859238442335934,0.5114076155766407,1.4498046587668008,0.0021871217308226517,0.9144375267204949,0.7157335497760201,2084,252,1.1939102286409966,0.00011716237370513566,0.00010681876723990746,0.00010229912100500444
2023-05-25,0.0,0.48870270834542784,0.5112972916545722,1.4510451478608788,0.002151135703393349,0.9163649109350334,0.7069300410124036,2084,252,1.181320362089917,0.0001158620112947736,0.00010579284592060264,0.0001014535230343647
2023-05-26,0.0,0.4830968896176049,0.5169031103823951,1.4081506359765008,0.00221028795719083,0.9137474023077009,0.7278309925643224,2084,252,0.897508561229599,0.00012206194766567766,0.00010532634440535444,0.00010360597656999004
2023-05-30,0.0,0.4822552661109062,0.5177447338890938,1.4032507694635539,0.002174211929597486,0.9148964444910349,0.718506609706429,2084,252,0.8778883820878505,0.00011958241290044286,0.00010346410448072611,0.00010176547112438588
2023-05-31,0.0,0.47656607202911566,0.5234339279708844,1.384632988949731,0.002263553487448872,0.9085391923461182,0.7507720281094196,2084,252,1.1849026219649432,0.00012406448189096199,0.0001015866238742915,0.00010199659253841977
2023-06-01,0.0,0.4681427539673904,0.5318572460326096,1.3271914037959365,0.002304711956376931,0.9120966440118821,0.7658907222190523,2106,252,0.8692157654114931,0.0001390843461915369,0.00010576469354505782,0.00011062425071064619
2023-06-02,0.0,0.4743390595376536,0.5256609404623465,1.3684508044440191,0.002378892317571044,0.9123414865558908,0.7915732444482245,2106,252,1.0596592615277176,0.0001426436427105953,0.00011745072533200252,0.00011808955495437792
2023-06-05,0.0,0.4756592153382541,0.5243407846617458,1.376625356327318,0.0023397593088726742,0.9133321335941512,0.7849888445771787,2106,252,1.0606575721652978,0.0001395009338350466,0.00011495031417055698,0.000115657120711627
2023-06-06,0.0,0.47716179679256704,0.522838203207433,1.3882543500984266,0.002316304088770773,0.9137696516246058,0.7836024746067101,2106,252,1.1283700307616433,0.0001365192374270842,0.0001139038692281482,0.00011394699996097172
2023-06-07,0.0,0.47496876200251986,0.5250312379974802,1.4010771579250565,0.0023997280865952846,0.905465370106083,0.816287522347614,2106,252,1.4372754791947178,0.00013534628208549534,0.00011021247670783642,0.000110588607958097
2023-06-08,0.0,0.4685293796425585,0.5314706203574415,1.3448102491764613,0.002715378408712158,0.8782135044682452,0.9283699778021967,2106,252,0.8643902219695566,0.00013859849316885613,0.00010660483982581619,0.00010674998591227744
2023-06-09,0.0,0.46725806379849866,0.5327419362015013,1.3375883229450036,0.00267030577007664,0.8782215493018108,0.9150252089301227,2106,252,0.8385732641409501,0.00013408182052849626,0.00010316343430557741,0.00010328849134730177
2023-06-12,0.0,0.46658991575549935,0.5334100842445006,1.3294339805999218,0.002641777442963397,0.8770004291586158,0.9079187595707342,2106,252,0.6969804895986941,0.00013020811188175666,9.97893663996468e-05,9.996798977999212e-05
2023-06-13,0.0,0.46437740860051424,0.5356225913994858,1.3109685979352066,0.0026191108669392387,0.8783548809203882,0.9015591001940022,2106,252,0.49366189580006653,0.00013084972893708167,9.820447925823833e-05,9.95685267398347e-05
2023-06-14,0.0,0.4637045348917258,0.5362954651082742,1.303978423448785,0.002583050470635247,0.8777914904742775,0.8911840871621219,2106,252,0.3827116913510279,0.00012684650082581017,9.49941037411482e-05,9.635603857621756e-05
2023-06-15,0.0,0.45936915535495465,0.5406308446450454,1.2717932220553003,0.0025810383736843668,0.8808650084319174,0.8924900371575464,2106,252,0.07923943162323754,0.00013288073058592565,9.537182786279972e-05,9.916317307727582e-05
2023-06-16,0.0,0.4583168784873332,0.5416831215126667,1.2595360089849956,0.0025746007352334737,0.8776120553027491,0.8944265011256204,2106,252,-0.1374855050222487,0.00012883137382673304,9.235420503750485e-05,9.572860637886093e-05
2023-06-20,0.0,0.4645997005702543,0.5354002994297458,1.2764921476285922,0.0027692683203306913,0.8591191131743087,0.9672587006790523,2106,252,-0.5943333254056118,0.0001249040940578981,9.579545498840272e-05,9.397539724060305e-05
2023-06-21,0.0,0.46541568734121774,0.5345843126587823,1.2884762153035876,0.002794416427726063,0.8522666775066547,0.9795447360080148,2106,252,-0.34718618134666124,0.00012150747154010593,9.284993759690248e-05,9.052484885680818e-05
2023-06-22,0.0,0.4532352948658253,0.5467647051341746,1.2474237823590055,0.003057105777214519,0.8284670128409463,1.0716269206615654,2106,252,0.31800318768516334,0.0001333862444174023,9.058144107167435e-05,9.106476181414407e-05
2023-06-23,0.0,0.44067915001528685,0.5593208499847131,1.2020898481124862,0.0031256221380745507,0.8305136503632126,1.095644400642344,2106,252,0.8458325436579811,0.00014914840642874492,9.165702991679699e-05,9.710441444883133e-05
2023-06-26,0.0,0.4433456074445207,0.5566543925554793,1.2291421590746443,0.0032882574399783642,0.8118521117307763,1.1526539974541519,2106,252,1.273887027078671,0.00014431991702802688,9.385638083685564e-05,9.44869785713748e-05
2023-06-27,0.0,0.4438218200522789,0.5561781799477211,1.2298103791454462,0.0032341515810012083,0.8148247102898807,1.1336879232418724,2106,252,1.1946698175363129,0.00014194556268854396,9.217713518051756e-05,9.320446210783987e-05
2023-06-28,0.0,0.4433667191814973,0.5566332808185027,1.232053022890345,0.003186205247664098,0.8152367326107436,1.116880987108352,2106,252,1.3060130843195703,0.00013849441027314566,8.943801813361032e-05,9.073209647888784e-05
2023-06-29,0.0,0.4439222595715725,0.5560777404284275,1.2360578690325146,0.0031376211098994335,0.8168289209039046,1.0998504772928943,2106,252,1.317412331784062,0.00013502168697926585,8.772421547914352e-05,8.889812835845096e-05
2023-06-30,0.0,0.44651484391734464,0.5534851560826554,1.2517781162674348,0.0031054935963819863,0.8209160866642968,1.0885886136584,2106,252,1.3763168810933024,0.0001335457181206184,8.882764872490436e-05,8.941035789614707e-05
2023-07-03,0.0,0.4474244575141623,0.5525755424858376,1.2572429609759026,0.0030560605297602675,0.8222332526535787,1.0712605233589019,2127,252,1.3740834906933435,0.0001300303562747975,8.678127449597195e-05,8.734346659401406e-05
2023-07-05,0.0,0.45148807429065724,0.5485119257093427,1.2742162672889799,0.0030511318469386844,0.8239655562962283,1.0695328405177071,2127,252,1.2121941310716262,0.00012820731066823666,8.885732520991772e-05,8.79451857819577e-05
2023-07-06,0.0,0.4535058505827792,0.5464941494172209,1.2901982110477437,0.0030018825985706353,0.8489668528597668,1.0522691852111392,2127,252,1.3313807867577727,0.00014406848844183054,0.00010053965987134036,0.00010217483371157898
2023-07-07,0.0,0.4539382460673536,0.5460617539326464,1.2913279792522567,0.0029524027078960615,0.8517192649901411,1.034924681375692,2127,252,1.2721958781673783,0.00014195546439473017,9.903255462240574e-05,0.0001009860810928301
2023-07-10,0.0,0.45363046692965286,0.5463695330703471,1.2942891606606843,0.0029110630122814955,0.8513500620850181,1.0204336123905398,2127,252,1.3778430849537922,0.0001379504571229763,9.586688801168798e-05,9.790481674713157e-05
2023-07-11,0.0,0.44916038346718273,0.5508396165328173,1.259681247885576,0.0029484228621898777,0.8466771720010621,1.033529600501941,2127,252,1.0014207618617406,0.00014042934634639868,9.349172244080099e-05,9.701376697225986e-05
2023-07-12,0.0,0.4424522937646677,0.5575477062353322,1.2145108276565109,0.0029419553749929655,0.8564030235405006,1.0312625106809405,2127,252,0.6120823978648325,0.00015427912658248406,9.673310215371143e-05,0.00010462111288054013
2023-07-13,0.0,0.4367704671649492,0.5632295328350507,1.1759551128974175,0.0029156293412714585,0.8689694948126221,1.022034277016119,2127,252,0.21418764709361596,0.0001704406637916442,0.00010201295166216692,0.00011458263258088776
2023-07-14,0.0,0.4374668849675112,0.5625331150324888,1.1761889740492615,0.002895432534847617,0.8689658044724555,1.0149545607575279,2127,252,0.08849959790078425,0.00016644142408591095,0.0001015120566787332,0.00011295155425864066
2023-07-17,0.0,0.4369279816667588,0.5630720183332412,1.1803466813284524,0.0028882305230705798,0.8655736198053539,1.0124299933183774,2127,252,0.32396111324071236,0.00016197144318995867,9.819179864529764e-05,0.00010915932601175335
2023-07-18,0.0,0.43834918416171564,0.5616508158382844,1.1923129721509422,0.0028873044802023465,0.8625613724053002,1.0121053815647763,2127,252,0.5028427777496113,0.00015691735869145248,9.668191292262558e-05,0.00010624245985196185
2023-07-19,0.0,0.43861401883905865,0.5613859811609414,1.2064922153820659,0.0029982619757008646,0.8480049098174315,1.0510000250251463,2127,252,0.9850886930278383,0.00015272883703871783,9.441403283682382e-05,0.0001018303328866331
2023-07-20,0.0,0.4394367245449814,0.5605632754550186,1.2045764093617912,0.0029957848362892423,0.8438661491142659,1.0501316974391297,2127,252,0.7416396430490919,0.00014772464364324334,9.211806903202703e-05,9.844019250239074e-05
2023-07-21,0.0,0.4392058979463256,0.5607941020536744,1.2116701256059865,0.0030005366679968504,0.838534538472823,1.051797387523614,2127,252,1.072770069691171,0.0001435138379607469,8.92507066775867e-05,9.490163106601511e-05
2023-07-24,0.0,0.4398796775036825,0.5601203224963175,1.220006744512227,0.0029773742157559084,0.8363540934481589,1.0427028470431716,2127,252,1.2802980971412399,0.00013883401652494974,8.700944843802522e-05,9.192239659959251e-05
2023-07-25,0.0,0.43845919247395365,0.5615408075260464,1.1979162994302033,0.0031378476003058545,0.8143111270167502,1.090859976263217,2127,252,0.6012589735774946,0.00013668011958529097,8.47989991116339e-05,8.766745666902429e-05
2023-07-26,0.0,0.43816237104916417,0.5618376289508358,1.1922398281282267,0.0031032672328180013,0.8124096528438978,1.07462502817814,2127,252,0.38782151000544374,0.00013230810385110226,8.212541536981708e-05,8.468511609488595e-05
2023-07-27,0.0,0.43977429434403814,0.5602257056559619,1.2002824238513596,0.0030600605272015535,0.8181321016654219,1.059663053021912,2127,252,0.3799029360653523,0.00013158305951602224,8.292065043307474e-05,8.545840323126151e-05
2023-07-28,0.0,0.4399799676980947,0.5600200323019053,1.2153295163117885,0.0031842120526187185,0.7986232793889193,1.1026552694475105,2127,252,1.0735360020780231,0.00012843957941466557,8.121632820772376e-05,8.156673499041177e-05
2023-07-31,0.0,0.4401077286088752,0.5598922713911247,1.2140825684086585,0.00313163008873688,0.8030021957167061,1.0844467523657022,2127,252,0.9677549567500672,0.00012700428371293507,8.029069545634618e-05,8.108836194461551e-05
2023-08-01,0.0,0.43774471804631315,0.5622552819536868,1.2110046130017067,0.0030862340711840155,0.8194059786536894,1.0687266441758498,2147,252,1.3923876039785938,0.00013660840032253123,8.401107025032696e-05,8.778212501802482e-05
2023-08-02,0.0,0.43973054325523997,0.56026945674476,1.2264683915672419,0.0030394721466242905,0.8440726981525153,1.0525335384174308,2147,252,1.6452695100216475,0.00015187958420276933,9.515304829884904e-05,0.00010147075825880575
2023-08-03,0.0,0.4409998474855681,0.5590001525144319,1.2264451178148117,0.0030443108175641272,0.8391639189870136,1.0542091133856701,2147,252,1.2788726491489377,0.00014690859242077762,9.293956868657698e-05,9.805522208464707e-05
2023-08-04,0.0,0.44060073779675485,0.5593992622032451,1.2205316188295068,0.0030031937597068186,0.8390569737840031,1.0399707587279603,2147,252,1.0540646366364326,0.00014338024988179955,9.011377079241975e-05,9.537437376196615e-05
2023-08-07,0.0,0.44060580193849463,0.5593941980615054,1.2202262362514966,0.002953696668746215,0.839788714241969,1.0228304969400726,2147,252,1.0127702619123753,0.00013927541684853476,8.759509011622892e-05,9.275709724599262e-05
2023-08-08,0.0,0.44122696086216573,0.5587730391378343,1.2237410333909906,0.002908301812920717,0.8415240946218051,1.0071107910427752,2147,252,1.0096554559358657,0.00013606974986082486,8.607412756186289e-05,9.10717460780111e-05
2023-08-09,0.0,0.4414580921992747,0.5585419078007253,1.2255228082452976,0.002861043111819064,0.8417053599397182,0.9946300198718295,2147,252,1.0287810581151742,0.00013175767743863688,8.342831536971496e-05,8.824798447516553e-05
2023-08-10,0.0,0.44164299616548647,0.5583570038345136,1.2294560432639907,0.002821603237274862,0.8409580831939508,0.9854171685480603,2147,252,1.1771240401577971,0.00012743847719551326,8.081796016447544e-05,8.5345097389316e-05
2023-08-11,0.0,0.4398081856168816,0.5601918143831184,1.23358178168548,0.002906134307500533,0.8270834549837589,1.0149388131137111,2147,252,1.9330136546424443,0.00012541092563438244,7.832241425171499e-05,8.197096595292323e-05
2023-08-14,0.0,0.4405500639714322,0.5594499360285679,1.2359794342147634,0.0028717056073676523,0.8273581760743506,1.002914928340138,2147,252,1.7804241997747683,0.0001219165154622957,7.698823501873779e-05,8.015618066128365e-05
2023-08-15,0.0,0.45555475465977824,0.5444452453402218,1.30081786171781,0.003074377321708991,0.8179836062107668,1.0736960304641603,2147,252,1.0131683756245875,0.0001221718425359833,8.945231621839717e-05,8.551178198500728e-05
2023-08-16,0.0,0.4561465697219056,0.5438534302780944,1.3141277902973123,0.0030758372622414144,0.8141300159085341,1.0742059003305906,2147,252,1.5500247289376818,0.00012131786981094406,8.672167077144876e-05,8.350644069689912e-05
2023-08-17,0.0,0.45536799347241075,0.5446320065275893,1.3153789435267011,0.003032852420211238,0.8150237105841203,1.0591938671842254,2147,252,1.8047806582403851,0.00011909269823000482,8.43708198184627e-05,8.169753355851764e-05
2023-08-18,0.0,0.45504861349982123,0.5449513865001787,1.3124617936494312,0.002985006328666101,0.8149279187773968,1.0424840904751382,2147,252,1.6741158882350144,0.00011540382773411852,8.163314739617043e-05,7.909746666867703e-05
2023-08-21,0.0,0.45449905405518876,0.5455009459448112,1.3045752873323813,0.002959277820522128,0.8123254916136584,1.033498662151528,2147,252,1.3396080747622179,0.00011211041968221485,7.896719294556867e-05,7.643221074608424e-05
2023-08-22,0.0,0.45506438705994035,0.5449356129400597,1.3064696822869277,0.002916750785975154,0.8129123289635775,1.018646513764252,2147,252,1.22681501091564,0.00010886962293214841,7.718722184045404e-05,7.451947294710442e-05
2023-08-23,0.0,0.45215220557805785,0.5478477944219422,1.2844704817167878,0.0028800039871408755,0.8253103965554955,1.0058130558272484,2147,252,0.8254425483752161,0.00011565279405425271,7.941323747500508e-05,7.90936889133114e-05
2023-08-24,0.0,0.4453194629837915,0.5546805370162085,1.2628935530740801,0.0029151197991261323,0.8233212797026894,1.0180769076546934,2147,252,1.558978803286706,0.0001211334542502801,7.825294916002877e-05,8.01588998975161e-05
2023-08-25,0.0,0.4415890727871925,0.5584109272128075,1.2350673874728437,0.0029264232402662496,0.8177005388298962,1.0220245232570564,2147,252,0.9922286474256943,0.00011978626196326893,7.57346825974241e-05,7.788345248243656e-05
2023-08-28,0.0,0.4425727699378995,0.5574272300621005,1.2404878779667672,0.002886331049387505,0.8232207781060653,1.00802272006421,2147,252,0.9999603231573337,0.0001191248810382909,7.654025778496684e-05,7.86072356276443e-05
2023-08-29,0.0,0.444736736757905,0.5552632632420951,1.2484931857475614,0.002842189496484921,0.8416492611303389,0.996167938554362,2147,252,0.8150716515016128,0.0001278494601106636,8.340940496932034e-05,8.691367369463781e-05
2023-08-30,0.0,0.4452019979692157,0.5547980020307843,1.249670330664443,0.0027953735617151903,0.8431753691360558,0.9830071608893426,2147,252,0.7198426037581962,0.00012487060489716924,8.145378972126129e-05,8.503616515770728e-05
2023-08-31,0.0,0.44523215362740803,0.554767846372592,1.2535191716226235,0.002759356445421505,0.842105415144151,0.9733164354627861,2147,252,0.919955416767879,0.00012087447186032259,7.88140141084488e-05,8.219312230617313e-05
2023-09-01,0.0,0.4469502258615316,0.5530497741384683,1.2687133679774203,0.002762629315980711,0.8381188220265917,0.9780218163579179,2170,252,1.2949261823435334,0.00011702937949715226,7.768194819110809e-05,7.991220228484724e-05
2023-09-05,0.0,0.4492484256169489,0.5507515743830511,1.2799656575897107,0.002729992258978927,0.8418251430323588,0.969395888649086,2170,252,1.1985649382004668,0.00011576964225073208,7.82804479338821e-05,8.013936363120597e-05
2023-09-06,0.0,0.45150394368712854,0.5484960563128715,1.2908585829541894,0.0026974542089358055,0.8448919830639497,0.9623234209158369,2170,252,1.0959943925360447,0.00011418193405509176,7.853513620111117e-05,8.000771870363463e-05
2023-09-07,0.0,0.4538688281698308,0.5461311718301691,1.2995133332666555,0.002682714362202169,0.8439138041423689,0.9598623086984093,2170,252,0.8224091102848397,0.00011106787740255901,7.785955257604585e-05,7.847806364334726e-05
2023-09-08,0.0,0.4542813429502484,0.5457186570497516,1.3046768627789185,0.00264395652716331,0.8433257876182264,0.9477599899057714,2170,252,0.9719773595999036,0.00010750283102262321,7.531341618552791e-05,7.588247805353018e-05
2023-09-11,0.0,0.45121967245787503,0.548780327542125,1.2816234089524705,0.0026156174557089205,0.8518262940778066,0.9418467018003643,2170,252,0.5143638118567383,0.0001132302260842038,7.676326313363673e-05,7.941617079490628e-05
2023-09-12,0.0,0.45084324758988803,0.549156752410112,1.2866896632714382,0.002617785247734838,0.8469845724664659,0.9464330035869367,2170,252,0.9400098746454193,0.00010964856540127254,7.459291855702739e-05,7.659947212831297e-05
2023-09-13,0.0,0.45055771926753335,0.5494422807324666,1.2955683528338298,0.002663308607946319,0.8371095090486915,0.9643675567745486,2170,252,1.5795171879158387,0.00010662943922850823,7.253111576416093e-05,7.361783089527386e-05
2023-09-14,0.0,0.45340655994542106,0.5465934400545789,1.309093248084046,0.002625955320512873,0.8566097869038223,0.9514059116634908,2170,252,1.4786848611187475,0.00011615323253967196,8.101678377867054e-05,8.309716006615722e-05
2023-09-15,0.0,0.45343102322053086,0.5465689767794691,1.3156396092077502,0.0026068327548087315,0.8542611481204171,0.9450725148236481,2170,252,1.8529012779511136,0.00011292226140787016,7.836085964452874e-05,8.035816932448159e-05
2023-09-18,0.0,0.4536870152364298,0.5463129847635702,1.3174115839477563,0.0025654153767191556,0.8547034320774545,0.9350341933464856,2170,252,1.8067885119474403,0.00010955206299551717,7.620586615793037e-05,7.809440670086527e-05
2023-09-19,0.0,0.45755111413234945,0.5424488858676506,1.326520011478891,0.002685648820599654,0.8389315605996758,0.985736391606089,2170,252,0.9764993998398971,0.00010596555380829303,7.676025925514975e-05,7.566187603453703e-05
2023-09-20,0.0,0.4579588406540433,0.5420411593459566,1.3318807738849852,0.002644135896346183,0.8394764415821174,0.9731093559415825,2170,252,1.1369366844592803,0.00010326786969141503,7.451372363202292e-05,7.363923281729667e-05
2023-09-21,0.0,0.4499972807250072,0.5500027192749928,1.3033281517567112,0.0026320049053760986,0.8696806165252631,0.9708053446092844,2170,252,1.9204767300193848,0.00013193922045945318,8.738792163975e-05,9.338399576029098e-05
2023-09-22,0.0,0.4423893462481467,0.5576106537518533,1.2446754997829381,0.0028979342049492273,0.8405262140066421,1.0688923902627598,2170,252,0.5733676811624958,0.00013471012157540015,8.457448819609242e-05,8.97162403623767e-05
2023-09-25,0.0,0.44168205220393975,0.5583179477960603,1.2477478095084025,0.0028947786598086086,0.8362361550866289,1.0677284790248245,2170,252,1.0019512695821027,0.00013029421382136609,8.259402945826821e-05,8.674927073806774e-05
2023-09-26,0.0,0.44715622703140595,0.552843772968594,1.2719920956938682,0.0029051713727625064,0.8405900239511631,1.0715617930357617,2170,252,0.6825303999294562,0.00013080721829890435,8.759327691800486e-05,8.997782140475397e-05
2023-09-27,0.0,0.4487198641280229,0.5512801358719771,1.2789702080815841,0.0028625681176821195,0.8407681679716752,1.0558477388387837,2170,252,0.5684361839683674,0.0001268180476252068,8.528546777085022e-05,8.743882440939254e-05
2023-09-28,0.0,0.44475997029927467,0.5552400297007254,1.2491217098017218,0.0028451135260516994,0.8480795344269351,1.0494096768092742,2170,252,-0.09936203302763906,0.00013448883945131723,8.653683176737142e-05,9.149138490683894e-05
2023-09-29,0.0,0.44541028269641875,0.5545897173035812,1.2493206992516996,0.0028190330354858914,0.8478921220486123,1.0397899836318027,2170,252,-0.344957769829924,0.0001308556617251633,8.544253835431847e-05,8.965487929081547e-05
2023-10-02,0.0,0.4539322177000189,0.5460677822999811,1.289718194486778,0.002837937374079715,0.861187024521609,1.0467627795052834,2190,252,-0.6015679379787312,0.00013902163490080833,9.841835355912096e-05,0.00010073414883977143
2023-10-03,0.0,0.4559861935748858,0.5440138064251142,1.3022362338243763,0.002791658593712733,0.8658395076791967,1.0296930213028967,2190,252,-0.503354080854812,0.00013898614695103968,9.862010943081525e-05,0.00010136917132231691
2023-10-04,0.0,0.4550885760072998,0.5449114239927002,1.2871064154439082,0.002824360560860949,0.858841421939204,1.037343730379522,2190,252,-1.2032563752499377,0.00013606682983039294,9.540882578225814e-05,9.785508330234693e-05
2023-10-05,0.0,0.4559074075404423,0.5440925924595577,1.2904561953078184,0.002781452688109441,0.8629938341648946,1.0133998905479416,2190,252,-1.2629303271684824,0.0001352925586922737,9.5746712802833e-05,9.822150499436651e-05
2023-10-06,0.0,0.4531802883363725,0.5468197116636275,1.2678965767027945,0.0027558200967654108,0.8679997224948772,0.99935879683469,2190,252,-1.8204629545477922,0.00014006535256102688,9.621276526714732e-05,0.00010076304756379776
2023-10-09,0.0,0.4575737155052422,0.5424262844947578,1.3026961815005254,0.0028977980168073156,0.8534623516272224,1.0495492534814028,2190,252,-0.977132595189098,0.0001356850817702324,9.81690529786254e-05,9.850033762880815e-05
2023-10-10,0.0,0.45707873382490305,0.542921266175097,1.294407196661399,0.0028570106977878914,0.8576869093328356,1.0329224745716405,2190,252,-1.347154475126737,0.00013685065940025274,9.758151100961914e-05,9.911422697789861e-05
2023-10-11,0.0,0.4590452077394981,0.5409547922605019,1.3144645494533598,0.0029141678597775344,0.8487076305959279,1.050014171256817,2190,252,-0.6886988280035125,0.00013236479875291724,9.648334396715107e-05,9.591146666929466e-05
2023-10-12,0.0,0.45241695628880124,0.5475830437111988,1.2930412516090415,0.0029316698546850693,0.8553445873186603,1.0520765534495253,2190,252,0.1653856533616575,0.00014552631975052365,9.880752238947982e-05,0.00010256681968702089
2023-10-13,0.0,0.4509718011041902,0.5490281988958098,1.2879988079300273,0.0028857175961890776,0.8550710574897397,1.0331825423446632,2190,252,0.30785140871194694,0.00014087010142740684,9.556866836236272e-05,9.921318403993397e-05
2023-10-16,0.0,0.45062241215493265,0.5493775878450673,1.282462564073136,0.002837933701396579,0.8637769993230394,1.0153990424532047,2190,252,0.055870563239152043,0.00014513314150397494,9.823918020489944e-05,0.00010314004065929069
2023-10-17,0.0,0.4500636964667858,0.5499363035332142,1.2749931430616002,0.002805341863354716,0.8627036513341217,1.0017798264834,2190,252,-0.2700115469706656,0.0001410701447731708,9.504507666891457e-05,9.989505834025945e-05
2023-10-18,0.0,0.45521598483674364,0.5447840151632564,1.2988443296761458,0.0028037767135785934,0.8698853745339039,0.9997209633287911,2190,252,-0.48986485472049973,0.00014461341335917976,0.00010255724376767289,0.00010593744341445453
2023-10-19,0.0,0.454003230980303,0.545996769019697,1.302135343421501,0.002812581709544832,0.8664239550971294,1.0012887049985943,2190,252,0.1204057888781969,0.0001434135179921806,9.949606479952818e-05,0.00010349716363800689
2023-10-20,0.0,0.4519827714017781,0.5480172285982219,1.2985075312082888,0.002774758883526567,0.8718241521992519,0.9878236496173786,2190,252,0.5329991279946059,0.00014694879406636728,0.00010005289342011638,0.00010571259540998251
2023-10-23,0.0,0.4512524428735201,0.5487475571264799,1.2893936196714784,0.002754170319037779,0.8696126620187329,0.9804940502657228,2190,252,0.1716044424005417,0.00014255620411663536,9.679392275003263e-05,0.0001021510797308812
2023-10-24,0.0,0.4469308280366936,0.5530691719633064,1.2434265516543015,0.0031637482853162863,0.8264490396571589,1.123567015342427,2190,252,-1.4097303809723822,0.00014390751326540747,9.456833653968285e-05,9.641191042065179e-05
2023-10-25,0.0,0.44359247999321966,0.5564075200067804,1.2350523694008941,0.0031459481429151064,0.8257804691124329,1.1154586081386713,2190,252,-0.8294599233279907,0.00014366487708112284,9.217075847990914e-05,9.502469634099538e-05
2023-10-26,0.0,0.44333670004682435,0.5566632999531756,1.229598319670776,0.003111123117775963,0.8242604027564164,1.102069807391679,2190,252,-1.098201637358374,0.00013896037841528772,8.957067714214465e-05,9.195870775246012e-05
2023-10-27,0.0,0.44597628162087,0.55402371837913,1.2331227544702463,0.0031569708196369467,0.8158823762539914,1.1150853959251064,2190,252,-1.7101781956029192,0.0001344661930058129,8.917085187036719e-05,8.933992109502495e-05
2023-10-30,0.0,0.4482138472856456,0.5517861527143544,1.2426571536416222,0.0031105661069090115,0.82490237616778,1.096066512274677,2190,252,-1.78198088149646,0.00013614291555680248,9.161971278596882e-05,9.212861473914477e-05
2023-10-31,0.0,0.44862688332957984,0.5513731166704201,1.2451964652262826,0.0030598650235206027,0.8249220265265512,1.0773931967531687,2190,252,-1.7021877079710628,0.0001317795213440126,8.863804604542205e-05,8.915525567397965e-05
2023-11-01,0.0,0.44506267035819197,0.5549373296418081,1.2178176218542287,0.003029375602927421,0.8347518882204916,1.065311832664149,2212,252,-2.288194907654057,0.00013972287202331456,9.045942708660969e-05,9.384649963098457e-05
2023-11-02,0.0,0.48250666833865824,0.5174933316613417,1.44207098988475,0.003662680680669782,0.8153999516024084,1.2846723560867899,2212,252,-0.7748590657087238,0.00014922755203176645,0.00014065936691286108,0.00011813525359575692
2023-11-03,0.0,0.4918011909242624,0.5081988090757377,1.499743431879505,0.003603471904457011,0.8216968842365543,1.260384048293769,2212,252,-0.6041785827310283,0.0001489164068920773,0.00014244429380018577,0.00011967555296902434
2023-11-06,0.0,0.4939520613952925,0.5060479386047074,1.5113331765888192,0.00354465421876661,0.8226537999863837,1.2386076120951104,2212,252,-0.6759073963356168,0.0001447351651336951,0.00013875269312644143,0.00011658021429085345
2023-11-07,0.0,0.49525917196997726,0.5047408280300227,1.5172954466123476,0.0034884920020885344,0.8287263501407358,1.2167162466797852,2212,252,-0.7755924594048786,0.00014455185904038446,0.000139725042903002,0.00011777689872215378
2023-11-08,0.0,0.49564159194847507,0.5043584080515249,1.5110643894793827,0.003466520647654618,0.8254656949959571,1.205387925344595,2212,252,-1.214706464561759,0.0001399883053747628,0.00013547062937354173,0.00011367565930832474
2023-11-09,0.0,0.49514587558341633,0.5048541244165836,1.520652139595396,0.0034950886681184897,0.8174475101064221,1.2123681719990111,2212,252,-0.542162414028904,0.00013642675170623929,0.00013131047409507528,0.00010941058229584568
2023-11-10,0.0,0.4953350729157045,0.5046649270842956,1.5282770090526896,0.003458917641215826,0.8154417850166095,1.1985060603626658,2212,252,-0.2126288641327289,0.00013197541617031896,0.0001273897349988472,0.00010573206129513713
2023-11-13,0.0,0.49535921433513175,0.5046407856648683,1.52836615526944,0.00340174632345548,0.8167198644519532,1.1783723811527582,2212,252,-0.22192399777003446,0.0001285497067606649,0.00012406209983049712,0.00010314026138216818
2023-11-14,0.0,0.4830428582914167,0.5169571417085833,1.4401241362193486,0.003445316810540932,0.8379011619134639,1.1930727832446735,2212,252,-1.0372850100250317,0.00015848583731000522,0.00013556394647387196,0.0001228174634474736
2023-11-15,0.0,0.4805598765822907,0.5194401234177093,1.4296252115367356,0.0033971429993126393,0.8370316618309712,1.1748703458296441,2212,252,-0.8121525631357736,0.00015332850104527292,0.00013121997474715194,0.00011872804207561919
2023-11-16,0.0,0.4788085015017562,0.5211914984982438,1.4248326356225323,0.0033518875289764135,0.8387936797032735,1.1577772956087902,2212,252,-0.5140250526806758,0.00015187468185259406,0.0001283890773529009,0.0001171283105058916
2023-11-17,0.0,0.47922643000225285,0.5207735699977472,1.4281853868454053,0.003299490884127983,0.8423899598584078,1.1390849560390544,2212,252,-0.4632736323524391,0.00014995875905384024,0.00012769889897156338,0.00011657157850473533
2023-11-20,0.0,0.47856717112906555,0.5214328288709345,1.4173244690537021,0.003272724943597473,0.8402497885772447,1.129356850308585,2212,252,-0.8770154679806373,0.00014609604394938907,0.0001235277388543074,0.00011287815073451553
2023-11-21,0.0,0.4789183332919707,0.5210816667080294,1.4158766156236064,0.003227009121540148,0.8400520216472327,1.1121662628142686,2212,252,-1.0642565321782838,0.0001415183742740417,0.00012023021491321078,0.00010957700058452239
2023-11-22,0.0,0.47844177537231725,0.5215582246276828,1.4190807946807795,0.0031957151166302857,0.8382337625275751,1.0998268865752168,2212,252,-0.7199282987365099,0.0001375977793501498,0.00011629167369027991,0.00010603400671763149
2023-11-24,0.0,0.47757127558145807,0.5224287244185419,1.4100915003682446,0.0031490203731415604,0.8394446924662358,1.083173091224336,2212,252,-0.9480532605483484,0.00013515207038032294,0.000113352304166402,0.00010390073394478248
2023-11-27,0.0,0.47634577143806556,0.5236542285619344,1.4073938873329355,0.003104230199799206,0.8414967294084045,1.0668622068015265,2212,252,-0.6966092505965308,0.00013376216293364162,0.00011102116751732509,0.00010254676603176523
2023-11-28,0.0,0.4735953914011056,0.5264046085988944,1.3812937171437907,0.003116611684029504,0.8370345506377594,1.0700388542464354,2212,252,-1.3107187700545126,0.0001327988252082691,0.00010760449812509003,0.00010005889780190585
2023-11-29,0.0,0.4720957397111148,0.5279042602888853,1.383743073444252,0.003145288991282459,0.8292533862936422,1.079133223586363,2212,252,-0.6566051171777738,0.00012966608396465613,0.00010419968577778122,9.639037187555763e-05
2023-11-30,0.0,0.4738804512819059,0.5261195487180941,1.4034204281078229,0.003167440258613552,0.8229922371975983,1.0864608242767133,2212,252,-0.0955674763594336,0.00012545863902541836,0.00010296740831594901,9.353968770934013e-05
2023-12-01,0.0,0.46945278952464387,0.5305472104753561,1.369524632519593,0.0031469475650967634,0.8330125308954719,1.0791297879901374,2233,252,-0.6446802764814807,0.00013460497653733315,0.00010530204074282577,9.91746066760761e-05
2023-12-04,0.0,0.4617742811395203,0.5382257188604798,1.3434345011551914,0.003214638829688695,0.8277956433034307,1.1003056952443697,2233,252,0.293646698041205,0.000141039832305092,0.00010333238920987155,9.993376813739953e-05
2023-12-05,0.0,0.45903141636216943,0.5409685836378306,1.3343364711151875,0.0031683839380512824,0.8302823820580814,1.081711706077833,2233,252,0.6037214803963165,0.0001399573872606942,0.0001013426316118596,9.888258804945115e-05
2023-12-06,0.0,0.45788696321049394,0.5421130367895061,1.309294614465791,0.0033832110752446886,0.8028689100044549,1.1520010020898594,2233,252,-0.6007457110899169,0.00013749968550946302,9.945872834127856e-05,9.38894822731214e-05
2023-12-07,0.0,0.45606179077759607,0.5439382092224039,1.2875315425036513,0.0034208129185143384,0.7931075096844986,1.1614917687018995,2233,252,-1.4136727995149563,0.00013494498959355864,9.628287340629367e-05,9.040344188809748e-05
2023-12-08,0.0,0.45588562848768843,0.5441143715123116,1.2872473282951504,0.0033662158626384174,0.7933136227022026,1.1409304757976069,2233,252,-1.4047458053330781,0.00013067280737280674,9.341836065077596e-05,8.765034779540569e-05
2023-12-11,0.0,0.455770189108414,0.544229810891586,1.2897824888751375,0.003319204588006749,0.7923482540617819,1.1239921228327778,2233,252,-1.2688905732909515,0.00012649939301135683,9.038154045310688e-05,8.472277958514387e-05
2023-12-12,0.0,0.45742784683184273,0.5425721531681573,1.2872803234534185,0.0033608340663802668,0.7821066458336565,1.1367659618623278,2233,252,-2.1374189291378682,0.00012240427909079876,8.904606007810097e-05,8.165290317355341e-05
2023-12-13,0.0,0.4541876949773358,0.5458123050226642,1.260880250774654,0.0033116061192173707,0.823638755746967,1.1156477081629903,2233,252,-2.8701507957649506,0.0001501806481324475,0.00010473357718359244,0.00010329676710790105
2023-12-14,0.0,0.45433174987741076,0.5456682501225892,1.2591614600392884,0.0032583713877155553,0.830679572043511,1.0929766603924207,2233,252,-2.9420076063159675,0.00015090800983937953,0.00010595094030647738,0.00010503694553942015
2023-12-15,0.0,0.45631739553139056,0.5436826044686094,1.26618291864309,0.00322040736102419,0.83404415248048,1.0769168399974505,2233,252,-2.9932221049355405,0.0001488893481165003,0.00010650162259871304,0.0001050265182396915
2023-12-18,0.0,0.4564470737516551,0.543552926248345,1.2631197649020998,0.0031701020191028067,0.8342792799142158,1.0577501706398216,2233,252,-3.1003789129718755,0.00014468580718575636,0.00010320547764507769,0.00010194731623303412
2023-12-19,0.0,0.4534216534891042,0.5465783465108958,1.2385943540618503,0.003135127655408403,0.842597305512831,1.0452518384500673,2233,252,-3.598787669057568,0.00015154472760254049,0.00010473072617693184,0.0001061518430881459
2023-12-20,0.0,0.4537226417489205,0.5462773582510795,1.2497128301088503,0.0030846255333046766,0.8523043387799383,1.0284144264603237,2233,252,-3.244969263838406,0.00015574395126118356,0.00010842625279328592,0.00011075606513470471
2023-12-21,0.0,0.45212919651755046,0.5478708034824495,1.2341175082132758,0.0030403621447580333,0.8594232528424202,1.0136570087919892,2233,252,-3.5749824643740067,0.00016049734003261706,0.0001097618827972392,0.0001140687791757925
2023-12-22,0.0,0.4525638038401625,0.5474361961598375,1.2424326913816284,0.0030492369282315527,0.8544849363491267,1.0166158623893984,2233,252,-2.9689425119284247,0.0001552589729178077,0.00010708838094248559,0.00011018029775472153
2023-12-26,0.0,0.45444611067410656,0.5455538893258934,1.2552934537922789,0.0030332116420353074,0.8533456704257586,1.0112730305498663,2233,252,-2.6270900430654516,0.00015095483950220822,0.00010601482245060442,0.00010795227643531617
2023-12-27,0.0,0.4548366737041651,0.5451633262958349,1.2524881167606947,0.0029947385513729896,0.8522944710816283,0.9992376253660572,2233,252,-2.7833238300289986,0.00014607191496074837,0.00010261005867145885,0.00010434412474992349
2023-12-28,0.0,0.45566396645669094,0.5443360335433091,1.254454443318784,0.002950824220612496,0.8536658339074694,0.9851640765445835,2233,252,-2.755876909661214,0.00014259210704567786,0.00010088672526289585,0.00010238884783471831
2023-12-29,0.0,0.4539785463171707,0.5460214536828293,1.25295183642055,0.002943056370203535,0.8511416328977791,0.9843417835525771,2233,252,-2.2306230703429724,0.0001407895629470101,9.783789438453198e-05,9.989427823003213e-05
2024-01-02,0.0007674811969358623,0.45622348049408873,0.5437765195059112,1.2610917089441644,0.00291569549722401,0.8549729964513157,0.9780306625855115,2253,252,-2.2917316462747017,0.0001399418205326308,9.971396745097209e-05,0.00010099599591397407
2024-01-03,0.000578624769733469,0.4535398027057958,0.5464601972942043,1.2563988910192325,0.0029213923072774323,0.8528866645022611,0.9841884919059494,2253,252,-1.7277982853662281,0.00014080465081561856,9.72801030507841e-05,9.981868285803021e-05
2024-01-04,0.00045546199543117276,0.4521922921091837,0.5478077078908163,1.2558607114889013,0.0029086171453632007,0.8497051802738739,0.9838084539827284,2253,252,-1.360028978914869,0.00013718869793881438,9.409064641196606e-05,9.65385250362573e-05
2024-01-05,0.0003530452376954512,0.45179075841676936,0.5482092415832307,1.2593815763134966,0.0028921421512128806,0.8466067734001121,0.9782359644750462,2253,252,-1.0542081643478416,0.0001329581801210012,9.113068958734162e-05,9.319049060546606e-05
2024-01-08,0.0003360988246654227,0.45237271043870436,0.5476272895612957,1.2630405435177725,0.00284962133770431,0.847599342447498,0.9638537568109533,2253,252,-1.00360545096957,0.00012946992188964189,8.93098548684776e-05,9.114329937392492e-05
2024-01-09,0.00027936710992787023,0.45233988072311687,0.5476601192768831,1.265737034332933,0.0028026575274624965,0.8533236742071687,0.9479687533065243,2253,252,-0.8342021267831886,0.0001303010754985075,8.964924406461132e-05,9.22276432078854e-05
2024-01-10,0.00019138944088296765,0.452014947098186,0.547985052901814,1.2689998033041647,0.0027770231025025,0.8513241865991763,0.9392981848789008,2253,252,-0.5714970479869264,0.00012639978172875247,8.672357645523209e-05,8.91326305591391e-05
2024-01-11,0.0002671423899605538,0.45324445547616443,0.5467555445238356,1.2704346973694105,0.0027628831333005094,0.8491688231712651,0.9345154924361535,2253,252,-0.7976985906342939,0.00012244726143954376,8.513513572929621e-05,8.670077817935791e-05
2024-01-12,0.0002759877625459677,0.45348629379001515,0.5465137062099849,1.2707433197843343,0.002717706717903173,0.8491295952032891,0.9192350560062895,2253,252,-0.8241112511112095,0.00011844418691967983,8.234382442161521e-05,8.385836105865994e-05
2024-01-16,-7.539329312509551e-05,0.4389203071213447,0.5610796928786552,1.21811864102631,0.002886740457395024,0.842588354743414,0.976408899660997,2253,252,0.2251275946061848,0.0001385271216043208,8.335786237909697e-05,9.054326313938542e-05
2024-01-17,-2.4781153213778956e-05,0.4405072187232743,0.5594927812767256,1.2232090444368233,0.0028858920983213365,0.8459719923589669,0.9761219513322913,2253,252,0.07399758232245694,0.0001382221819590286,8.70200274224008e-05,9.27800207213634e-05
2024-01-18,6.550388646299822e-05,0.43962628418260197,0.560373715817398,1.2135276817355427,0.0028515342061830396,0.8464374620198631,0.9658816556385302,2253,252,-0.19559740376777365,0.0001362600324715639,8.474525522035906e-05,9.095714421852821e-05
2024-01-19,1.9698412666512497e-05,0.44225905830482337,0.5577409416951766,1.2292723307320867,0.002834045323650046,0.8485334726671453,0.9616907841893219,2253,252,-0.058820301877698926,0.00013439535727623905,8.592723855167481e-05,9.118565866555191e-05
2024-01-22,7.042559785606162e-05,0.443244295979155,0.5567557040208451,1.2311132126931017,0.0028023559242574625,0.847325422219365,0.9540379643174266,2253,252,-0.2102938442777771,0.00013001230887891565,8.351633969745477e-05,8.829339131432589e-05
2024-01-23,0.0001368963695077421,0.4426826230151136,0.5573173769848865,1.2242789226312114,0.0027619293801997495,0.8483635876955797,0.9429448578002502,2253,252,-0.40877840853112885,0.00012769554109889268,8.138499064717495e-05,8.648525004345236e-05
2024-01-24,0.0002081377389398291,0.4431181868316207,0.5568818131683793,1.2220122568206035,0.0027411002860645616,0.846083620998398,0.9374783673592216,2253,252,-0.6215081815904484,0.0001235104492915148,7.919342373428357e-05,8.367769298561165e-05
2024-01-25,0.00017117191509245214,0.4443557405269111,0.5556442594730888,1.2300149330750225,0.002709001344819187,0.8465313524294663,0.9280352679091082,2253,252,-0.5111266521407707,0.00012023113671735953,7.797014923442575e-05,8.196259625898743e-05
2024-01-26,0.0001473884822523355,0.44473321995986653,0.5552667800401334,1.2330156432524517,0.0026668192873406217,0.846381804962635,0.9144771020086758,2253,252,-0.44010830548373947,0.0001163143607630806,7.55247839847255e-05,7.932822439762557e-05
2024-01-29,0.00016225172649524775,0.4449796713407791,0.5550203286592209,1.2331812234655803,0.002623042975831171,0.847988181920538,0.8997173954294493,2253,252,-0.4844905878559796,0.00011362962392518816,7.387946071423869e-05,7.769578209041975e-05
2024-01-30,4.029153672922992e-05,0.44457811923464385,0.5554218807653561,1.2379810304343266,0.0026231718343004296,0.8432430023837931,0.8999973882893877,2253,252,-0.12031225021286385,0.00011041191679507883,7.153976568823162e-05,7.494358727309452e-05
2024-01-31,0.00014444733480839403,0.45083722454287817,0.5491627754571218,1.2634066674375664,0.002666618563650943,0.8419800169109656,0.9159254759695499,2253,252,-0.4313259135495122,0.00010933856279079101,7.546660209952979e-05,7.648316701693791e-05
2024-02-01,0.0002368605081525129,0.4531612381028514,0.5468387618971486,1.2775968142524752,0.002634903305010946,0.8421877803963618,0.9059446500483078,2274,252,-0.3066137167064818,0.00010628220581210202,7.410930382031383e-05,7.474387029892155e-05
2024-02-02,0.0002204738617800579,0.4542761006866026,0.5457238993133974,1.283562303729452,0.002593708777259707,0.8448413169920624,0.8921617586098083,2274,252,-0.28540135594696653,0.00010440591096228469,7.322509927437632e-05,7.386992753470478e-05
2024-02-05,0.0004810835550042725,0.46261584002833106,0.5373841599716689,1.320043874230364,0.002646668265237949,0.8460724764652341,0.9108687137993235,2274,252,-0.6227581710297121,0.00010495822773632363,7.973437192721729e-05,7.739957936948579e-05
2024-02-06,0.0006400560165097207,0.46304116750368596,0.536958832496314,1.3177784571603186,0.0026086554910709774,0.8500670325252901,0.8990549822461151,2274,252,-0.8285465384378331,0.00010541124670502232,7.902365799360465e-05,7.758454421306398e-05
2024-02-07,0.0003156792746666078,0.46262304143640376,0.5373769585635962,1.3236886192775454,0.0026261828916729945,0.84348003358874,0.906247145723742,2274,252,-0.40864387418442705,0.00010255563174775344,7.657549479334256e-05,7.474798153211528e-05
2024-02-08,0.00025369677452365575,0.4624423090242299,0.5375576909757701,1.3240480164410728,0.0025837776688095453,0.8434935010526411,0.891613887581047,2274,252,-0.328408106357088,9.933026452421308e-05,7.40977384270343e-05,7.236440794394825e-05
2024-02-09,0.0003263770962918036,0.4620894852422056,0.5379105147577944,1.3199875632904725,0.0025426870915180202,0.8442316399568502,0.8774342893113839,2274,252,-0.42249210441389284,9.68186255891714e-05,7.199163041014509e-05,7.04826275204992e-05
2024-02-12,0.00011547173873618631,0.46209998229323235,0.5379000177067677,1.3251597272798694,0.0025261124685592227,0.8413095237101165,0.8721895659169766,2274,252,-0.14947708786331204,9.37400720267985e-05,6.979049323145078e-05,6.804819038808646e-05
2024-02-13,0.0003284534650521954,0.4788931332856746,0.5211068667143254,1.4112809126502162,0.00258132338664901,0.8777083099634728,0.8912522114966781,2274,252,-0.4251799443912817,0.00011654776688022925,0.00010199069892313554,9.569350732006525e-05
2024-02-14,0.00027611488943873956,0.4844663855631404,0.5155336144368596,1.4443892220467978,0.0025448880180816997,0.887723066115446,0.8795309634218009,2274,252,-0.35742814684117297,0.000122132950581286,0.00010914960239787023,0.000102495549502335
2024-02-15,-1.0720549390804064e-05,0.4920328170911162,0.5079671829088839,1.4967900016257363,0.0025659869255235867,0.8930890989825406,0.8880564286602515,2274,252,0.01387765110988161,0.0001261868780605584,0.00012022662438620411,0.00011000241330002885
2024-02-16,-3.5549309837191725e-05,0.4935384814924248,0.5064615185075751,1.506281591383765,0.0025233748590192087,0.8931730971310574,0.8741879798490652,2274,252,0.04601824973082163,0.00012215562037417994,0.00011637162303150146,0.00010649173578049684
2024-02-20,0.00020631532988087491,0.494509866728932,0.505490133271068,1.5051064548368636,0.00251957013887184,0.8902596881880684,0.8729981757104898,2274,252,-0.26707326857361463,0.00011815067034630957,0.00011331759774861554,0.00010301097153054826
2024-02-21,-1.524634501466771e-06,0.4938496232310026,0.5061503767689974,1.5066949735718294,0.002499060897162034,0.8890138083750572,0.8659840250594149,2274,252,0.001973625129659256,0.00011542318332007324,0.0001097657262068305,0.00010006643044994838
2024-02-22,-5.723976727447787e-07,0.49371639197564504,0.5062836080243549,1.5056805939219402,0.002457741884309969,0.8915583798277606,0.8525357490087188,2274,252,0.0007409634440259268,0.00011426242397512669,0.0001086542790198253,9.934017483663441e-05
2024-02-23,-0.00011384068990525728,0.4939261768006738,0.5060738231993263,1.5099165557112442,0.0024233870710627012,0.8911624790136149,0.8431686216343848,2274,252,0.14736571037754348,0.00011055414815342507,0.00010537718553729603,9.618729503741863e-05
2024-02-26,-9.473060861694725e-05,0.4941722026533357,0.5058277973466643,1.5107376541340753,0.0023841675096546674,0.8918259264472055,0.8336863907552419,2274,252,0.12262788854276599,0.00010755122777282138,0.00010272185478254337,9.373876041931773e-05
2024-02-27,0.00040075265101886576,0.4935353558676864,0.5064646441323136,1.4931876048317636,0.002487716317007738,0.8790987074282264,0.8715763329731376,2274,252,-0.5187705657109832,0.00010511470868431717,9.974307608956146e-05,9.001414608109057e-05
2024-02-28,6.524948310689559e-05,0.48991775773735163,0.5100822422626483,1.4801986150807347,0.0024960101370683327,0.8782372023424977,0.8756155196447845,2274,252,-0.08446484677682137,0.00010692184001500774,9.800918962744052e-05,8.990388124627227e-05
2024-02-29,0.00019795829940244097,0.48818017860701723,0.5118198213929828,1.4662077123593615,0.002462918520828449,0.879305984757289,0.8640067796322922,2274,252,-0.2562551706323062,0.00010557607294939845,9.580828697221378e-05,8.84350281794741e-05
2024-03-01,0.00024837617212720726,0.4869241774436245,0.5130758225563755,1.4559111523045258,0.0024257846145734003,0.8823554597753643,0.8509799797250829,2294,252,-0.3929656799735646,0.00010556653981484466,9.49272666325604e-05,8.832877525192219e-05
2024-03-04,1.9015301880625237e-05,0.4849420068174142,0.5150579931825858,1.4510991323244675,0.002417816203747092,0.8807028329742006,0.8481846127981616,2294,252,-0.030084854635715565,0.00010433157764245806,9.222698097686482e-05,8.639055753980624e-05
2024-03-05,-7.377828722836908e-05,0.4842104838996429,0.5157895161003572,1.4495161142286261,0.002382185242364248,0.8806451866579517,0.8356850550826922,2294,252,0.1167275208393679,0.00010140709888710532,8.934709500373979e-05,8.382534763562774e-05
2024-03-06,0.00037746134988225646,0.47698403794553706,0.523015962054463,1.3947383944420948,0.0024720606512928576,0.8737733499799664,0.8672138945387468,2294,252,-0.5971964007249969,0.00010702975069387082,8.79438160237734e-05,8.477224893133673e-05
2024-03-07,0.00046913188328074164,0.47517711897441317,0.5248228810255868,1.3818758184658138,0.0024309501028877615,0.8813298123991895,0.8527920644067224,2294,252,-0.74223194572899,0.00011037351592138867,9.031428179190278e-05,8.799320085454485e-05
2024-03-08,0.0007108839512833448,0.47620207176655666,0.5237979282334433,1.380399616732013,0.0024370609849896367,0.877670616289447,0.8549357989724026,2294,252,-1.1247173708566607,0.00010682727312747705,8.866179697704562e-05,8.541632747623163e-05
2024-03-11,-0.00020144259777045523,0.46785838999797236,0.5321416100020276,1.3585984793447956,0.0028429394102508568,0.8344467541856089,0.9973204163141952,2294,252,0.3187102318654221,0.00011198631259289282,8.583001592074195e-05,8.180892739100282e-05
2024-03-12,-0.0003539785626491827,0.46613049852300686,0.5338695014769932,1.3527768175866104,0.0028043478895769945,0.8334582340916112,0.9837822764136835,2294,252,0.5600433623570764,0.00010837059862688796,8.306258133711835e-05,7.9075562419935e-05
2024-03-13,-0.000434455039336301,0.46676311926230485,0.5332368807376952,1.3580394386337262,0.0027641820756546323,0.8354174944207268,0.9696918648775776,2294,252,0.6873683513541429,0.00010601740657157876,8.202871252987504e-05,7.79067524721847e-05
2024-03-14,-0.0009316449845171039,0.4597723497846446,0.5402276502153553,1.332710172011699,0.002778370142837981,0.8424839573671005,0.9746691250397078,2294,252,1.4739920568838718,0.00011621032751748546,8.374302641429665e-05,8.311096564795801e-05
2024-03-15,-0.0010908557933294023,0.4579761459976188,0.5420238540023812,1.3266534015654157,0.002735226600585263,0.8427132192829747,0.9595341083152559,2294,252,1.7258857196625355,0.00011306209348088095,8.118324125408133e-05,8.073679610375029e-05
2024-03-18,-0.000948514215469156,0.45761838031661634,0.5423816196833837,1.321641639075126,0.002703049298808628,0.8412956296353125,0.9482461153710414,2294,252,1.5006815285627781,0.00010942109236637686,7.859679718655318e-05,7.801921573069501e-05
2024-03-19,-0.0008562833743503383,0.4575655061680604,0.5424344938319396,1.3191687605675457,0.0026656664488897354,0.8404941741326437,0.9351319845141931,2294,252,1.3547594987465374,0.0001058634626995417,7.60673010890874e-05,7.542351338337333e-05
2024-03-20,-0.0009650952700110706,0.4607805762699193,0.5392194237300807,1.3388376637771424,0.0026406916115496327,0.847402224711274,0.9263706598501501,2294,252,1.526915065044712,0.00010681368743034315,7.914378060257911e-05,7.791327322624474e-05
2024-03-21,-0.0008672459554838366,0.4618187594122244,0.5381812405877756,1.3423344168638482,0.0026061003759800722,0.8467256080995522,0.9142358442664398,2294,252,1.3721038281662865,0.00010335154948282306,7.68734356381064e-05,7.547260429218953e-05
2024-03-22,-0.0006430152206224897,0.4660106366195101,0.53398936338049,1.3601259156560768,0.0026104099594401985,0.847165579568924,0.9157476723254889,2294,252,1.0173395911579446,0.00010183970403751116,7.877479069317873e-05,7.587880719924016e-05
2024-03-25,-0.0003933665474072668,0.4665430825893555,0.5334569174106445,1.3570845297160674,0.002599602912144815,0.8436321386417687,0.9129847040605593,2294,252,0.6223606373222518,9.885096290502829e-05,7.625349015058938e-05,7.324423228686682e-05
2024-03-26,-0.00045381286723423836,0.4665048435198363,0.5334951564801638,1.358465707472659,0.0025570751154159496,0.8443864244760001,0.8991038388887226,2294,252,0.7179951298312194,9.618385605199245e-05,7.408098514321609e-05,7.127639221318726e-05
2024-03-27,-0.00010211453845758812,0.46217763074656926,0.5378223692534307,1.3266607000685646,0.0025514844107941415,0.8477611982350286,0.8982713435474751,2294,252,0.16155941488469877,0.00010014637649318716,7.388042960873677e-05,7.292154496874704e-05
2024-03-28,-0.00041055622393444604,0.4619772306532584,0.5380227693467416,1.3329036623003285,0.002562486875938222,0.8419335630772748,0.902940479747662,2294,252,0.6495570985092333,9.691598877216744e-05,7.204810005182724e-05,7.035367764558293e-05
2024-04-01,-0.0005075515530712662,0.46165338606127365,0.5383466139387263,1.3334073935380026,0.0025215538260724957,0.8425991995497897,0.8891266399038801,2314,252,0.7846792603670886,9.438718363551932e-05,6.99658555826342e-05,6.847320097623039e-05
2024-04-02,-0.00036421402743083204,0.4628563793011739,0.537143620698826,1.3368290555821962,0.0024964921854737617,0.842242248839682,0.8802896394537495,2314,252,0.5630781581306982,9.169552589621644e-05,6.882983964121603e-05,6.691130104846283e-05
2024-04-03,-0.00048260039291045533,0.46352838659866513,0.5364716134013349,1.3433457610600799,0.00246454126529501,0.8414772824709112,0.8711079818580382,2314,252,0.7461045426230238,8.872541726293554e-05,6.688704849910287e-05,6.482424050313533e-05
2024-04-04,-0.0005410678156804947,0.46359677585031456,0.5364032241496854,1.3454013725912455,0.0024238663782372083,0.8440245617313807,0.8567311810812883,2314,252,0.8364957034364409,8.726878251685752e-05,6.571940557516719e-05,6.391920385749375e-05
2024-04-05,-0.0006202263178423505,0.46457100332778195,0.5354289966722181,1.3527178970212625,0.002391091701447153,0.8450590428657083,0.8469097347462903,2314,252,0.9588754588568918,8.506882704796818e-05,6.466200855627683e-05,6.267536490070467e-05
2024-04-08,-0.00036825560769346315,0.4638234196398503,0.5361765803601497,1.3427648887063943,0.0023828812324696892,0.8415668808785279,0.8440016379553399,2314,252,0.5693264775221084,8.301007343785533e-05,6.254234018592149e-05,6.06374736131214e-05
2024-04-09,-0.0002940102353289645,0.4633412748911675,0.5366587251088325,1.3383283524475367,0.0023446549694844817,0.8426826484850003,0.8304621345454329,2314,252,0.45454246490285505,8.108676930556424e-05,6.088601877857878e-05,5.921037871676036e-05
2024-04-10,-0.0007594989017214761,0.4554632664339004,0.5445367335660996,1.3071482224695148,0.0023412327930888923,0.8627096855308548,0.8334868791675373,2314,252,1.1741921246150613,9.668897421607014e-05,6.699255102597768e-05,6.943307638908809e-05
2024-04-11,-0.000305986825967453,0.4552955917837199,0.5447044082162801,1.2961806966517035,0.0024232746127276416,0.8493950173937276,0.8639602970774634,2314,252,0.47305838161527813,9.364652666324468e-05,6.59812011631849e-05,6.676758297871606e-05
2024-04-12,-0.0004351795904718475,0.45671775379619367,0.5432822462038063,1.306722361031606,0.0023848942297988425,0.8672253604976612,0.8505139948056456,2314,252,0.6727915560734272,0.0001022502016339312,7.286496442130365e-05,7.485545158564824e-05
2024-04-15,-0.00042593816018563597,0.4578642441107403,0.5421357558892597,1.312568184505115,0.0023496593041922947,0.869451209788062,0.8382009680919661,2314,252,0.6585042218354799,0.00010049368685011106,7.22007833227211e-05,7.406031597394568e-05
2024-04-16,-0.0011962420233778714,0.4471490134892834,0.5528509865107166,1.27446054755126,0.002504006682189589,0.8572237883111209,0.8934881972214385,2314,252,1.8494009139449485,0.00011054100975986576,7.134924882227504e-05,7.612908862051806e-05
2024-04-17,-0.0007875803361135866,0.4414875096990177,0.5585124903009824,1.236833684126768,0.0025130135100036653,0.8548258685622748,0.900604501919799,2314,252,1.217606274439866,0.00011168793609870219,6.966741962422218e-05,7.540421996140032e-05
2024-04-18,-0.001357780543303518,0.4383506871392232,0.5616493128607768,1.2343491638477055,0.0026193470945727244,0.8384362878015392,0.9429925043630962,2314,252,2.0991409168452106,0.00011005593700363308,6.75762976543075e-05,7.230594414604656e-05
2024-04-19,-0.0015586094773832899,0.43984748765175785,0.5601525123482421,1.247423551190413,0.0026175892635116244,0.8357469352657579,0.9429726419728758,2314,252,2.409624252972249,0.00010682303855786518,6.705417068477937e-05,7.07326866215021e-05
2024-04-22,-0.0012016861292034693,0.4371715057277619,0.5628284942722381,1.227019621657239,0.0025982419792890186,0.8385534761019153,0.9381728378896125,2314,252,1.8578175504555468,0.0001088884231638921,6.629902348641375e-05,7.124841113008441e-05
2024-04-23,-0.0011796695186420026,0.4380346526023032,0.5619653473976969,1.2316004551895374,0.002561416291879323,0.842970829506182,0.9268630620565967,2314,252,1.8237796727530302,0.0001080324526019456,6.664233141514327e-05,7.152613454171615e-05
2024-04-24,-0.0009625265742197168,0.44160848696845184,0.5583915130315482,1.2456350066204382,0.0025692232338755307,0.841422142926781,0.9296880484466826,2314,252,1.488074730088247,0.00010560313536277504,6.74135602061819e-05,7.099470759302645e-05
2024-04-25,-0.0014340080461582095,0.4415789711361775,0.5584210288638225,1.2575755558262074,0.0026518219840162686,0.8267293208622566,0.959968135583374,2314,252,2.2169893210077154,0.00010319439787820941,6.5599571099103e-05,6.802082597527852e-05
2024-04-26,-0.0012552120858493878,0.44079203776755765,0.5592079622324424,1.250489222707731,0.0026144472988037866,0.8273326499584491,0.9501847009226043,2314,252,1.940569160252045,0.00010109535378039385,6.376067034804702e-05,6.642356780212866e-05
2024-04-29,-0.0008343799060761975,0.43780506279334536,0.5621949372066546,1.2262020635386934,0.0026445866453896263,0.8195047632440116,0.9658249772622568,2314,252,1.2899588300010603,0.00010040459256014327,6.169456469704723e-05,6.449881317756755e-05
2024-04-30,-0.00102288641753138,0.44016750151839923,0.5598324984816008,1.2437144637832716,0.0026049311698628907,0.8514405982607814,0.955423812365629,2314,252,1.5813915900585662,0.00011692218658800221,7.343320328459037e-05,7.889492274687428e-05
2024-05-01,-0.0010400006051365328,0.4404431383526097,0.5595568616473903,1.2431178063008708,0.002566357508432826,0.8511126073721118,0.9458247905620293,2336,252,1.414778873303152,0.00011334618327457833,7.104282557712237e-05,7.63748881320543e-05
2024-05-02,-0.0006060204190137949,0.43616939813324807,0.5638306018667519,1.2126601671466655,0.002550782520903505,0.8590113344125521,0.9426306917163879,2336,252,0.8244080641650031,0.00012124114581052243,7.261179144696939e-05,8.05985977642403e-05
2024-05-03,-0.00014074903556023983,0.4315079103396556,0.5684920896603445,1.180344008442688,0.0025554719420230808,0.8584073066653106,0.951781929492475,2336,252,0.1914698520029029,0.00012380778793374573,7.137861322982246e-05,8.069589463292078e-05
2024-05-06,-0.00036109073757500704,0.43674218006592663,0.5632578199340734,1.21038944134279,0.002597858072469583,0.8578739089828026,0.9741776861566326,2336,252,0.4912146630909947,0.0001231455938769939,7.558633298640119e-05,8.276648975002606e-05
2024-05-07,0.0003013119083560077,0.4363267592942986,0.5636732407057015,1.1945872738632135,0.0027389410974604286,0.8384069491232866,1.0270827837437793,2336,252,-0.40989372516833417,0.00012105240934964573,7.355987135158071e-05,7.911558955338031e-05
2024-05-08,0.00015153594146639205,0.4357501428805673,0.5642498571194328,1.194645973037857,0.002696586901532645,0.8393818046553153,1.0112002715214201,2336,252,-0.20614396518029826,0.00011839097117007659,7.157264057142221e-05,7.726669966821092e-05
2024-05-09,-0.00044989065271350016,0.4391117044150292,0.5608882955849708,1.2237191885673744,0.002854246202183355,0.8180882409130898,1.0703213506660467,2336,252,0.612014827310668,0.00011456285625960587,7.208209573071003e-05,7.434226164672505e-05
2024-05-10,-0.00032746593287306605,0.44025089408555634,0.5597491059144437,1.2270014486638103,0.002816923213344018,0.8173756725559792,1.0563255041287527,2336,252,0.4454727057533782,0.00011085681239864401,7.006468105606312e-05,7.203647875325244e-05
2024-05-13,-0.00010799665841952914,0.4408111937909942,0.5591888062090058,1.2252159078016818,0.0027936785297614218,0.8147266336103773,1.0476089186047366,2336,252,0.14691471328444866,0.00010724473645114401,6.804083837332823e-05,6.959607299997648e-05
2024-05-14,0.00017428303647805813,0.4401091096681402,0.5598908903318598,1.2157508132837824,0.0027733614694598974,0.8118456972091811,1.0399901702967396,2336,252,-0.23708828318605538,0.00010449802311023473,6.581013137238565e-05,6.732461978439782e-05
2024-05-15,0.0007711014706507407,0.4345813398981638,0.5654186601018363,1.1765554218685335,0.0028179466829137,0.804867269551944,1.0567092976961574,2336,252,-1.0489783029563127,0.00010704863821791208,6.40411071550579e-05,6.664142208989609e-05
2024-05-16,0.001005715052935231,0.43311874816437,0.56688125183563,1.164450898666282,0.0027886124621163888,0.8026227325795513,1.0457091804671332,2336,252,-1.3681380591782735,0.00010382238028118714,6.19640037800189e-05,6.437639938803695e-05
2024-05-17,0.0007942107476120258,0.43493645982696655,0.5650635401730335,1.1768306281995542,0.0027823832307959646,0.7997967026524562,1.0433732644990616,2336,252,-1.080415320070207,0.00010068007993905862,6.140701144358157e-05,6.28869259517826e-05
2024-05-20,0.0003806318573540549,0.4332351770155142,0.5667648229844858,1.1766096841302514,0.0027932546719641616,0.7931174592476242,1.0474499750455906,2336,252,-0.5177976893772668,9.922463691312101e-05,5.939574920100126e-05,6.0887052670116385e-05
2024-05-21,0.0005861381318683984,0.4335460835511583,0.5664539164488417,1.1736465259221653,0.0027698803940020083,0.790502603065656,1.0386847925815978,2336,252,-0.7973609262428468,9.597239402629767e-05,5.786919379425142e-05,5.891151407067262e-05
2024-05-22,-2.6304962051037502e-05,0.42551111031873246,0.5744888896812675,1.1476897551932554,0.002781465178473742,0.8002882911835447,1.0430290016247687,2336,252,0.03578431049851483,0.00010634738204871087,5.902580066883823e-05,6.340606593849637e-05
2024-05-23,0.00016858373605516306,0.42780268433334334,0.5721973156666567,1.1544309649230693,0.0027847883400070107,0.8000350633321572,1.0442751627786484,2336,252,-0.22933516285987907,0.00010417265789195481,6.015794320337444e-05,6.333333877040094e-05
2024-05-24,4.929907194647263e-05,0.4320709646737805,0.5679290353262195,1.1770436630705023,0.0027737982250210925,0.8032198041795552,1.0401539504225787,2336,252,-0.06706465853850638,0.0001028645967806467,6.161198649835606e-05,6.394402616919991e-05
2024-05-28,-2.7937236892554564e-05,0.4328429286754138,0.5671570713245861,1.182277961191317,0.002728485887796156,0.8042431235236857,1.0231621569524392,2336,252,0.03800479763073089,0.00010011485991769685,5.987410007861244e-05,6.226673986889597e-05
2024-05-29,0.0002314088371353838,0.4481305647477306,0.5518694352522694,1.251924416335113,0.002812689758286099,0.8203293002561719,1.054737989592652,2336,252,-0.314800137863199,0.00010689912681331349,7.390338498994768e-05,7.291341980330147e-05
2024-05-30,0.00016804156176637453,0.45370373384645024,0.5462962661535498,1.2816280614725675,0.002780775151710288,0.8255455396472827,1.0427702466593103,2336,252,-0.22859760874150867,0.00010628936093387328,7.515615388056035e-05,7.378502125086141e-05
2024-05-31,-0.00016815105379933173,0.4618415753182173,0.5381584246817828,1.3320205106077776,0.0028287766182186146,0.8243006909594969,1.0607704438489718,2336,252,0.22874655770774752,0.00010522603711089457,7.968666743599736e-05,7.548142727685549e-05
2024-06-03,0.0008941154464303929,0.4652855948558254,0.5347144051441746,1.3306636057241945,0.003093663909055492,0.7876177431834845,1.1601012313213077,2358,252,-0.9377156168985539,0.00010288602500912103,7.967080630830912e-05,7.130882687065542e-05
2024-06-04,0.0010295938404523556,0.46777530198253225,0.5322246980174677,1.3409997199789738,0.003053445012911855,0.7915357919633665,1.1450194408262109,2358,252,-1.0798004073290481,0.00010121502033636349,7.967858742749677e-05,7.108268993450331e-05
2024-06-05,0.00145318144222111,0.4654381238482737,0.5345618761517263,1.3205186431994582,0.003027410205358792,0.7941003662037678,1.135256579317204,2358,252,-1.5240436098024426,0.0001022301916362479,7.826439453491931e-05,7.103086421580091e-05
2024-06-06,0.0015688311786387903,0.46472599351353017,0.5352740064864698,1.314063629603974,0.0029778426068028585,0.7954658540757548,1.1166690941188087,2358,252,-1.6453328285068227,9.970205117189894e-05,7.615048774120335e-05,6.931223981334962e-05
2024-06-07,0.0014787854670755298,0.46570606852118285,0.5342939314788171,1.3197744815939134,0.0029299269465182733,0.8113279130218711,1.0987010736324814,2358,252,-1.5508961757180648,0.00010414768179326314,8.024255821481401e-05,7.41692016777185e-05
2024-06-10,0.001404380555535807,0.4660643193460629,0.533935680653937,1.3225419230489188,0.002885034671518999,0.8110450527262406,1.0818668004100314,2358,252,-1.472863022613171,0.00010074445173220805,7.773997844741712e-05,7.177575282105198e-05
2024-06-11,0.0011959426068737953,0.4649168478525214,0.5350831521474786,1.3327466173444102,0.0028416965564482663,0.816250763373725,1.0656153257396457,2358,252,-1.2542609165932033,0.00010118180762837532,7.709975081106973e-05,7.209436228133993e-05
2024-06-12,0.001817399409027412,0.4597471764924481,0.5402528235075519,1.2942648819558815,0.0028522805961362914,0.81598008331816,1.0695842628431529,2358,252,-1.906022107985,0.00010443119384405179,7.584240068432353e-05,7.261907549761065e-05
2024-06-13,0.0023675800995222357,0.4652946971419989,0.5347053028580011,1.3128160527070918,0.002912005972496586,0.8109837593310422,1.091980840071175,2358,252,-2.483031517287482,0.00010236506828898585,7.935208225984365e-05,7.309155662944932e-05
2024-06-14,0.0019147503420960162,0.46453964732403963,0.5354603526759604,1.3159131210757589,0.002911620762194703,0.8063682411320987,1.0918363890387845,2358,252,-2.0081202102183595,0.00010084508850104348,7.678834265395058e-05,7.095915538726222e-05
2024-06-17,0.0022399755203997675,0.46416729963115416,0.5358327003688459,1.3079863883561473,0.002881149171776651,0.8042237070322713,1.080409766560232,2358,252,-2.349204496281844,9.775918406927889e-05,7.430640070864808e-05,6.854389315543034e-05
2024-06-18,0.002939124319284509,0.46005973054301735,0.5399402694569826,1.2737253833396553,0.002924865303503065,0.7952932782022708,1.0968029946985467,2358,252,-3.0824462156453483,9.831470559618136e-05,7.196562330497084e-05,6.689583807409339e-05
2024-06-20,0.002868698697037725,0.45924903554196583,0.5407509644580342,1.2687120586001146,0.0028770577938220434,0.7952505638768594,1.0788755298937835,2358,252,-3.0085863957817525,9.509924439897573e-05,6.964622710972406e-05,6.472041840234897e-05
2024-06-21,0.002597626065617669,0.45838346386018514,0.5416165361398149,1.2672297672484087,0.0028434334026496023,0.7939126330598069,1.0662666303014914,2358,252,-2.724295322619802,9.2613119635881e-05,6.738533883774248e-05,6.271792445458865e-05
2024-06-24,0.0016926597816429348,0.47092713211100246,0.5290728678889975,1.3493404284598391,0.003105580262657347,0.7632143383268438,1.164569776351654,2358,252,-1.7751997437013776,8.988475511919064e-05,7.419974075147615e-05,6.232908256863438e-05
2024-06-25,0.0019469399329735103,0.47356517940266674,0.5264348205973333,1.3581605140975745,0.003068879784213927,0.761191331892828,1.150807366638153,2358,252,-2.0418794771988247,8.70364505121128e-05,7.185033285572223e-05,6.019477729708971e-05
2024-06-26,0.0012708702265994925,0.46844486406805225,0.5315551359319477,1.342631595299678,0.0031228109653884334,0.7512947297302741,1.1710311632516188,2358,252,-1.3328422669482687,8.896701540092605e-05,6.967543486786257e-05,5.915135491852561e-05
2024-06-27,0.001345318547413607,0.4676677139602654,0.5323322860397346,1.3368249068688214,0.0030711644968912533,0.7584077507539149,1.1516641171023596,2358,252,-1.4109209461143417,8.849920355545975e-05,6.94515455311035e-05,5.94584250397785e-05
2024-06-28,0.0014658677564146256,0.46802196561451015,0.5319780343854899,1.335690688871603,0.0030263018859374687,0.7584103069672058,1.1348409676789744,2358,252,-1.5373485526793773,8.571078277243306e-05,6.75956976547799e-05,5.77273318082503e-05
2024-07-01,0.0011524226909929883,0.4683419069946021,0.5316580930053979,1.3365626645718416,0.002976802227479335,0.7602943068790252,1.116278959517979,2377,252,-1.5299539701042109,8.348848539908278e-05,6.598038789825809e-05,5.6429014014200266e-05
2024-07-02,0.0007384296066187685,0.473900239984524,0.526099760015476,1.3766222843204705,0.003029009952079786,0.7512814951164543,1.135856472581432,2377,252,-0.9803376114673792,8.101147894943479e-05,6.750872558225219e-05,5.555919274414336e-05
2024-07-03,0.0008106517865334653,0.47544148969038447,0.5245585103096155,1.383129869329391,0.0029790928128132785,0.7715300465058311,1.11713791218526,2377,252,-1.0762196274617546,8.524168303434857e-05,7.113234244267801e-05,6.007757678502675e-05
2024-07-05,0.0014344783391063308,0.476182978280014,0.523817021719986,1.370700198502996,0.003111901915528483,0.7460478934606722,1.1669403497220594,2377,252,-1.9044104624954652,8.339996183873852e-05,7.004159892853516e-05,5.7020058724794965e-05
2024-07-08,0.0008477185877649114,0.4719844057165156,0.5280155942834843,1.361247535180077,0.003192336108267568,0.7288356347704058,1.1971025809081344,2377,252,-1.1254294357606955,8.389938610375439e-05,6.775728906828913e-05,5.495244253342532e-05
2024-07-09,0.001076252668116248,0.47171346512439755,0.5282865348756025,1.3532467610059824,0.0031662159889454555,0.7251608048140354,1.187307728112669,2377,252,-1.4288308059960977,8.116671266629752e-05,6.596687287997284e-05,5.306232182821409e-05
2024-07-10,0.0010284562388898006,0.47523901126319495,0.524760988736805,1.3732137993398728,0.0031229122547534417,0.7484457349895709,1.1710691460191462,2377,252,-1.3653763658645879,8.486709135268944e-05,7.11572661230283e-05,5.816203640006185e-05
2024-07-11,0.0008893508878677199,0.4772724028893787,0.5227275971106213,1.3872748927276,0.0030831883067548504,0.7492391372290349,1.1561729574411896,2377,252,-1.1807003908752451,8.246186087715191e-05,6.997574345774931e-05,5.6914219083067576e-05
2024-07-12,0.0013263668868178707,0.47171992302405014,0.5282800769759499,1.345151508731394,0.0031014237010658376,0.7475674544620365,1.1630110963003861,2377,252,-1.7608819230669859,8.536252813723897e-05,6.847216389939364e-05,5.7153265194544845e-05
2024-07-15,0.0010976437461926469,0.46942664426880765,0.5305733557311924,1.3371763238031344,0.0030661435350069245,0.7463743089061312,1.1497812932935492,2377,252,-1.4572295568047928,8.350717287244925e-05,6.629615139394566e-05,5.553448276732749e-05
2024-07-16,0.0005848375787742108,0.47393468904364056,0.5260653109563594,1.3740643802914234,0.003155242948380454,0.7293692082368342,1.1831929185389674,2377,252,-0.7764291544283574,8.077105619732783e-05,6.733741274927255e-05,5.3790244537929224e-05
2024-07-17,0.0005665337773648361,0.4755567942392922,0.5244432057607078,1.382836937858514,0.0031039418172229016,0.7382681843435829,1.1639553713542692,2377,252,-0.7521290657081828,8.059852963533929e-05,6.754638744649429e-05,5.4472684161163496e-05
2024-07-18,0.0003298774366330363,0.4726982043332793,0.5273017956667208,1.372695884870805,0.003065364706596072,0.7498741398898187,1.1494892383628976,2377,252,-0.4379445994677876,8.361498118801887e-05,6.790976962034647e-05,5.65062587163152e-05
2024-07-19,8.20511481914433e-05,0.47019443529036703,0.5298055647096329,1.3651971994980134,0.0030363020786645023,0.7493050488822499,1.1385909664626572,2377,252,-0.1089309338563444,8.262902867799467e-05,6.592293725938784e-05,5.530230810574549e-05
2024-07-22,-0.000118250611050787,0.47144056095300757,0.5285594390469924,1.3772784931599307,0.003010952198015287,0.7479784921815237,1.1290849475092342,2377,252,0.1569892655346034,8.011222769734769e-05,6.500858815563281e-05,5.397888151636654e-05
2024-07-23,-6.126220302265825e-05,0.47316443219875604,0.526835567801244,1.3852565841896132,0.0029673196212117114,0.7529551205595024,1.1127230518529592,2377,252,0.08133157344470966,7.882210518789637e-05,6.481286130871534e-05,5.3817522793690076e-05
2024-07-24,-0.00051878171500245,0.464601334939642,0.5353986650603579,1.3504513542320136,0.0029820859408793304,0.7635884872757525,1.118260313214268,2377,252,0.6887335269332169,8.705068239353549e-05,6.567409722706597e-05,5.77354450111873e-05
2024-07-25,-0.0006894477690254368,0.46196889368075433,0.5380311063192457,1.341055765248808,0.0029418163446874425,0.7632675907796691,1.1031595105736594,2377,252,0.9153094256509879,8.498383602038508e-05,6.362129814606013e-05,5.612369431643659e-05
2024-07-26,-0.00039551270079376784,0.4569633479723905,0.5430366520276095,1.306910670435732,0.002918189994826456,0.7722115426596187,1.0942998030000184,2377,252,0.5250818397932306,8.899166737597198e-05,6.375235330498425e-05,5.816464358803333e-05
2024-07-29,-0.0005924267419674384,0.45458307336434334,0.5454169266356567,1.2996668147460066,0.002879765642456248,0.7734369668593695,1.073897191204354,2377,252,0.7865045117152246,8.776197002297032e-05,6.206502740062114e-05,5.7082315685463474e-05
2024-07-30,-0.00042408612589808027,0.4529286730955878,0.5470713269044122,1.2870104168556349,0.0028421082476843035,0.7739718570171511,1.0527036052927692,2377,252,0.5630158595929884,8.621307334357024e-05,6.029248860915006e-05,5.580117421964046e-05
2024-07-31,-0.0004517077219306131,0.4564646232744489,0.5435353767255511,1.3063658128931857,0.0028079477276090085,0.7915981375001274,1.0339425709821233,2377,252,0.5996862330947241,8.958805177377401e-05,6.483737987439995e-05,6.033127980080751e-05
2024-08-01,-0.0006284576203500334,0.46298865274075046,0.5370113472592495,1.3428208147911393,0.0027746842927529373,0.8322487114966693,1.015677270227268,2399,252,0.6639004870593043,0.00010578120894362542,8.046406942693587e-05,7.678181802019715e-05
2024-08-02,-0.0002613089607587671,0.4755377164842474,0.5244622835157526,1.4042377497630958,0.0028278806771571802,0.8437688566810235,1.0331728339878041,2399,252,0.2760458950662112,0.00011137037378578428,9.441213103287807e-05,8.652113948926127e-05
2024-08-05,-0.0012051951030763526,0.460214790551014,0.539785209448986,1.3415141030875324,0.002976206426276299,0.8522554741483064,1.0816426718617702,2399,252,1.2731639971017124,0.0001431554302220911,0.0001016213750959961,0.00010279364030855363
2024-08-06,-0.0010129457950251743,0.45660632308531685,0.5433936769146832,1.31826381472558,0.0029252627207257418,0.8630837667807939,1.05718456803298,2399,252,1.0700724836582078,0.00014997458777510526,0.0001057688631483752,0.00010870279349846915
2024-08-07,-0.0010817697010093962,0.45584240498166445,0.5441575950183355,1.3162887561985228,0.0028777587575280713,0.8629861578448463,1.0382944956801263,2399,252,1.1427778232462606,0.00014509479948328187,0.00010230110927886049,0.00010514047253338429
2024-08-08,-0.0007106711494950002,0.45290302791204845,0.5470969720879515,1.2930758644095628,0.0028397741271174435,0.8766913151087867,1.0238660083800388,2399,252,0.7507505788949436,0.00015957025912619039,0.00010914241324684989,0.00011569629606017496
2024-08-09,-0.0005218666675324234,0.4516709387747141,0.5483290612252859,1.2828908732106694,0.002798869476455088,0.8772336063594418,1.008877460635112,2399,252,0.5512981679843728,0.00015627101076860553,0.00010619505205290576,0.00011300732961524685
2024-08-12,-0.0007281341271587521,0.45142111003110513,0.5485788899688948,1.2860867310054123,0.0027678069715195907,0.87594887026482,0.997680703743118,2399,252,0.7691984089491217,0.00015123255561466612,0.00010279734649539183,0.00010921753102052044
2024-08-13,-0.0006175518023952858,0.4520806251715378,0.5479193748284622,1.2873754651228453,0.0027232711379357177,0.8826468744417266,0.9816273653965677,2399,252,0.6523796181614072,0.00015426881022949233,0.00010547601206561324,0.00011259079957533264
2024-08-14,-0.0013520113555223646,0.4518429300870831,0.5481570699129169,1.3017659695148616,0.002875372730962532,0.865927572843404,1.0356004121024087,2399,252,1.4282601855333845,0.00015058659178238915,0.0001029057755096155,0.00010779400190725715
2024-08-15,-0.001472136844088808,0.4536358810117662,0.5463641189882338,1.3143317577002043,0.0028462232299566108,0.8677463103321758,1.0239787158460631,2399,252,1.5551603420197986,0.0001481239229254214,0.0001030681677133961,0.00010721798873087899
2024-08-16,-0.0010841620223378708,0.45221125569978743,0.5477887443002125,1.2993274292326047,0.0028390148602184394,0.8654721221342493,1.0208170419434244,2399,252,1.1453050633397008,0.00014624385226717643,9.99978012859206e-05,0.00010466153935796417
2024-08-19,-0.0003991903831640847,0.4463771326317948,0.5536228673682052,1.255453660049917,0.002905790913122656,0.8594163147064141,1.0445255511567977,2399,252,0.42170335951120436,0.00015099695903136992,9.779499843673724e-05,0.00010443498684958567
2024-08-20,-0.0005739768714276845,0.4447155249623713,0.5552844750376287,1.2507785514419882,0.002860511658776894,0.860174256003203,1.027635531758656,2399,252,0.6063472096803816,0.00014758401967108854,9.512337167883975e-05,0.00010191772614844895
2024-08-21,-0.00020233217209511417,0.4427268319578295,0.5572731680421705,1.2335322929053356,0.00284309952313884,0.8587878885495199,1.020238674403482,2399,252,0.21374301663634226,0.00014566900984426764,9.237868806242892e-05,9.962203070416613e-05
2024-08-22,-0.0005500291274689882,0.4406078729151916,0.5593921270848083,1.2299507573361559,0.0028128312864566496,0.8600512205452572,1.0078460195810381,2399,252,0.5810488946256692,0.00014528006595159848,9.053526983632256e-05,9.863617690437375e-05
2024-08-23,-0.0001796067616894604,0.4391934076525992,0.5608065923474008,1.2158416261888962,0.0027674372591498827,0.8751638807049197,0.9915812012984208,2399,252,0.18973597057883268,0.000158836004960335,9.76514718409087e-05,0.00010899416779021074
2024-08-26,-0.0005021425907214702,0.43878198869893414,0.5612180113010659,1.2200552183075541,0.002758164778737244,0.8719903109867236,0.9882588433167967,2399,252,0.530461720501576,0.00015392564382023076,9.458880113830341e-05,0.00010521726515425847
2024-08-27,-0.0005830326895761269,0.43862222403200185,0.5613777759679981,1.221019801019964,0.0027128368508979183,0.8722832631154777,0.972017708674744,2399,252,0.615913745091509,0.0001493231693699402,9.168370447678264e-05,0.00010206273815594116
2024-08-28,-0.00016983300365950725,0.44133643526925,0.5586635647307501,1.2267910225641092,0.0027633928393774156,0.8654174299002834,0.9901320733721133,2399,252,0.17941100592509582,0.00014468360065500094,9.148196022506273e-05,9.956415744195404e-05
2024-08-29,0.00018693618056026285,0.44051938876193647,0.5594806112380635,1.2159684311818215,0.0027440857868358173,0.8640649457789628,0.9832142976250994,2399,252,-0.19747874368018706,0.00014227903682883491,8.875564897473304e-05,9.709902002854501e-05
2024-08-30,-0.0006608572142771171,0.4388606884288778,0.5611393115711222,1.2240730518897098,0.002941572298987057,0.8404925637164841,1.0530186035081004,2399,252,0.698127307599302,0.00014008531349809413,8.6583438274891e-05,9.256516774408154e-05
2024-09-03,-0.0004434605369851591,0.44607813956193815,0.5539218604380618,1.2565975384785575,0.002968378300924474,0.8478609799559286,1.0615477230145949,2421,252,0.4747870184393623,0.0001436035796539336,9.55401462153133e-05,9.931165799793321e-05
2024-09-04,-0.000664394537902136,0.44747530652367346,0.5525246934763266,1.268389033047213,0.002935768584387932,0.8463073121759576,1.0478867381391261,2421,252,0.7113280109713794,0.00013905326759976593,9.246248682471322e-05,9.596248318875568e-05
2024-09-05,-0.0002185058786455549,0.44791541602087875,0.5520845839791213,1.2616956803248298,0.0029635327815274344,0.8387896815052056,1.0560857744030758,2421,252,0.23394134535373107,0.0001348570242124284,8.994947437398695e-05,9.238238718067795e-05
2024-09-06,-0.000603231193317764,0.4456312829273094,0.5543687170726905,1.2579412674131225,0.0029236941613571287,0.8490445085518172,1.0403425478672441,2421,252,0.6458440285398938,0.00014214763044296372,9.239670706390321e-05,9.730351218492112e-05
2024-09-09,-0.000223054755131518,0.4425863013583906,0.5574136986416094,1.2348000060271753,0.00289066803376403,0.8550395167801378,1.027697882835391,2421,252,0.23881155887645458,0.00014687999453857616,9.292033142275844e-05,9.989020067604174e-05
2024-09-10,-0.00018286606841571142,0.44265366256147515,0.5573463374385248,1.2342342394143293,0.0028489679946169873,0.8558480032885971,1.012872575520609,2421,252,0.19578390444182786,0.00014297446953108247,9.106289086599345e-05,9.765547692409486e-05
2024-09-11,-0.0005843941091167918,0.44683028151758564,0.5531697184824144,1.2632145598572595,0.002899726355759202,0.8502262028856006,1.0301430926914743,2421,252,0.6256762744829638,0.00013924534530675107,9.256799313914319e-05,9.652843223925164e-05
2024-09-12,-5.6326443065654026e-05,0.4436338237467015,0.5563661762532985,1.2366237907987805,0.002901951251912848,0.8508008667190038,1.0299976060991642,2421,252,0.0603053975089814,0.00014310908684661786,9.13520819085657e-05,9.727937095161155e-05
2024-09-13,-0.0005083510025471976,0.44240212447894883,0.5575978755210511,1.239011036264991,0.0029150536072147224,0.8448315730109384,1.0326400087366914,2421,252,0.544261409280984,0.00013922277843237047,8.848469888818912e-05,9.376901908725486e-05
2024-09-16,4.4220308240556296e-05,0.4386157774040808,0.5613842225959191,1.2097721316460444,0.002924783503606969,0.8423893544941745,1.0341031287145224,2421,252,-0.04734407360514677,0.0001406610088499301,8.634943020261506e-05,9.283879009197526e-05
2024-09-17,-0.00014206275363929177,0.43736490178707416,0.5626350982129258,1.2069707656469404,0.0028783518308084163,0.8437866179648131,1.0156872714033398,2421,252,0.1520982040256319,0.00013787276562758903,8.421294136797859e-05,9.092039112729969e-05
2024-09-18,3.348315082133269e-05,0.43830739585151196,0.561692604148488,1.2082483235752632,0.0028531987263917926,0.8428237873786486,1.0048616818672558,2421,252,-0.03584843299584976,0.00013374493473505752,8.269886883077538e-05,8.863908016212091e-05
2024-09-19,0.0006337962675308578,0.43393436665383534,0.5660656333461647,1.1761652520195511,0.0028287243006455023,0.8567125881695683,0.9962420885698573,2421,252,-0.6785682491721758,0.00014817653043284844,8.720145497975863e-05,9.738380170778393e-05
2024-09-20,-9.030917308036014e-05,0.4289503637301528,0.5710496362698472,1.1648524914831933,0.002886643831877539,0.8487440618104735,1.0161607769014736,2421,252,0.09668870045585015,0.00014947474014125758,8.459637143519761e-05,9.54413381979393e-05
2024-09-23,-0.00013146397192435985,0.4283121783749296,0.5716878216250705,1.1624646979908435,0.002842596150541075,0.8490161010276928,1.0002441141097194,2421,252,0.14075071411427917,0.00014496354419090573,8.236369458360103e-05,9.277121306417875e-05
2024-09-24,-5.95374358617027e-05,0.42846513492063326,0.5715348650793668,1.1618840044739533,0.0027963536617536386,0.8506810537821101,0.9839724473720388,2421,252,0.0637432179433107,0.00014166317423734232,8.068199647429953e-05,9.094599168546364e-05
2024-09-25,-0.0007714558878876497,0.42332482405369753,0.5766751759463025,1.1499821399875352,0.0028132358595910957,0.851072097790146,0.9899129039567486,2421,252,0.8259522783194709,0.00014806560143414157,8.000970741827322e-05,9.263279777018526e-05
2024-09-26,0.0001688267966189672,0.4152302713666313,0.5847697286333686,1.0968379113815552,0.0029272612407542555,0.8390400170632701,1.0298728080454185,2421,252,-0.18075288490003924,0.00015426383977839618,7.789984771485114e-05,9.197780632836694e-05
2024-09-27,0.0006892284068633355,0.41519634572815534,0.5848036542718447,1.0879294431763176,0.0029864001669345193,0.8286381818119971,1.050495959802805,2421,252,-0.7379161684668823,0.00014922806063338812,7.691514089428745e-05,8.877610939338216e-05
2024-09-30,0.0007005151061150103,0.4151891684821057,0.5848108315178944,1.087322636588441,0.0029370357980682163,0.828637593505882,1.0329794398090095,2421,252,-0.7500001710754477,0.0001443354235686373,7.439334308144802e-05,8.586538779134905e-05
2024-10-01,-1.0719968765316074e-05,0.41276924300490847,0.5872307569950915,1.0876660023601994,0.003004972602160507,0.8161957569714278,1.056293128460388,2441,252,0.010306901727928737,0.00014254158717469403,7.19994466346404e-05,8.268556668470311e-05
2024-10-02,2.144681802435158e-05,0.4124829630338379,0.5875170369661621,1.085741883206912,0.0029575607852451082,0.8163221890641158,1.0386168501186868,2441,252,-0.020620418827054753,0.00013802800553687445,6.987483867679547e-05,8.016884319730638e-05
2024-10-03,-0.0004113795414867313,0.4109329786401233,0.5890670213598768,1.0850386517395525,0.0029176968579963936,0.8195313696264642,1.0235290784297804,2441,252,0.39552806540841684,0.00013800765276384747,6.87382450642446e-05,7.982085707732e-05
2024-10-04,-0.0013241041113463687,0.40937900552283474,0.5906209944771652,1.091566861701083,0.0030571748508785297,0.7974701685920207,1.0716627571700332,2441,252,1.273083089322886,0.00013543402964899697,6.715979369238582e-05,7.605591982020484e-05
2024-10-07,-0.001114516423637983,0.41115201868395657,0.5888479813160434,1.096993436803675,0.00304054828170101,0.7964576774493974,1.0654674095857029,2441,252,1.071571336081275,0.00013165854949419759,6.670921749319263e-05,7.464146576176616e-05
2024-10-08,-0.000811037815529843,0.4144332631283071,0.5855667368716929,1.1075207874526394,0.003048346716164524,0.7930279708386464,1.0668332028515066,2441,252,0.779786512937066,0.00012786420278972446,6.678026292615903e-05,7.328026910081835e-05
2024-10-09,-0.001387370142791562,0.4153588380278454,0.5846411619721545,1.1206807898103888,0.0030811530257049487,0.7828244686728105,1.0743427922698845,2441,252,1.3339113233501545,0.00012407184802328024,6.51742734990312e-05,7.039456292668616e-05
2024-10-10,-0.0011689234488573294,0.41526076983692345,0.5847392301630765,1.1170513823329749,0.0030410481465230014,0.7815177260660459,1.0573089525968282,2441,252,1.123881923408645,0.0001203079780397025,6.303969769717539e-05,6.80601822679133e-05
2024-10-11,-0.001027086250550408,0.4149907710822707,0.5850092289177293,1.113584460476922,0.002991417707658863,0.7832017315236217,1.039622264573163,2441,252,0.987510064840914,0.00011752246429927488,6.139221813019014e-05,6.652589808712411e-05
2024-10-14,-0.0009577042956545926,0.4149888918031337,0.5850111081968663,1.1125840261642397,0.0029445235384276463,0.7829028433173804,1.0230948461602132,2441,252,0.9208015690926364,0.00011366953899432449,5.941855307050391e-05,6.43414665400743e-05
2024-10-15,-0.0011727173885965883,0.4147160893418668,0.5852839106581331,1.1145842409587547,0.002896365581079317,0.785528674770223,1.0060112856423447,2441,252,1.127529673221195,0.00011155668773597916,5.810358010308811e-05,6.324282990070538e-05
2024-10-16,-0.0016171058551094992,0.418067138434437,0.581932861565563,1.1368057835784575,0.0029274626508056694,0.7785789839647148,1.0163186734069003,2441,252,1.5547947477420045,0.00010811731390577833,5.838855320741488e-05,6.186060420015742e-05
2024-10-17,-0.001624271539399634,0.41884042145529454,0.5811595785447055,1.1406963372468215,0.0028799470927028366,0.7786150950735563,0.9997913454282606,2441,252,1.5616843204085535,0.00010459842629333024,5.652005369773142e-05,5.986688718378711e-05
2024-10-18,-0.0016156906470522114,0.4191051397006331,0.5808948602993669,1.1419842330098693,0.002832662834680982,0.779272843535538,0.9833763244492191,2441,252,1.5534340711681853,0.00010144240079057736,5.4857039473465797e-05,5.8132029383605526e-05
2024-10-21,-0.0020873264261689743,0.4168011108659399,0.58319888913406,1.1389630996671936,0.002794708951073331,0.7884012491744771,0.9702004003315615,2441,252,2.0068965516242327,0.00010456497897353385,5.5068378702653555e-05,5.982622171630404e-05
2024-10-22,-0.002326924886722551,0.4159478810235207,0.5840521189764794,1.1393725824172953,0.0027581307867911684,0.7871636686559287,0.9575020656386704,2441,252,2.2372626880516755,0.00010146070182920519,5.326286663192504e-05,5.786637012183744e-05
2024-10-23,-0.00255611022630379,0.41585901641570805,0.5841409835842919,1.1439137549621217,0.0027125045036074298,0.7963490864327621,0.9416626208215264,2441,252,2.4576169469361377,0.000102679517201287,5.378466444686324e-05,5.9179954496373836e-05
2024-10-24,-0.0019011933989305121,0.41479136536892364,0.5852086346310763,1.1301404993306972,0.002766097505720393,0.7826357986492365,0.9602677611117157,2441,252,1.8279356924960068,0.00010039739225366437,5.2285872773835704e-05,5.670392302069957e-05
2024-10-25,-0.0018914846888000668,0.41631087942890477,0.5836891205710952,1.1383089979569472,0.0027290695231975805,0.7876113361005075,0.9474132692501194,2441,252,1.8186010830946058,9.911402927398937e-05,5.2434600340192224e-05,5.6779100132722195e-05
2024-10-28,-0.0019997542165849647,0.41827090422660024,0.5817290957733998,1.1501435493755268,0.00270145301419465,0.78817711492558,0.9378260283032175,2441,252,1.9226987169066283,9.646836852226931e-05,5.186294722015788e-05,5.5750001586513845e-05
2024-10-29,-0.002127122596946948,0.41847850943520887,0.5815214905647912,1.1547046430753471,0.0026572191993072206,0.7913306698210777,0.9224699874190696,2441,252,2.0451592770421976,9.48989230080021e-05,5.086048937141394e-05,5.497673034239381e-05
2024-10-30,-0.002338751891652379,0.4176937219471605,0.5823062780528395,1.156163531552627,0.002622992338539178,0.7908581476489082,0.9105879222020479,2441,252,2.248633969089533,9.269069388510765e-05,4.927621134460733e-05,5.344847452207308e-05
2024-10-31,-0.0018544251002488936,0.42925484120914853,0.5707451587908514,1.2054295374381578,0.002737609770027481,0.7855482386373872,0.9503780684611847,2441,252,1.782969492589393,9.207403227009575e-05,5.505035402167595e-05,5.5926996775123764e-05
2024-11-01,-0.0011678394742647856,0.43095640315195255,0.5690435968480474,1.210247377368983,0.0027052156031953604,0.7843280497505001,0.9391322342154182,2464,252,1.5455261633445612,8.972388251090331e-05,5.3271297612407346e-05,5.4224856792772216e-05
2024-11-04,-0.0013431603810166988,0.43305956413036195,0.566940435869638,1.226123198733216,0.002696898172534648,0.7808527183091304,0.9362447870078463,2464,252,1.7775469627245093,8.68686584510787e-05,5.251350827746866e-05,5.273952335058312e-05
2024-11-05,-0.0011243066567993322,0.43221709537786446,0.5677829046221355,1.2170368323782157,0.002654119594522855,0.7976582034817407,0.921393940555046,2464,252,1.4879145567499834,9.198169535747544e-05,5.465661975173157e-05,5.6557333495199874e-05
2024-11-06,-0.001618472038985199,0.43124236125722754,0.5687576387427724,1.2262432104341663,0.002782070973967035,0.7731888603832202,0.9658130488532616,2464,252,2.141896156120255,9.024355464736726e-05,5.356509926394485e-05,5.3756952717438284e-05
2024-11-07,-0.0008715673690323206,0.41357276011884236,0.5864272398811576,1.1232707799811832,0.00286300602365569,0.7925504928456955,0.9939101491178993,2464,252,1.153437781168392,0.0001156501220885038,5.737499629839122e-05,6.455967321456262e-05
2024-11-08,-0.0012427582000943825,0.40722405987887206,0.5927759401211279,1.104090724861484,0.002818955806607112,0.8113850628228573,0.9786178453526687,2464,252,1.6446740800280377,0.00012594256124122112,6.0444639408932234e-05,7.079330116567525e-05
2024-11-11,-0.0014131415940765862,0.406394886527554,0.593605113472446,1.1054803549431738,0.002802352048967698,0.8078867610973843,0.972853748772028,2464,252,1.870160543708948,0.00012182398805184972,5.885378555787889e-05,6.840755982028995e-05
2024-11-12,-0.002503130734979143,0.4,0.6,1.104575163398693,0.0034509216031428235,0.7136466792024694,1.1969516397418425,2464,252,3.3126590823774658,0.00012688259273189382,5.905348664136447e-05,6.177418774365916e-05
2024-11-13,-0.002207635151434323,0.4,0.6,1.1012674509749971,0.0034258459198455242,0.7095409751984637,1.1871229202490992,2464,252,2.921598353925208,0.0001227416340101104,5.75879059551387e-05,5.9653931914469536e-05
2024-11-14,-0.0019415370418558364,0.4,0.6,1.0975483231686425,0.0033974527378924212,0.7054305750773273,1.1761361743677083,2464,252,2.5694424288748166,0.00011888980418377921,5.590375755402739e-05,5.751049225550381e-05
2024-11-15,-0.001475461288562947,0.4026262576574138,0.5973737423425862,1.0996881743191762,0.0035118423314181354,0.6843539686290212,1.213693427461869,2464,252,1.9526348224457126,0.00011500617332439951,5.7020635421644344e-05,5.5418835138023586e-05
2024-11-18,-0.001184787206025191,0.4006695663418965,0.5993304336581036,1.0840377432298096,0.00346434713373605,0.6943188801494198,1.1954079305462775,2464,252,1.5679548989903929,0.0001175049028288659,5.661405777465544e-05,5.6630332378584615e-05
2024-11-19,-0.0010499173142536251,0.4,0.6,1.0782963470162372,0.0034071500019868667,0.699338760906634,1.174539584026973,2464,252,1.3894672292602437,0.00011586616162144735,5.557448936637648e-05,5.6118189365183345e-05
2024-11-20,-0.0011851462871910446,0.4,0.6,1.0831408731897991,0.0033555991498574415,0.7008827671292104,1.1555606480119724,2464,252,1.5684301092815507,0.00011346980525458553,5.399389203538987e-05,5.486025899781262e-05
2024-11-21,-0.0014437816120675994,0.4119871416427852,0.5880128583572148,1.1465553835286957,0.003460722455000535,0.7026084903316111,1.1897808331784396,2464,252,1.9107097377497397,0.00011281525202065773,6.0795312228742254e-05,5.8187855153498534e-05
2024-11-22,-0.0012951923188577676,0.4144214706308617,0.5855785293691382,1.1554112424347391,0.0034148607504354738,0.7010214086429593,1.1727608605452615,2464,252,1.7140657251869282,0.0001093133791936366,5.882408419112184e-05,5.62141344889669e-05
2024-11-25,-0.0011709820790444258,0.4155598772408992,0.5844401227591007,1.1586806282752609,0.0033725600472704446,0.6996591939184673,1.1575512490083488,2464,252,1.549685106431361,0.0001057433103593407,5.72596135345645e-05,5.444239255527494e-05
2024-11-26,-0.0013672314276484685,0.41405042908676354,0.5859495709132365,1.159125990434708,0.0033211386557972238,0.7127616526862778,1.1387898987298837,2464,252,1.809402738426823,0.0001085383007925243,5.75243360259022e-05,5.63198698547607e-05
2024-11-27,-0.001122250051044636,0.41141836540923094,0.5885816345907691,1.140501216465904,0.003282062720575673,0.7157954216727554,1.1247862761383463,2464,252,1.4851928316570984,0.00010860446512293936,5.622845751605038e-05,5.593592724410112e-05
2024-11-29,-0.0012043581085192361,0.41406390049867614,0.5859360995013239,1.1563946049311309,0.003257723698148582,0.7189706845367934,1.1152989724044113,2464,252,1.5938551554137803,0.00010633573464225539,5.6739449609025554e-05,5.584616562407537e-05
2024-12-02,-0.00031767313596807846,0.41580902892245536,0.5841909710775446,1.1637800652103685,0.003216226526832004,0.7196591661924814,1.1010921958894564,2484,252,1.4862430086996767,0.00010321850794861486,5.5688582705521977e-05,5.456180540308557e-05
2024-12-03,-0.0003083551231642054,0.41671409340002635,0.5832859065999736,1.1685157216527224,0.0031666078986704585,0.7207918483894308,1.0841049955838755,2484,252,1.4426484147075618,0.0001001811591687548,5.430364546791501e-05,5.316396768279845e-05
2024-12-04,-0.0003515623543634041,0.41573603583876606,0.5842639641612339,1.1698587756673524,0.0031250638753691044,0.7210407517992562,1.06988217904364,2484,252,1.6447947029021428,9.830240617190786e-05,5.267736915922779e-05,5.188644590021283e-05
2024-12-05,-0.0004376685021587047,0.41744189906440055,0.5825581009355995,1.1886936695471706,0.003174773826610614,0.7065988126705298,1.0869006442896143,2484,252,2.047644820450912,9.518747384974085e-05,5.221574250552491e-05,4.981538980702562e-05
2024-12-06,-0.0004755362765957198,0.41770041222538096,0.5822995877746191,1.196850960021912,0.0031225056581962018,0.7273401007670607,1.0690063598371962,2484,252,2.2248103048426593,9.950596893748758e-05,5.414919862036838e-05,5.338977808590084e-05
2024-12-09,-0.0002832948290927345,0.41208895620017705,0.587911043799823,1.1502703896540498,0.003414061135584779,0.6732969394388487,1.1675042057652236,2484,252,1.3254030998143806,0.00010145260150284173,5.3258994766742006e-05,4.949196724782798e-05
2024-12-10,-0.0004102186077410999,0.40287567184527207,0.5971243281547279,1.1217629929762616,0.0034312340299134125,0.6741382614671687,1.173141890413275,2484,252,1.9192196908176375,0.00010752199661606291,5.227165010313474e-05,5.053947682944654e-05
2024-12-11,-0.00043695076922248917,0.4020658035812164,0.5979341964187836,1.1218449384593052,0.0033905322775183142,0.6737509054698184,1.1591309672117034,2484,252,2.0442868860278045,0.00010417561800805104,5.1269439829563104e-05,4.923927965453149e-05
2024-12-12,-0.00044164945401910455,0.40888026287516166,0.5911197371248383,1.1569583571334816,0.003362959379728542,0.7046517227619845,1.1492338696476214,2484,252,2.0662698195477316,0.00010949050339953858,5.697100610270419e-05,5.565314207834461e-05
2024-12-13,-0.0004293507472820533,0.410936829913946,0.589063170086054,1.1675947463355398,0.003312037189583509,0.7056435817446667,1.13140679250753,2484,252,2.008729962271834,0.00010621159937337834,5.554221187935514e-05,5.419796191824909e-05
2024-12-16,-0.0003390612726778438,0.41231075187234845,0.5876892481276516,1.1660447175568345,0.003348245802953531,0.69225666755896,1.1421162388602173,2484,252,1.5863080285419457,0.0001030112209081065,5.4608758330949437e-05,5.192070317615792e-05
2024-12-17,-0.00023440417037357477,0.4138357959294692,0.5861642040705308,1.1671883642166725,0.0034143115029712573,0.6738692164984,1.1627533561890273,2484,252,1.0966667306195532,0.00010003610977662554,5.400117184101759e-05,4.952854921471062e-05
2024-12-18,-0.0002675118696197696,0.42707852413850783,0.5729214758614922,1.2387731108714513,0.0033919348744080612,0.7665105564277548,1.1539925160539815,2484,252,1.2515620647460532,0.00013042741050215784,7.738015981848784e-05,7.700472734990617e-05
2024-12-19,-0.00026593348109948576,0.43021746663578375,0.5697825333642162,1.2559967189557473,0.0033377129750474387,0.7678517310874908,1.1346226391608405,2484,252,1.244177528133806,0.00012678788665715477,7.542041976319953e-05,7.508630302381564e-05
2024-12-20,-0.0003592814727513227,0.43373342220542893,0.566266577794571,1.2866845402421214,0.003407346267733754,0.7542641971003795,1.1582937909081183,2484,252,1.6809088228525373,0.0001226410392981392,7.527396815072114e-05,7.24709259036815e-05
2024-12-23,-0.0002638517817891565,0.4296011483057184,0.5703988516942816,1.2547445201870866,0.0033983554486447794,0.7569959786788277,1.1552374505459562,2484,252,1.234438237347497,0.00012673069542298252,7.413047387950585e-05,7.337242443357906e-05
2024-12-24,-0.00029375160373281355,0.43112267844978197,0.5688773215502181,1.2670470346779703,0.0033700324612682764,0.7580724367499501,1.1456093300555805,2484,252,1.3743254241872143,0.00012358877352962864,7.39808151951476e-05,7.248694116323114e-05
2024-12-26,-0.00022158107814662764,0.43023935996412155,0.5697606400358785,1.2550193416616502,0.003357803737252197,0.7528335666768624,1.1414522958167403,2484,252,1.0366735205732167,0.00012078860153281048,7.156589704865709e-05,6.99946765579386e-05
2024-12-27,-0.00027149359235937453,0.42849303101058256,0.5715069689894174,1.2533394176093646,0.003313317668817841,0.7552020078436852,1.1263296951766533,2484,252,1.270190670423661,0.00011981477517100674,6.98771716708352e-05,6.910126274292773e-05
2024-12-30,-0.0002657175995127061,0.4283164721061371,0.5716835278938629,1.2530751979752388,0.003259739151430675,0.7556282864473794,1.1081162061035592,2484,252,1.2431675198494088,0.00011606565663657604,6.781296390887068e-05,6.703728802756285e-05
2024-12-31,-0.00036299095722715056,0.42932022695316996,0.57067977304683,1.270642735583862,0.0033161401539691998,0.7413064477522864,1.127289171193725,2484,252,1.698263753892829,0.00011257587843756038,6.671416945139245e-05,6.424354412246379e-05
2025-01-02,-0.0004616477468741423,0.4292906769293052,0.5707093230706948,1.2694056848827697,0.0032630482194640218,0.7417049933396719,1.1092410911770292,2505,252,1.5973966245602347,0.0001093165257429199,6.462156976764264e-05,6.233943544229895e-05
2025-01-03,-0.0003615625009360104,0.42594453389998904,0.574055466100011,1.244522824697416,0.003231026325114508,0.7472846212364472,1.0983555637067535,2505,252,1.2510809864738663,0.00011167263264632363,6.380943663912661e-05,6.308148046144781e-05
2025-01-06,-0.00035688235242999593,0.4259302944554262,0.5740697055445738,1.2448149370278465,0.0031798163341137317,0.7507518433759647,1.0809472318414655,2505,252,1.234886705278801,0.00010931980080455003,6.2830398424222e-05,6.222010360269153e-05
2025-01-07,-0.00031811663099124213,0.42736396766979,0.57263603233021,1.250423613798702,0.003143891895238452,0.7511260592980535,1.0687350728116847,2505,252,1.1007492964119712,0.00010618469571530196,6.187915365549361e-05,6.088579421014191e-05
2025-01-08,-0.00030259847681462034,0.4280899719410521,0.571910028058948,1.2536901190955065,0.0030928531445047706,0.754870244212715,1.0513849523879537,2505,252,1.0470532754328001,0.00010414745346957286,6.087233695210595e-05,6.010444921907676e-05
2025-01-10,-0.00033096062555572456,0.4332995990711275,0.5667004009288725,1.2851460061090505,0.0030542825343124356,0.7905037293501959,1.0382732534918409,2505,252,1.1451921723971705,0.00011617993036432865,7.063410846508556e-05,7.161050114466766e-05
2025-01-13,-0.00020087341659617575,0.4342619448289534,0.5657380551710466,1.280623314279931,0.0030915436691888705,0.7795023985834407,1.0509398091566604,2505,252,0.6950635409948012,0.00011298090546530556,6.879579760417321e-05,6.872281434155762e-05
2025-01-14,-0.0002168001233121615,0.4357304881626428,0.5642695118373572,1.290332190315827,0.0030502709367046434,0.7814734657336269,1.0369095504116084,2505,252,0.7501732382060222,0.00011023617961001688,6.792328826238463e-05,6.762163460143044e-05
2025-01-15,-0.00013826834987194542,0.4345219283455343,0.5654780716544656,1.278062171744576,0.0030028971194865813,0.7956504509899972,1.0208052880256802,2505,252,0.4784370699618603,0.00011542080127768414,6.980859087175183e-05,7.14198266202099e-05
2025-01-16,-0.00010523079645518394,0.4344494236173253,0.5655505763826747,1.2758937712849323,0.0029590097348799857,0.7950658574251349,1.0058862040539691,2505,252,0.36412030643598764,0.00011163894512759539,6.765286704225063e-05,6.909618495544198e-05
2025-01-17,-0.00021037520428616866,0.43460364500342247,0.5653963549965775,1.2858745446293967,0.0029761456287242063,0.7867322974509987,1.0117113823252173,2505,252,0.7279416903761315,0.00010829730716827618,6.588147256256476e-05,6.645343847043415e-05
2025-01-21,-0.00010812519836709188,0.43285997902322587,0.5671400209767741,1.2688748856681842,0.0029291373462862437,0.8155122157512111,0.9965411192331445,2505,252,0.3741355353101858,0.00012295424676376566,7.29374177884633e-05,7.722846975028216e-05
2025-01-22,-8.864485991034005e-05,0.43307332307825325,0.5669266769217467,1.2693481936181523,0.0028858884175294334,0.8161074860304465,0.9827973927244908,2505,252,0.30672953775727263,0.000119376294515636,7.12113365654421e-05,7.524557706780396e-05
2025-01-23,-0.00021018620656124338,0.4367135153582571,0.5632864846417429,1.2984243194856038,0.0029527394918841985,0.8053184146063009,1.0055637135488213,2505,252,0.7272877191829665,0.00011554710919007911,7.162296104149931e-05,7.326107854243847e-05
2025-01-24,-0.00017389743519261887,0.43717666133425664,0.5628233386657433,1.2987518159065963,0.002905008854892463,0.8071283738293613,0.9906412444567648,2505,252,0.6017210695324866,0.00011308546461406547,6.985788094685125e-05,7.173873461606569e-05
2025-01-27,-5.088157414812834e-05,0.44070048234429243,0.5592995176557076,1.308815683639137,0.002954140787811658,0.7980618127466569,1.0073957955100832,2505,252,0.17606076352992603,0.0001094900986793149,7.010772879223298e-05,6.992088279203685e-05
2025-01-28,-0.0001144246415133781,0.44104729969176276,0.5589527003082373,1.316479505565501,0.0029263855307642703,0.7955050113502348,0.9979309354166844,2505,252,0.395932910661029,0.00010627664782123071,6.782921004759576e-05,6.754142561874219e-05
2025-01-29,-0.00025688580824084604,0.4399756728723804,0.5600243271276196,1.3228924287887336,0.002975405062860837,0.7829845641438713,1.0132825372999912,2505,252,0.8888779935781369,0.0001040073490158185,6.583975860180159e-05,6.479318500613827e-05
2025-01-30,-0.00015667286543724905,0.4368417923427737,0.5631582076572264,1.2989475705656035,0.002945613610417855,0.7874401022110405,1.0021466176299043,2505,252,0.5421204979429295,0.00010579460790596814,6.502453102834568e-05,6.531123700726143e-05
2025-01-31,-0.00014238201204377449,0.4404460550012481,0.5595539449987519,1.3183998298264403,0.0029168147063311904,0.8012091598541493,0.9923487526893614,2505,252,0.4926711913506349,0.00010858358524680401,6.934995117272767e-05,6.952661315901863e-05
2025-02-03,0.0,0.45174172120394324,0.5482582787960568,1.365300612820092,0.003108243042081117,0.7814459571966509,1.0561306264582748,2525,252,-0.17284481403252663,0.00010574251964188546,7.513644833036131e-05,6.965448846198955e-05
2025-02-04,0.0,0.4641641632605215,0.5358358367394784,1.444437804629737,0.0031580377397887353,0.7883563992371359,1.0723138222367972,2525,252,0.18263449878244106,0.00010703675489269261,8.367568025625289e-05,7.4608565518407e-05
2025-02-05,0.0,0.468052491232353,0.5319475087676471,1.4684682070271062,0.003110302606513119,0.794450274447386,1.0561053258743747,2525,252,0.21655138681777578,0.000106252356921718,8.402592997086817e-05,7.506589543982396e-05
2025-02-06,0.0,0.46824072191870053,0.5317592780812994,1.4646636530404396,0.003073517391880477,0.7931092998983026,1.0421612062122634,2525,252,-0.009963975851147668,0.00010339508400935889,8.128893352018318e-05,7.271076275052763e-05
2025-02-07,0.0,0.4666934569299772,0.5333065430700228,1.46200055641452,0.0030373725569205383,0.7941738714824417,1.0284185265650692,2525,252,0.21583541546714408,0.00010233172758713774,7.922118951808884e-05,7.150582589782326e-05
2025-02-10,0.0,0.4680988471592127,0.5319011528407873,1.4738796711344955,0.003000305094786165,0.7966577234986528,1.015039429074156,2525,252,0.3439549069108012,0.00010020077832337795,7.885018815187443e-05,7.081229752276478e-05
2025-02-11,0.0,0.46817578850499075,0.5318242114950092,1.4790369169858806,0.0029603734232167313,0.7955275540901465,1.0007058694380746,2525,252,0.49722884099903536,9.710933535194975e-05,7.626872614518379e-05,6.846347893503819e-05
2025-02-12,0.0,0.4659299727660839,0.5340700272339161,1.4491874470573138,0.003090322199851443,0.772833124762643,1.0441365653528962,2525,252,-0.21588792692969522,9.62050049856211e-05,7.415709979140351e-05,6.527711166974925e-05
2025-02-13,0.0,0.46486498217266814,0.5351350178273319,1.4394615624187215,0.003039553633447453,0.7887030029332752,1.0261991086264073,2525,252,-0.3745238394115403,0.00010048324896898922,7.684695996366622e-05,6.93064532795174e-05
2025-02-14,0.0,0.46612756465473626,0.5338724353452637,1.4455793530285628,0.0029953367074538784,0.7943637412551139,1.0099061384499985,2525,252,-0.4613149581898353,9.954973497150083e-05,7.717033164568339e-05,6.962491050953076e-05
2025-02-18,0.0,0.46731997990661384,0.5326800200933861,1.4646968769395785,0.003044810569336405,0.7821252890349061,1.0245361861228102,2525,252,0.02815489399448739,9.654488490169827e-05,7.563455469741306e-05,6.683455952956864e-05
2025-02-19,0.0,0.4606295451894517,0.5393704548105482,1.4402947362776408,0.003081411152355141,0.7798184703809335,1.035498582482706,2525,252,0.5940836393730023,0.00010135617602354144,7.430797557805328e-05,6.767625853521985e-05
2025-02-20,0.0,0.45914707562515183,0.5408529243748481,1.4285328045341157,0.0030400423137205714,0.7785179699961765,1.0197128602128298,2525,252,0.41451631670740174,9.812999651019832e-05,7.190874565883862e-05,6.539738605435439e-05
2025-02-21,0.0,0.4563151144273201,0.5436848855726799,1.420486568055914,0.0029938304860629514,0.8058990215263937,1.0016466037840255,2525,252,0.6868254218607907,0.00011029809679055179,7.851273324604779e-05,7.49954104105292e-05
2025-02-24,0.0,0.4559398581391042,0.5440601418608958,1.4079484364203152,0.0030318906577454833,0.7954139071162428,1.0131211136493101,2525,252,0.19206311134512324,0.00010711263988374655,7.654751247966868e-05,7.202430605516209e-05
2025-02-25,0.0,0.4555180156326622,0.5444819843673379,1.409687882511585,0.002988002131688506,0.794923006463144,0.9984555476990078,2525,252,0.32819848197526824,0.00010396858686895756,7.406033084029791e-05,6.975397492078566e-05
2025-02-26,0.0,0.4550481063895396,0.5449518936104605,1.4155097687650489,0.0029778341084024727,0.7899992265982472,0.9950578529144544,2525,252,0.65897224295004,0.00010099830485796526,7.174256852333489e-05,6.724688457528299e-05
2025-02-27,0.0,0.45890325745027233,0.5410967425497277,1.4375742704858356,0.002944323742196245,0.8055391380487593,0.9838601999110658,2525,252,0.5744166902737123,0.00010459018712164423,7.699024486114326e-05,7.228529644111402e-05
2025-02-28,0.0,0.4642584400091776,0.5357415599908224,1.489318403016762,0.0031533256296694227,0.7756929026420065,1.0530097183070273,2525,252,1.3897314745364573,0.00010133691806522984,7.829592194574405e-05,6.909446127416341e-05
2025-03-03,0.0,0.47983199367417095,0.520168006325829,1.5579681239225704,0.003555081723915516,0.7265178117351181,1.1858886308342487,2544,252,0.22790226763935353,9.802610994975792e-05,8.726943104463086e-05,6.719674288423015e-05
2025-03-04,0.0,0.4933354404760721,0.5066645595239279,1.6188857783166797,0.003791942632166303,0.6935966698161574,1.2633066476257873,2544,252,-0.783402959034247,9.481305193743199e-05,9.286066045295639e-05,6.508140896485487e-05
2025-03-05,0.0,0.5022425929492577,0.49775740705074234,1.6836136478270345,0.0037431541918617624,0.7419091372294324,1.246083675341601,2544,252,-0.5650848287126734,0.00010671569395722903,0.0001104438823842909,8.054446453676456e-05
2025-03-06,0.0,0.4986412328038643,0.5013587671961357,1.671572818235987,0.0037363346205188325,0.7464266215838476,1.2378397388371578,2544,252,-0.15827651335536688,0.0001110594898607287,0.00010916140319827378,8.218631573101782e-05
2025-03-07,0.0,0.497522957758023,0.502477042241977,1.6773124884094375,0.003737185717626058,0.7388798104449501,1.2315121573885168,2544,252,0.30362821282901675,0.00010807658622471372,0.00010588814436659885,7.904297500494418e-05
2025-03-10,0.0,0.49796217017752936,0.5020378298224706,1.6805238566702927,0.00367576061471482,0.7648187421056476,1.2097433799808033,2544,252,0.22957928255041168,0.00011572790836328003,0.00011408222098732047,8.787929367158557e-05
2025-03-11,0.0,0.4983196284659269,0.5016803715340731,1.6816262701471205,0.003616950382204485,0.7653231205740939,1.189865383698507,2544,252,0.13136434270552627,0.00011215442053774674,0.00011083624056362742,8.532846339665444e-05
2025-03-12,0.0,0.5017134466115433,0.49828655338845673,1.7208921009096128,0.0036488361970062853,0.7570379320703026,1.2001584845240854,2544,252,0.7075227657781807,0.00010853255496071967,0.00011067145238649527,8.296892419074965e-05
2025-03-13,0.0,0.5037087834257769,0.49629121657422315,1.7327270243321975,0.0035918379753895192,0.7663384686754038,1.181215497536206,2544,252,0.5530589694167678,0.00010869764713717392,0.00011219623381992496,8.462912253816294e-05
2025-03-14,0.0,0.50246406544628,0.49753593455372,1.7237146036759936,0.0035342444944696768,0.7969553400495837,1.1614612364429802,2544,252,0.5420940541226865,0.00012204484552797389,0.000124039009989057,9.805570164350024e-05
2025-03-17,0.0,0.5004177768568617,0.49958222314313827,1.7075011066444388,0.0034806649963069784,0.8097417214520629,1.1424832260901754,2544,252,0.4448524258270139,0.00012740947944874523,0.00012729471053783602,0.00010312229416154376
2025-03-18,0.0,0.49222441893920177,0.5077755810607982,1.6764418371111376,0.0036288264537060687,0.7948577176039288,1.190048847216662,2544,252,1.3844384599491966,0.00013332953132014005,0.0001236536438406275,0.00010206010973298184
2025-03-19,0.0,0.4922904324646295,0.5077095675353704,1.6826053739094213,0.0035773298108761897,0.8012870911917903,1.1720201413127016,2544,252,1.6067569202129375,0.00013265600476761698,0.00012511744488847686,0.0001032310955517362
2025-03-20,0.0,0.4918647578623065,0.5081352421376935,1.6878970487988036,0.003533066780502353,0.800025933342373,1.1562108864780885,2544,252,1.8820522856172326,0.0001288504407207047,0.0001210210607508544,9.990276237908409e-05
2025-03-21,0.0,0.4919298484612197,0.5080701515387803,1.6893440149560093,0.003475390181761289,0.8006010493391509,1.1337676217122432,2544,252,1.8144413730898525,0.0001249453735255709,0.00011752454926021211,9.701536946832503e-05
2025-03-24,0.0,0.4943112196964819,0.5056887803035182,1.7120699544548035,0.003428731120039343,0.8098410462286024,1.1141883764377065,2544,252,2.0897345648806738,0.0001260741507049007,0.0001212886121779872,0.00010014351338291656
2025-03-25,0.0,0.49452139045521837,0.5054786095447816,1.7138116636045948,0.0033733674085558514,0.8109008691094538,1.0947934369805628,2544,252,2.0758323007582753,0.00012289120214449252,0.00011790053334629887,9.760814225093808e-05
2025-03-26,0.0,0.49634630416650205,0.503653695833498,1.719933785342421,0.003349288496722598,0.8096029872409907,1.085363966842516,2544,252,1.7087674596188414,0.0001192775980522694,0.00011641886672573146,9.540326284854962e-05
2025-03-27,0.0,0.49692313188038734,0.5030768681196127,1.7155967074277934,0.0033372212247286545,0.8050750397264533,1.0796808909885753,2544,252,1.2480694234898506,0.00011555491200142593,0.00011300731313629224,9.199915582993485e-05
2025-03-28,0.0,0.501669384488713,0.498330615511287,1.7401711176305903,0.0033208802643769175,0.811594875324471,1.073954458104546,2544,252,0.741690889969339,0.00011576905690325488,0.0001183747161602407,9.500905952333126e-05
2025-03-31,0.0,0.5032979463941932,0.49670205360580677,1.7615671325427977,0.0032957769314069406,0.8087221007606782,1.062965911909676,2544,252,1.1744779820985438,0.00011197560391650395,0.00011520560940176694,9.185394875614375e-05
2025-04-01,0.0,0.5015215070831636,0.49847849291683644,1.7453009306244642,0.003254139755566279,0.8139538934950858,1.0465919008898517,2565,252,0.9530543314569072,0.0001133765056533437,0.00011429807068632392,9.265754486564578e-05
2025-04-02,0.0,0.5027011407199076,0.49729885928009243,1.7598076083280796,0.0032095023254372647,0.8178833323402228,1.0298735944148112,2565,252,1.2346026022084335,0.0001118293020016996,0.000114440520222897,9.252499633393134e-05
2025-04-03,0.0,0.49926633274986343,0.5007336672501366,1.7419770898657827,0.003165296171781185,0.8457465351748091,1.0132888172834285,2565,252,1.3674430367729105,0.0001307195490602272,0.00012908541624334426,0.0001098624013528475
2025-04-04,0.0,0.4450553406700098,0.5549446593299903,1.4564590629429994,0.0037378017552210196,0.9040231454289731,1.1924798617166732,2565,252,4.135029091420672,0.00038253097937412874,0.000219537714753469,0.0002619795703135288
2025-04-07,0.0,0.4361040096914877,0.5638959903085123,1.4017220607634864,0.0036981611698960262,0.90274484782177,1.1745381687287764,2565,252,3.543192380527397,0.000373248296953637,0.00021879074231200205,0.00025797546668114606
2025-04-08,0.0,0.43660512826210673,0.5633948717378933,1.3835273979588034,0.003993704275309212,0.884453173334295,1.2655599247019995,2565,252,2.146458101921811,0.0003613051519583266,0.00021788819377709822,0.000248158280378682
2025-04-09,0.0,0.42503486381782807,0.5749651361821719,1.2814286903945722,0.004004983502306462,0.9328660030957242,1.2667316192107048,2565,252,0.11362399988783647,0.0006715848368647412,0.00035413377871966885,0.0004549392254877976
2025-04-10,0.0,0.4243626000653685,0.5756373999346315,1.2778215236041874,0.00397649491925246,0.9332018750510207,1.2560186872726338,2565,252,-0.013966896088451477,0.0006613079502225646,0.0003547853258876363,0.0004520227562131687
2025-04-11,0.0,0.43007908234336567,0.5699209176566343,1.3213470760359172,0.004221632653049139,0.9263704896999442,1.3314551420927185,2565,252,0.8364070685689089,0.000653181830941497,0.0003732337473055252,0.00045739584198996205
2025-04-14,0.0,0.4303320701075397,0.5696679298924603,1.3116669271297414,0.0041663873859758135,0.927619711955889,1.3113001092428898,2565,252,0.13550716557167378,0.0006501493382514322,0.00036793444845708325,0.0004536926639018822
2025-04-15,0.0,0.43037020084038374,0.5696297991596162,1.3108507085007537,0.0040977346477604655,0.9276489486514479,1.2826828230377947,2565,252,0.01687377697808596,0.000629175931796761,0.000356015356965971,0.00043903998330346665
2025-04-16,0.0,0.43078038671292823,0.5692196132870717,1.3193759796669595,0.004065160170676816,0.9265890624880934,1.2652759754222094,2565,252,0.39173934836885677,0.0006087852949369632,0.00034602507015649717,0.00042527810975871515
2025-04-17,0.0,0.4308739389804358,0.5691260610195642,1.3179154869503482,0.00399810999009159,0.92685808159577,1.240252269269851,2565,252,0.22674681998123292,0.000590978931316281,0.0003359182744687906,0.0004129676721251449
2025-04-21,0.0,0.43141152435687635,0.5685884756431236,1.3174566122168025,0.003957499379836801,0.9262684746841048,1.2204774189595953,2565,252,-0.07348629086655709,0.0005726557314018037,0.00032731668422297734,0.0004010215955311764
2025-04-22,0.0,0.4313987747362401,0.5686012252637599,1.3106288964394435,0.0038925821260099272,0.9279390330426027,1.1955355494407067,2565,252,-0.5301923365971185,0.0005673298182648352,0.0003237172906092409,0.00039766758962084486
2025-04-23,0.0,0.43144117359004747,0.5685588264099526,1.312781024353831,0.0038316783170406392,0.9278327978601971,1.1758189975069817,2565,252,-0.4426600564917116,0.0005487597412765801,0.0003132768191077865,0.00038470246746466025
2025-04-24,0.0,0.43053078179160315,0.5694692182083969,1.297358259564983,0.003783268091342754,0.928696726334055,1.1600157651080454,2565,252,-1.184225261246848,0.0005443565396686992,0.00030773213213775155,0.0003801036674673738
2025-04-25,0.0,0.4303690145833839,0.5696309854166162,1.2958859828349145,0.0037211941214658597,0.9286848459811348,1.1370912290275987,2565,252,-1.2552018135421958,0.0005265716091513218,0.00029774379244516016,0.0003677210035740364
2025-04-28,0.0,0.43072510667524894,0.5692748933247511,1.3074230451568898,0.0037360545883873223,0.9258710605475,1.1359518583768595,2565,252,-0.592260734291407,0.0005093355815766881,0.00028939136066103924,0.000355463734240339
2025-04-29,0.0,0.4307982603877573,0.5692017396122426,1.3086814351913356,0.003674765712338041,0.9258571737638295,1.1122485121561585,2565,252,-0.5756119433950182,0.0004926363493841938,0.00027990917210347747,0.0003438078491611775
2025-04-30,0.0,0.43072818586886397,0.569271814131136,1.301943572790307,0.0036390018360097777,0.9248677587971967,1.098507752047516,2565,252,-1.07104621174379,0.0004768958274801711,0.0002708014291472015,0.00033236621961675236
2025-05-01,0.0,0.4309318108440879,0.5690681891559122,1.2997815488154325,0.003592423358826926,0.9244208227936275,1.083775914971177,2586,252,-1.3385817066142542,0.0004614222621169508,0.00026264084281616746,0.0003218104355854276
2025-05-02,0.0,0.42808311749054745,0.5719168825094525,1.2669296838245936,0.0036196250570579634,0.9229672702196927,1.090737960381306,2586,252,-2.6395052944203172,0.00046712481104350343,0.00025811870981824807,0.00032048854466938507
2025-05-05,0.0,0.42640866197550054,0.5735913380244995,1.2690479485411958,0.003597444081016687,0.9220254321211294,1.0832381311320831,2586,252,-1.7965152603239514,0.0004589075678749195,0.0002507546081256102,0.00031277351556058367
2025-05-06,0.0,0.42608382251229693,0.5739161774877031,1.2675879920854278,0.003538055667264923,0.9220078314012857,1.0627408943793788,2586,252,-1.7945452249590181,0.00044387697598150064,0.00024257465158310628,0.000302544057718381
2025-05-07,0.0,0.4254683866584975,0.5745316133415025,1.276099445741446,0.00356011834108308,0.918534751824083,1.0667126400144893,2586,252,-0.9726500188615643,0.000431448073234488,0.0002346779522959903,0.0002922779172999182
2025-05-08,0.0,0.4253922282289569,0.5746077717710432,1.276399363910931,0.0035015761836836184,0.9186281998257042,1.047441750674554,2586,252,-0.9574514795631461,0.0004177861346044397,0.0002273541796913917,0.00028311850464702307
2025-05-09,0.0,0.42506634095897056,0.5749336590410294,1.266706785023073,0.003479507843311165,0.9170274918989826,1.0390414405132415,2586,252,-1.5351039164202054,0.00040521588826404603,0.00021990735135547613,0.0002737445379047827
2025-05-12,0.0,0.4250163051322374,0.5749836948677626,1.2646491141927911,0.003421933144817102,0.9172202778317466,1.0207279600166088,2586,252,-1.6528710939368665,0.0003928248889336887,0.00021320550494928435,0.00026544365743413884
2025-05-13,0.0,0.42504192639446897,0.5749580736055311,1.262146571021779,0.0033654221260980186,0.9176572270436731,1.002597991715928,2586,252,-1.8198298038476104,0.00038192193106518954,0.00020733777923877332,0.00025823018674548455
2025-05-14,0.0,0.4236799620058298,0.5763200379941702,1.2692681239001828,0.0034144209172072668,0.9128653244057445,1.0160813162958715,2586,252,-0.8111516111319622,0.00037419004225080506,0.0002005604506242318,0.00025007799108831783
2025-05-15,0.0,0.42261165116496313,0.5773883488350369,1.255607922957453,0.0033703248902779625,0.9132959874843541,1.001823361936112,2586,252,-1.3931945357273374,0.0003681892971633516,0.00019569516383499816,0.0002451529796577133
2025-05-16,0.0,0.4221478957591808,0.5778521042408191,1.2588806880916357,0.0033305653530778458,0.9125381623566535,0.9911271369356287,2586,252,-1.0049438999041727,0.00035697215322692187,0.0001892892280521154,0.000237208995925201
2025-05-19,0.0,0.421925689376542,0.578074310623458,1.2544391859615958,0.003278961199251084,0.9124440015303998,0.9768402863313912,2586,252,-1.252046087595995,0.0003459021522475119,0.00018317954476226498,0.0002296790273135056
2025-05-20,0.0,0.421850841932751,0.578149158067249,1.2580399097461255,0.0032364756242886155,0.9118302386878928,0.965407862110693,2586,252,-0.9758791139795602,0.00033468924243993325,0.00017722056368278265,0.00022207103874454063
2025-05-21,0.0,0.42187015408170964,0.5781298459182904,1.2618530673770325,0.0031830001213036547,0.9127926843856674,0.9504990878382136,2586,252,-0.7509255740460459,0.0003272792368816971,0.00017330680990856485,0.00021738981440726717
2025-05-22,0.0,0.4218511578440839,0.5781488421559161,1.2634777526555356,0.003131357895145274,0.9127499482593383,0.9366967398747608,2586,252,-0.6583623350307222,0.0003166296215850704,0.00016762964466177834,0.00021028243635084768
2025-05-23,0.0,0.42251562772614354,0.5774843722738565,1.267620385798327,0.003091018232284275,0.9130125448354587,0.9261569147417098,2586,252,-0.6159180175063576,0.0003082679594999476,0.00016432996787818743,0.00020549408420035493
2025-05-27,0.0,0.42301104951220764,0.5769889504877923,1.2701634805372604,0.003044792046492933,0.9133523361771496,0.9132841943764124,2586,252,-0.6318582910336397,0.0002996459453514841,0.00016031849365223558,0.0002001863026681843
2025-05-28,0.0,0.4211917202396822,0.5788082797603178,1.2743077119707484,0.0030708553459715794,0.9098732284126411,0.9233289219948078,2586,252,0.2696850109301674,0.00029613917602345005,0.00015547335508878937,0.00019523460762878295
2025-05-29,0.0,0.42082843695308403,0.579171563046916,1.2690067021961082,0.00303378919910342,0.9090665924173937,0.9135141695814017,2586,252,-0.01638091248231289,0.000286509731057988,0.00015046561384811848,0.0001887487208721294
2025-05-30,0.0,0.4205505819065056,0.5794494180934944,1.2642734138137535,0.0029884924877303207,0.9089262893981677,0.9005524465374554,2586,252,-0.28033923367407243,0.00027792999478850895,0.00014565611868938924,0.00018287769581008332
2025-06-02,0.0,0.4202540057876036,0.5797459942123964,1.2582374150211724,0.002940027577778622,0.9101215139047957,0.8869586793879403,2607,252,-0.6114319048903236,0.0002730103594242767,0.00014266538262517814,0.000179617334272737
2025-06-03,0.0,0.42015481790113646,0.5798451820988635,1.260195098578332,0.0028914876027760347,0.91038587998603,0.8723149554816674,2607,252,-0.46628693852779923,0.00026493256931471495,0.00013837615004098832,0.0001743106051142007
2025-06-04,0.0,0.4194243210125944,0.5805756789874056,1.2415450909873222,0.0030287671174160937,0.898915596898423,0.9137299605423215,2607,252,-1.5751527621266161,0.00025830972236963353,0.00013441891927263005,0.00016750180518739912
2025-06-05,0.0,0.4192683807786967,0.5807316192213032,1.2412553137675524,0.002978627741510966,0.8989213594438616,0.8986037233007822,2607,252,-1.5296087195064871,0.0002498793581890124,0.00013002217387470693,0.000162030063509437
2025-06-06,0.0,0.419200069150786,0.580799930849214,1.2423524561192936,0.0029303991091714204,0.8988734326673877,0.8840539264308866,2607,252,-1.4172683748593387,0.0002417935376697265,0.00012576899615671113,0.00015675004944450347
2025-06-09,0.0,0.41952867144449457,0.5804713285555054,1.2382764360378402,0.0029191109165126934,0.8964996386794954,0.8806484616220069,2607,252,-1.835703081448253,0.00023387439463855755,0.00012217747243363435,0.00015154339946042995
2025-06-10,0.0,0.4186449549484219,0.5813550450515781,1.2248228584784406,0.0029149031650920957,0.893739717990096,0.8793790512017053,2607,252,-2.469321794116233,0.0002282983999011794,0.00011819918753749883,0.00014681476624953354
2025-06-11,0.0,0.41786709503495345,0.5821329049650465,1.2321690288322693,0.0029792056578310452,0.885687413681623,0.898778071289872,2607,252,-1.5852597932076795,0.0002221925162466978,0.00011463105743548186,0.00014135017027342247
2025-06-12,0.0,0.4183640655684627,0.5816359344315374,1.2420147850323944,0.0029940222048822763,0.8811788876352116,0.9038073488503564,2607,252,-1.0425917551282269,0.0002149234754839904,0.0001118023126849856,0.00013659393119811676
2025-06-13,0.0,0.4161063252367983,0.5838936747632018,1.2422473711578146,0.002994247887351872,0.8792443881787048,0.9062748535375151,2607,252,-0.23646337968034598,0.00021437603668079619,0.00010889900269841143,0.00013434133975825984
2025-06-16,0.0,0.4154345311490893,0.5845654688509108,1.2464686308842792,0.002947414934951995,0.8792431675246799,0.8965877807994177,2607,252,-0.4613102238160811,0.00020803754004680805,0.0001054524445776186,0.00013022914312401293
2025-06-17,0.0,0.4147635501152064,0.5852364498847936,1.2499386132057178,0.0029003643265910436,0.8824119102401545,0.8866891320253386,2607,252,-0.02665737020063278,0.00020766055376293462,0.00010456820373715656,0.00013003138522439377
2025-06-18,0.0,0.4150560606135984,0.5849439393864015,1.2435231698676508,0.002926230467006776,0.8767588044226124,0.8972331307514014,2607,252,-0.6185935550191785,0.00020099227735615499,0.0001018599101924952,0.00012545023111450157
2025-06-20,0.0,0.41364982522231847,0.5863501747776816,1.2452639680989301,0.002893377350649434,0.8779889510250803,0.888373085210866,2607,252,-0.03226375602408402,0.00020024761793228986,9.991006040322047e-05,0.00012418734450153233
2025-06-23,0.0,0.4126656224144334,0.5873343775855666,1.2349439547089491,0.0028547489457568472,0.8780856443324412,0.879654325109823,2607,252,-0.42546158089791747,0.0001959357671871824,9.705337269991534e-05,0.00012108742784206539
2025-06-24,0.0,0.4119959939074539,0.5880040060925461,1.2270443612948239,0.002810665357976566,0.879024404281971,0.8691656778660757,2607,252,-0.7628950755674537,0.0001919939606403542,9.460942436801383e-05,0.00011847096239789363
2025-06-25,0.0,0.4138949536169706,0.5861050463830294,1.2295052551642824,0.0028541567445556576,0.8728270073371897,0.8863113261086529,2607,252,-1.3033668219043322,0.00018587919780817884,9.375394463360408e-05,0.00011522277895473741
2025-06-26,0.0,0.41579481267888396,0.584205187321116,1.2365689918834493,0.0028156581199868776,0.8773209487738881,0.8809251598870738,2607,252,-1.4713422378856773,0.00018596983122676558,9.51268975871273e-05,0.00011668940212076016
2025-06-27,0.0,0.41544838685216573,0.5845516131478343,1.2416364981965977,0.0027720230127162002,0.8811628522094433,0.871319495741878,2607,252,-0.9893686946231901,0.0001869711207201247,9.478861703263611e-05,0.00011730635465345702
2025-06-30,0.0,0.41912186265873674,0.5808781373412633,1.266518060585569,0.002819577544549852,0.8769164935077404,0.8887399685759168,2607,252,-0.5599679600403298,0.0001825735838258681,9.634435297355027e-05,0.0001163028456865861
2025-07-01,0.00011905915122310385,0.4200177336930834,0.5799822663069166,1.2694635516660813,0.002779659878857312,0.8764857332623496,0.8791754216146381,2627,252,-0.7038877456060687,0.00017659864765457345,9.333988907130103e-05,0.00011253100003827782
2025-07-02,0.00018410321297725486,0.4196582564457838,0.5803417435542162,1.2623312848037087,0.002749537325936056,0.8754024646182093,0.8712974249720973,2627,252,-1.0884337256743928,0.0001717854187128747,9.032084698005891e-05,0.00010904227772115836
2025-07-03,3.900302986735804e-05,0.41992318469859397,0.580076815301406,1.2758633324752142,0.0028424935960167496,0.8633189242041008,0.9027776425932924,2627,252,-0.23058920278791073,0.00016670801520039417,8.830054975846815e-05,0.00010474449447364192
2025-07-07,-7.77438242857385e-05,0.4179649305632291,0.5820350694367709,1.2764549242153491,0.002803934253465225,0.8716142204589592,0.893648650532449,2627,252,0.4596280474798449,0.0001749720480136115,9.053595706856069e-05,0.00010970317405355514
2025-07-08,8.077774130049766e-05,0.4177293835521621,0.582270616447838,1.2624739021135563,0.002921943784306312,0.8570235620671188,0.9362712962455932,2627,252,-0.47756482080584445,0.00017006874062636178,8.857821249734218e-05,0.00010518854938744867
2025-07-09,9.951276323026324e-05,0.41761845488232546,0.5823815451176746,1.2606418360408849,0.0028741266964701713,0.8571051667638444,0.9243726295134285,2627,252,-0.588327850900955,0.00016470806304621005,8.572929896031646e-05,0.00010184886163662676
2025-07-10,0.00020456545976705145,0.4157169203485836,0.5842830796514165,1.2423128668088934,0.0028530353371013276,0.8567440131188763,0.9201712894803885,2627,252,-1.2094082548469975,0.00016367059458929692,8.35744895788212e-05,0.00010020128125107768
2025-07-11,0.00017294242871153989,0.41576558896506355,0.5842344110349365,1.245373033402773,0.0028067052967578176,0.8597720749823011,0.9076730945023265,2627,252,-1.0224502275956218,0.00016151924538877435,8.276667415967067e-05,9.940843251964211e-05
2025-07-14,9.07973298888018e-05,0.41668939502719493,0.5833106049728051,1.2570871682824207,0.0028192182002376638,0.854638044935938,0.9119902866046247,2627,252,-0.5368014737709388,0.00015622542339283706,8.09474277507001e-05,9.610801411202742e-05
2025-07-15,4.549720566560075e-05,0.4174693562650273,0.5825306437349727,1.265610658385849,0.0027738023188113264,0.8603157419448344,0.8972986807137023,2627,252,-0.2689833179418872,0.000156979028104001,8.167476324316326e-05,9.741428106794697e-05
2025-07-16,-2.136043436360409e-05,0.4197820189122295,0.5802179810877706,1.2837185738723078,0.002787101315433489,0.8565265685986484,0.9017789413260049,2627,252,0.12628468987813532,0.0001522673277833742,8.108623607643743e-05,9.517387954708861e-05
2025-07-17,-4.119194129177984e-05,0.42065474115303375,0.5793452588469663,1.2905440043558678,0.0027485291374147653,0.8562851571793872,0.8892987427534773,2627,252,0.2435302317809734,0.00014745859868940076,7.8847944876218e-05,9.233123749701125e-05
2025-07-18,0.00010144339130848999,0.42054294949954235,0.5794570505004577,1.2783686974314352,0.002831950407366087,0.8433522321600696,0.9162900631207002,2627,252,-0.5997418869630824,0.00014354365017831182,7.684307232252722e-05,8.85734073179307e-05
2025-07-21,2.12775430369135e-05,0.4200290232829507,0.5799709767170493,1.2828407727597906,0.0028186051767366007,0.8398974029359548,0.9119721548042106,2627,252,-0.1257946293622057,0.00013944139334374575,7.435862690183781e-05,8.552395493627318e-05
2025-07-22,5.757299468951453e-06,0.42108398959292626,0.5789160104070737,1.290082094175658,0.0027843860503739422,0.8407375358680629,0.9009004053225742,2627,252,-0.03403764013389719,0.0001359042493070939,7.331153696629805e-05,8.391954447221254e-05
2025-07-23,0.00013903644552693868,0.41917806531077456,0.5808219346892254,1.2692951791770983,0.0028190572458079125,0.8325756133228502,0.9121184237490374,2627,252,-0.8219951947721142,0.00013395840012291133,7.090811036885558e-05,8.114403840317178e-05
2025-07-24,7.146890709829525e-05,0.41783242578629237,0.5821675742137076,1.2682933755954102,0.0027766016528213092,0.83561654023918,0.8983817291104816,2627,252,-0.42253020772910177,0.00013317966176473148,6.975217756429601e-05,8.053874663912113e-05
2025-07-25,6.9874258146647236e-06,0.4169003690212856,0.5830996309787144,1.2692926797304365,0.002746772600325209,0.8341276730863881,0.8887304074194697,2627,252,-0.04131025086057874,0.00012963611621673535,6.748248382400034e-05,7.8017326711607e-05
2025-07-28,-3.851826493413086e-05,0.4167424540253696,0.5832575459746304,1.2731440596234302,0.0027012886833187094,0.8389762874590834,0.8740138851680704,2627,252,0.22772323160893976,0.00012924730237600816,6.719595822460394e-05,7.818654197646874e-05
2025-07-29,3.225255917572056e-05,0.41601386850872696,0.5839861314912731,1.2640032344497185,0.002679199302915252,0.8366635176832425,0.8668667685690175,2627,252,-0.19067985060369583,0.00012580173170280768,6.499400664776324e-05,7.565380873060493e-05
2025-07-30,4.821484150168947e-05,0.4187429518358644,0.5812570481641356,1.2777278045593674,0.0026607751565508775,0.8397620883474276,0.8609055546327681,2627,252,-0.28505021025878413,0.0001244486203876467,6.613634275264666e-05,7.618533738125266e-05
2025-07-31,4.5879937073019474e-05,0.4199166186585247,0.5800833813414753,1.2847519057877441,0.002620644325097967,0.8411811872168624,0.8479210468569862,2627,252,-0.2712460583089487,0.00012137783753266615,6.48717839034938e-05,7.464267062051265e-05
2025-08-01,0.0,0.42250868097870786,0.5774913190212921,1.29496139649397,0.0026177609309619965,0.8393887081420732,0.846988111948247,2649,252,-0.5589641366951333,0.00011810087174816416,6.467564371735117e-05,7.336012357181946e-05
2025-08-04,0.0,0.42902216550701516,0.5709778344929848,1.3317865070935684,0.002623334713041547,0.8471250206076082,0.8487915337596629,2649,252,-0.43466427555198534,0.00012054336412511686,6.995263794643397e-05,7.778954142550507e-05
2025-08-05,0.0,0.43182799650933534,0.5681720034906647,1.3505576383162654,0.0026027261361716947,0.8465139933258122,0.843434408986947,2649,252,-0.22409429528330466,0.0001171602111078037,6.900609764543033e-05,7.611459635160122e-05
2025-08-06,0.0,0.4415042811841495,0.5584957188158505,1.4152929993351255,0.002723270363580249,0.838462437188793,0.8849072232140601,2649,252,0.4485601636278889,0.00011569433725295632,7.477767756173336e-05,7.798761675468074e-05
2025-08-07,0.0,0.44736499854160144,0.5526350014583985,1.4406889548925892,0.0027740595875762946,0.831069961379665,0.9029594088544985,2649,252,-0.16266565479523376,0.00011227730965165459,7.551965488631441e-05,7.652680508935555e-05
2025-08-08,0.0,0.4486638136647555,0.5513361863352445,1.4466439261006006,0.0027326280206806126,0.8306422377616517,0.8936485604423332,2649,252,-0.3101990544533088,0.00010859626640731613,7.311180103342819e-05,7.401422556676758e-05
2025-08-11,0.0,0.44923777866239756,0.5507622213376024,1.4470794554573059,0.002698332172357015,0.8295835650179263,0.8824328240700267,2649,252,-0.5397197955965359,0.00010503872245339891,7.094528576538171e-05,7.161378470120134e-05
2025-08-12,0.0,0.4463590204915194,0.5536409795084807,1.420761661885275,0.002699302157678912,0.8270167207746263,0.8827500373826339,2649,252,-1.1740239340395675,0.0001052093006655629,6.90246612720607e-05,7.047636550516697e-05
2025-08-13,0.0,0.4454321187890731,0.5545678812109269,1.4219517773991164,0.0026827324906519992,0.8236512500452242,0.8773312760387751,2649,252,-0.7567380593458577,0.00010209986372075154,6.681615622703906e-05,6.8029407287052e-05
2025-08-14,0.0,0.44659572670189884,0.5534042732981012,1.4283912359058448,0.0026452780108677364,0.8272089357029059,0.8687851006867311,2649,252,-0.8043078546350184,0.00010061678002897301,6.668162814607374e-05,6.775689908803142e-05
2025-08-15,0.0,0.446873014927736,0.553126985072264,1.4233910094694517,0.0026375236033807825,0.8228460194245286,0.866238331061141,2649,252,-1.238135054728164,9.749277952270057e-05,6.469428683525015e-05,6.534882204945467e-05
2025-08-18,0.0,0.4469210480687631,0.5530789519312369,1.4255456615853117,0.0025964809458784675,0.8225295272788256,0.8527587462371237,2649,252,-1.1207819401072894,9.431397868526059e-05,6.258319693243253e-05,6.319291694146575e-05
2025-08-19,0.0,0.44763991901839323,0.5523600809816067,1.4313950048174466,0.0025548057066333446,0.8285716432687628,0.8397289245335191,2649,252,-1.030164273249838,9.422998688310386e-05,6.288581186532988e-05,6.37824162495452e-05
2025-08-20,0.0,0.44766473519593264,0.5523352648040674,1.430052389081778,0.002513402849159763,0.8287589634810103,0.8276169149088468,2649,252,-1.1250912651394491,9.136014960724474e-05,6.089345565499266e-05,6.181472619798735e-05
2025-08-21,0.0,0.4471117477072643,0.5528882522927356,1.4234760260181891,0.002475974557037395,0.8293015968145938,0.8163881429520924,2649,252,-1.3334032024475906,8.921497732886678e-05,5.912991273051412e-05,6.023307086068663e-05
2025-08-22,0.0,0.45209031419225465,0.5479096858077454,1.453794244584773,0.002461021358298244,0.8415329228507767,0.8114577150059926,2649,252,-1.2279122192164798,9.249018954424264e-05,6.430677840510828e-05,6.490039239920912e-05
2025-08-25,0.0,0.449729892978664,0.550270107021336,1.4484572358412555,0.0024340487206466637,0.8524700960154702,0.8029776858366703,2649,252,-0.7201696512139134,9.905934429371692e-05,6.64557079257919e-05,6.916605760565533e-05
2025-08-26,0.0,0.45235678116955774,0.5476432188304423,1.4707017702251115,0.002449534297176785,0.8490677150923078,0.8080862821850211,2649,252,-0.32495492415373806,9.640860052655489e-05,6.675446209676198e-05,6.811462457883233e-05
2025-08-27,0.0,0.4544926544665964,0.5455073455334036,1.4925833036592215,0.002476670131454951,0.841960918854417,0.8170382268306238,2649,252,0.20052402845908812,9.324776467628571e-05,6.568154201374736e-05,6.589201951567166e-05
2025-08-28,0.0,0.45473881138435307,0.5452611886156469,1.4918729185970534,0.0024410529130097303,0.8414210744522012,0.8052883257705151,2649,252,0.02542296889140459,9.035741976574488e-05,6.353024874896412e-05,6.375079038670547e-05
2025-08-29,0.0,0.4559596251371115,0.5440403748628885,1.5100016582336624,0.0024826913362507594,0.8317498626556709,0.8244015112980461,2649,252,0.6458336861779884,8.746761299169761e-05,6.23198955496163e-05,6.140867595426148e-05
2025-09-02,-3.945400570000138e-05,0.4521868357649953,0.5478131642350047,1.4982489164960684,0.002480781427306367,0.832571698250845,0.8285469389644109,2670,252,1.2359417122648297,8.966374787818175e-05,6.139079240737483e-05,6.177058400530627e-05
2025-09-03,-7.16541788892228e-05,0.4500255688695159,0.5499744311304842,1.5033336445515084,0.0026286990299257936,0.8081581207238246,0.8787940071996133,2670,252,2.2446488506304783,8.831453812211887e-05,5.994053791204273e-05,5.8799381828062546e-05
2025-09-04,-5.129854037800466e-05,0.4457223374708902,0.5542776625291098,1.4683956775634168,0.0026384214369555093,0.8047338315814418,0.8842342131255099,2670,252,1.6069852656678498,8.920559926193891e-05,5.8346499900563375e-05,5.805715119086642e-05
2025-09-05,-4.825136270543923e-05,0.4448494058227504,0.5551505941772497,1.4630731477332155,0.0025966768041501332,0.804445714050318,0.871684933129185,2670,252,1.5115289508175294,8.628408110381155e-05,5.6454981436836645e-05,5.6145275320723e-05
2025-09-08,-4.5939719615472464e-05,0.4445833755459938,0.5554166244540062,1.4615628401121352,0.002554366195592499,0.8044966636466852,0.8620816065796904,2670,252,1.4391140953911108,8.355858250801298e-05,5.462657065080324e-05,5.435277824294243e-05
2025-09-09,-5.262929822320585e-05,0.44392275819996285,0.5560772418000371,1.462729643277389,0.0025164321587574775,0.8050701210446156,0.854847296875039,2670,252,1.6486727724400139,8.16062091208887e-05,5.302804243529591e-05,5.296001607934817e-05
2025-09-10,-3.6700315516617225e-05,0.4414792769514198,0.5585207230485802,1.4409344632757273,0.002517373128198278,0.8004449324220025,0.8576457087163353,2670,252,1.149679227634567,8.07334322328062e-05,5.134306632448716e-05,5.153461887959008e-05
2025-09-11,-3.354884500800003e-05,0.4414289143669202,0.5585710856330798,1.4392884944234972,0.002475958253799425,0.8087648947522216,0.8455232558570444,2670,252,1.050955820784846,8.138673043997577e-05,5.189231186929855e-05,5.255942467229625e-05
2025-09-12,-3.0962447221417545e-05,0.4438102203656946,0.5561897796343054,1.4529439423950588,0.002448890432285663,0.8132596731571224,0.8374888732960769,2670,252,0.9699339612237871,8.052443415707878e-05,5.250996909184116e-05,5.2882741309671884e-05
2025-09-15,-2.675186250570582e-05,0.4444536685846184,0.5555463314153817,1.4546789814743764,0.002408584158973634,0.8222398114439243,0.8247086467572076,2670,252,0.8380325942816546,8.18422753346416e-05,5.333928167254139e-05,5.432640032080979e-05
2025-09-16,-4.2689917706938454e-05,0.44236707904328065,0.5576329209567193,1.4509929409990852,0.0023941264098231215,0.8212431501105224,0.8207475595137947,2670,252,1.3373103453258823,8.137573845493122e-05,5.1896516639521914e-05,5.336891034525618e-05
2025-09-17,-6.0816404988971106e-05,0.438974265243872,0.561025734756128,1.4409293637400324,0.0023841693543347705,0.8208953530665319,0.8199689378844753,2670,252,1.905143226454637,8.186401317253716e-05,5.070561001114508e-05,5.288863014752868e-05
2025-09-18,-9.695898715427751e-05,0.43378047581278273,0.5662195241872172,1.4296345247963937,0.0025477802493041627,0.7925013603117407,0.8794939060927047,2670,252,3.0373508209564934,8.241436006203546e-05,4.919217687245916e-05,5.0460259834359074e-05
2025-09-19,-0.00012302675625340984,0.43757147152926557,0.5624285284707344,1.467762284314228,0.0026820410885806346,0.7692094976655126,0.9272614348559622,2670,252,3.8539534093041885,7.971952097915126e-05,5.0213759474692434e-05,4.8667422634933174e-05
2025-09-22,-0.00011782896955828703,0.4383983037190252,0.5616016962809748,1.4754092746412815,0.002638004824015329,0.7692563715033947,0.915081962510125,2670,252,3.6911268147929692,7.711966202329944e-05,4.8584982056424484e-05,4.7087397104801494e-05
2025-09-23,-9.472970235004442e-05,0.4438252011858393,0.5561747988141608,1.5006598388944217,0.0026962878900154475,0.7585943106137579,0.9412974057741299,2670,252,2.967515932731957,7.476744834485118e-05,4.967542136414512e-05,4.6231356947035994e-05
2025-09-24,-0.00010987233373959439,0.43895985455021996,0.56104014544978,1.48500043204098,0.0026868526289441073,0.7679898337662799,0.9412846435713423,2670,252,3.4418761259681765,7.985611504480952e-05,4.995028632367215e-05,4.8504111237098446e-05
2025-09-25,-9.262292253692593e-05,0.43977126733945276,0.5602287326605473,1.4842655837042267,0.002701138029591962,0.7601435611136222,0.9465733730159415,2670,252,2.9015186530288584,7.723818650495755e-05,4.9278829245550724e-05,4.6896652743361e-05
2025-09-26,-6.873736457965624e-05,0.4371727161319327,0.5628272838680672,1.456795468902326,0.002778022753964947,0.7409808858658128,0.9755100137623528,2670,252,2.1532763167606377,7.659299057528215e-05,4.7806948593703075e-05,4.4838082417147746e-05
2025-09-29,-6.257583322661116e-05,0.4349659086632497,0.5650340913367503,1.4397459586346215,0.002735640317748847,0.7517843129865737,0.9641967798494396,2670,252,1.9602593220209705,7.832209013425274e-05,4.7983264144598716e-05,4.608719619889869e-05
2025-09-30,-6.430250880368153e-05,0.4344911385980169,0.5655088614019831,1.4384636710160787,0.0026902719756800382,0.7517860437730002,0.9520511969751481,2670,252,2.0143494031518236,7.575555547762109e-05,4.641036065771025e-05,4.457680877064492e-05
2025-10-01,0.0,0.4331450360960065,0.5668549639039935,1.4232608746890014,0.0026964081135450045,0.7435883918944624,0.9563772959989038,2691,252,1.5615790661310138,7.408315492881571e-05,4.494252961983966e-05,4.290630272627237e-05
2025-10-02,0.0,0.4329468302626973,0.5670531697373027,1.421104469717698,0.0026565028261167378,0.7428417852009587,0.9423104108827762,2691,252,1.42566049325368,7.165938354207928e-05,4.351936546822649e-05,4.14833801331687e-05
2025-10-03,0.0,0.43932117354795075,0.5606788264520493,1.4636974029433425,0.00265659911907928,0.751180441756906,0.9424470356564008,2691,252,1.6550857048100378,7.162937194894383e-05,4.616988774833762e-05,4.319855827789593e-05
2025-10-06,0.0,0.4401093066079351,0.5598906933920649,1.4738678976945807,0.002620430111861572,0.7504604459542639,0.9301766615647672,2691,252,1.848869055030918,6.968664723874339e-05,4.467686019408279e-05,4.187394847173432e-05
2025-10-07,0.0,0.4427068840268164,0.5572931159731835,1.4910139000106863,0.0025848325084740133,0.760981734800089,0.9188353704148,2691,252,1.794731542495878,6.996776550864636e-05,4.580345068433061e-05,4.3079666636277774e-05
2025-10-08,0.0,0.44330343786413695,0.556696562135863,1.4955317739010918,0.0025422547707462926,0.7618510572889587,0.9051404747890908,2691,252,1.7530783648122505,6.79140309770414e-05,4.4468397640350506e-05,4.1867359256235686e-05
2025-10-09,0.0,0.4502501874799047,0.5497498125200952,1.537315632326987,0.0025313055140664302,0.7798257789594216,0.9023233417180763,2691,252,1.5798788054007062,7.037817536542949e-05,4.902381884342079e-05,4.580576689411747e-05
2025-10-10,0.0,0.45124736312193425,0.5487526368780657,1.5507038919156626,0.0024898177450424935,0.8083866433449916,0.8906463621489432,2691,252,1.766624309187281,7.864894430526266e-05,5.4233333577869585e-05,5.279572135420852e-05
2025-10-13,0.0,0.45970923763225974,0.5402907623677402,1.6145824467505678,0.0025335224213625203,0.8096298505499007,0.9094599897725361,2691,252,2.1458499858192868,7.847432252776834e-05,5.8630811550772425e-05,5.4917815323805096e-05
2025-10-14,0.0,0.46166044021203145,0.5383395597879685,1.622947160034967,0.002518110135745615,0.8060242872602582,0.9051363586042592,2691,252,1.8393380449110015,7.597694333866496e-05,5.690088861935928e-05,5.299666747932015e-05
2025-10-15,0.0,0.46308342922709683,0.5369165707729031,1.6345230602644742,0.002479551719821409,0.8106909280010443,0.8922969819031434,2691,252,1.8586906151795723,7.510977351028084e-05,5.676961108672529e-05,5.2937264882491346e-05
2025-10-16,0.0,0.4665455603878069,0.5334544396121931,1.6414887986239475,0.002637793806079631,0.7832277861335033,0.9497649572334563,2691,252,1.1013617753599776,7.288617442407748e-05,5.701832633526058e-05,5.04914562904378e-05
2025-10-17,0.0,0.4706823436267007,0.5293176563732993,1.660855037143126,0.0026554735233611454,0.7773454134278411,0.9568133987477604,2691,252,0.697779679744051,7.06519577820628e-05,5.7145471614910925e-05,4.9393187268348174e-05
2025-10-20,0.0,0.46808948555795366,0.5319105144420464,1.637358244230561,0.0026276342325488814,0.7859407951199506,0.9472601434161554,2691,252,0.4160090130193436,7.326229242009575e-05,5.7262872078804476e-05,5.0905727359885336e-05
2025-10-21,0.0,0.479398524386076,0.520601475613924,1.6980282923714949,0.0027511009769761756,0.7754580266454424,0.9921340152335523,2691,252,-0.24414519770670914,7.209103169277573e-05,6.317739418910419e-05,5.2333498766068826e-05
2025-10-22,0.0,0.4822466472672796,0.5177533527327204,1.7272761245254513,0.002751227409621482,0.7687900422025934,0.9962348976590641,2691,252,0.10385777054387088,6.98497861392926e-05,6.151452995486827e-05,5.039403633353196e-05
2025-10-23,0.0,0.4846625643289692,0.5153374356710307,1.7495139444030936,0.002720490092776346,0.7701018159025078,0.988850501690449,2691,252,0.28384080656533645,6.808188648154103e-05,6.099387541407662e-05,4.96257464367022e-05
2025-10-24,0.0,0.48608777539452824,0.5139122246054717,1.7692199852398023,0.002715407568689835,0.7643869306468529,0.9873063521563314,2691,252,0.6103119686131249,6.587631107967958e-05,5.955181442132902e-05,4.787683005257404e-05
2025-10-27,0.0,0.4843230953656261,0.5156769046343739,1.7428536001459467,0.002776127147233156,0.7482951513401802,1.0093836367184428,2691,252,0.022411118221458817,6.507040223567035e-05,5.7741716444563914e-05,4.586797020133064e-05
2025-10-28,0.0,0.4900971502356668,0.5099028497643332,1.7955351186024362,0.0027978812070028705,0.7463385056979699,1.0172932859524952,2691,252,0.4554687610568842,6.366674270460658e-05,5.986361796344506e-05,4.6075880644053125e-05
2025-10-29,0.0,0.48312127419474377,0.5168787258052563,1.7568706474930453,0.0027819015475621513,0.7759168207374311,1.0114831749941873,2691,252,0.7855434384787038,7.419007002781392e-05,6.445220296357959e-05,5.3654597387324245e-05
2025-10-30,0.0,0.4811323859484822,0.5188676140515178,1.747302599242375,0.0027390014300954697,0.776644383347326,0.9963507892649857,2691,252,0.8887568375205511,7.235530954221953e-05,6.254446893841154e-05,5.224585771657499e-05
2025-10-31,0.0,0.47968935521589423,0.5203106447841057,1.7474287178352803,0.002729384294373652,0.7717469921243242,0.9933519302967893,2691,252,1.2163572581143387,7.065135728139063e-05,6.0502439459472126e-05,5.0457025308408474e-05
2025-11-03,-3.3563131606996457e-05,0.47927891621205854,0.5207210837879415,1.7376069168899682,0.0027203118369728834,0.7662896954490397,0.9917695559050489,2714,252,0.8752357308934714,6.856556026560717e-05,5.868368580322244e-05,4.860765745148687e-05
2025-11-04,-2.221954445906589e-05,0.4876407058619988,0.5123592941380012,1.7917939444243989,0.0027078645601461785,0.7957021570678026,0.989238998592893,2714,252,0.579425646643074,7.462413315298036e-05,6.909348786345678e-05,5.7135856664031515e-05
2025-11-05,-2.3828383398708018e-05,0.49016038124267913,0.5098396187573209,1.8117742262141332,0.0026639005286315173,0.8055854895746327,0.974312291849458,2714,252,0.6213798165255419,7.562721218984162e-05,7.051640942437137e-05,5.88295838209386e-05
2025-11-06,-1.4949033537569466e-05,0.4934487682943756,0.5065512317056244,1.8315633888202176,0.002635951535275493,0.8107868555387365,0.9651942849013166,2714,252,0.38983037839288504,7.50672601547514e-05,7.187204787182065e-05,5.955414466905325e-05
2025-11-07,-3.3325859348063646e-05,0.49635489038367137,0.5036451096163286,1.8674283036623098,0.002673320648904203,0.8009776421460224,0.9805574776332384,2714,252,0.8690483118707332,7.260985485997534e-05,7.10366283110396e-05,5.7525360363842434e-05
2025-11-10,-3.711902991026128e-05,0.4984371021156472,0.5015628978843528,1.886342717655648,0.0026309132339788267,0.8193517704250902,0.9665793544999761,2714,252,0.967963944901728,7.693222409905205e-05,7.633184731014034e-05,6.278811237830552e-05
2025-11-11,-5.9510087345213864e-05,0.49701030315249284,0.5029896968475072,1.893851069242037,0.002705193431242063,0.8046333115897596,0.9944098190564888,2714,252,1.5518621862527586,7.588511741318385e-05,7.396479730379617e-05,6.028216608809015e-05
2025-11-12,-9.755373986260245e-05,0.5042212806998602,0.49577871930013984,1.9801070437004145,0.0029668746520645104,0.7658913105337325,1.0906019702140695,2714,252,2.5439377889349837,7.349087542810704e-05,7.6945215210259e-05,5.7593657840263954e-05
2025-11-13,-9.413333082130302e-05,0.5029606758979375,0.49703932410206253,1.9754543219172653,0.0029204489770905356,0.8111527188404893,1.073536223078476,2714,252,2.454742768569474,8.942578348594617e-05,9.124254078248949e-05,7.327109641373633e-05
2025-11-14,-9.980944049004058e-05,0.5033223607547116,0.4966776392452884,1.9873148941806291,0.0028836755539406785,0.8103417573941429,1.0600185748991562,2714,252,2.602760362777323,8.655659793453994e-05,8.884647007125317e-05,7.106215882546106e-05
2025-11-17,-9.427718035728582e-05,0.5037733634390931,0.49622663656090693,1.993197483329774,0.0028362756388889024,0.8190651748478532,1.0425947040566603,2714,252,2.458493975555724,8.760796939794118e-05,9.026412885034015e-05,7.283629824920442e-05
2025-11-18,-0.00011814678201201624,0.5018071072030882,0.4981928927969118,2.003802241418469,0.0029723711484896005,0.7974646349425243,1.0926224431134912,2714,252,3.0809486527604877,8.681817042712096e-05,8.767169691368329e-05,6.957391680734413e-05
2025-11-19,-0.00012224042331959194,0.5012413394330398,0.49875866056696017,2.0107498985986076,0.0029412610439452174,0.7952381665617333,1.0811865904777689,2714,252,3.1876997504770324,8.414965049394271e-05,8.484921844856193e-05,6.719659961940512e-05
2025-11-20,-0.00011051978658344847,0.5035257949936945,0.49647420500630546,2.0288130982364225,0.0028997940884551063,0.8078634442557162,1.0659436332720018,2714,252,2.882057232358819,8.61663579040737e-05,8.892175825672564e-05,7.071488602953213e-05
2025-11-21,-9.588399004428186e-05,0.49672150870395204,0.503278491296048,1.9649811020719306,0.00291893057597591,0.8131755382487619,1.072978069653951,2714,252,2.5003952280154773,9.298673850062181e-05,8.94568300242237e-05,7.416543796091514e-05
2025-11-24,-0.00010731928150949872,0.49936348489112325,0.5006365151088767,2.0015796791785525,0.002922826478303625,0.8123637880093351,1.0744101755743718,2714,252,2.798596712928542,9.103768955295056e-05,9.107547426833537e-05,7.397106821197116e-05
2025-11-25,-0.00010778379244659328,0.5004314244310805,0.49956857556891954,2.0159661787059124,0.002875369685841812,0.8174171627430995,1.0569653970014454,2714,252,2.810709902314339,9.031798686956652e-05,9.081108870606162e-05,7.402873319597258e-05
2025-11-26,-0.00011352815934939121,0.5032766689378225,0.4967233310621775,2.0503230797880643,0.0028436957481587787,0.8228013997636877,1.0453222833237183,2714,252,2.9605074606459505,8.987513122063241e-05,9.269499409068338e-05,7.510051775993671e-05
2025-11-28,-0.00012095514804963783,0.5055890009626356,0.4944109990373644,2.0847767795339123,0.0028340086875877782,0.819775066049577,1.0417613889202542,2714,252,3.1541832463119954,8.704516202170109e-05,9.128386329226654e-05,7.307419332092486e-05
2025-12-01,0.0,0.5104299026381645,0.48957009736183554,2.1143920838099963,0.0028643728030834583,0.8146720875830906,1.0529230213000895,2733,252,2.6556809437829445,8.469790513730229e-05,9.263600103453651e-05,7.21620846177363e-05
2025-12-02,0.0,0.5087123012155804,0.4912876987844196,2.0821156535778065,0.0029803528300161837,0.7956959916773597,1.09555645233847,2733,252,2.12100003368972,8.429581472092281e-05,8.974455777863987e-05,6.920767148301085e-05
2025-12-03,0.0,0.5065644756581047,0.4934355243418953,2.061465144160216,0.0029469517791618697,0.7971782169453001,1.0832784641721729,2733,252,1.9685247386502946,8.372171053055557e-05,8.762102998364917e-05,6.827766280113663e-05
2025-12-04,0.0,0.5083070776746376,0.49169292232536244,2.0868473581698215,0.002913798484982525,0.8003572083267733,1.0710915495932505,2733,252,2.1377810495364633,8.228949880496578e-05,8.796018439232462e-05,6.809247732593347e-05
2025-12-05,0.0,0.5087288276786675,0.49127117232133255,2.0950530385571304,0.0028657621290677643,0.8006987482547143,1.0534337276269308,2733,252,2.1297452923791518,7.97140506428572e-05,8.52563300671109e-05,6.600850637404764e-05
2025-12-08,0.0,0.5109146650987685,0.4890853349012315,2.107977017737104,0.002843193666315046,0.8003866362543742,1.0451377216174789,2733,252,1.8725341725717857,7.756928750936189e-05,8.465073484206889e-05,6.485748385591237e-05
2025-12-09,0.0,0.51057364390014,0.48942635609985996,2.101065051908632,0.0028162246557198773,0.7983441272828328,1.0352241055941838,2733,252,1.6949147813074101,7.562256567870657e-05,8.18900621312665e-05,6.282484692755884e-05
2025-12-10,0.0,0.5093980380622055,0.4906019619377945,2.0929882683754397,0.002771656198225722,0.8079525974044195,1.0188410583634202,2733,252,1.679983081796542,7.72997335616181e-05,8.285340938879068e-05,6.465916204516389e-05
2025-12-11,0.0,0.5100830160368734,0.48991698396312655,2.1135905327683604,0.002769280109321188,0.802684987051525,1.0179676250220806,2733,252,1.910913666827837,7.478492181509624e-05,8.086171563658906e-05,6.241998184067434e-05
2025-12-12,0.0,0.5104660389782569,0.48953396102174307,2.1189400979072937,0.0027238919346771204,0.8049343369028856,1.0012832556110591,2733,252,1.8331548730117269,7.310201615196795e-05,7.923250692487849e-05,6.125997708806359e-05
2025-12-15,0.0,0.5103547355221458,0.48964526447785417,2.1224625948677285,0.0026793212559599686,0.8061035802742201,0.9858202957160582,2733,252,1.8139507622884117,7.121852445727089e-05,7.705303457211298e-05,5.971483125433771e-05
2025-12-16,0.0,0.511579957571957,0.48842004242804304,2.149194705213155,0.0026405811779432018,0.8096468293547255,0.9737963042285857,2733,252,1.6731335352664656,7.004161331384606e-05,7.670894886361423e-05,5.934671789593693e-05
2025-12-17,0.0,0.5087640546986802,0.49123594530131975,2.1381684737046815,0.0026313458493942557,0.8093664186924768,0.9722215625919857,2733,252,1.8228129571577913,7.046681964609137e-05,7.492227087817067e-05,5.880889007513084e-05
2025-12-18,0.0,0.5057818980465965,0.49421810195340354,2.1102383825143525,0.0026041772398499477,0.8125862799614518,0.9633536871735359,2733,252,1.7031189359413892,7.100664200736478e-05,7.377676572592382e-05,5.881373750039923e-05
2025-12-19,0.0,0.507082687514986,0.492917312485014,2.133796326849363,0.00258751353361183,0.8111459112605878,0.9579078703384215,2733,252,1.8789283992088783,6.893384893195178e-05,7.295910568514215e-05,5.752478423089119e-05
2025-12-22,0.0,0.5045106372705022,0.49548936272949784,2.1092260484243552,0.002562462338011131,0.8156244160276721,0.9489827677569661,2733,252,1.7559962501160662,7.019004725804145e-05,7.228565505386643e-05,5.809704534813125e-05
2025-12-23,0.0,0.49129145467068885,0.5087085453293112,1.9794313014169607,0.0027521222468462007,0.7952713114467093,1.01922145284864,2733,252,1.2495205881722788,7.749353060500027e-05,7.064727791022396e-05,5.884312872162907e-05
2025-12-24,0.0,0.48852087371523256,0.5114791262847674,1.9604970729551536,0.002705910648749599,0.7954016986971766,1.0021074412147273,2733,252,1.2379329914038188,7.500516637995905e-05,6.83716738435529e-05,5.696003003685494e-05
2025-12-26,0.0,0.4878402264327396,0.5121597735672604,1.9564414979304843,0.002661633299947745,0.7956393577020155,0.9862221622301076,2733,252,1.2008017343754886,7.269510055895038e-05,6.620027342558806e-05,5.5194870731697926e-05
2025-12-29,0.0,0.4903524310303159,0.5096475689696841,1.974058971052748,0.00262982053019542,0.8027846073333618,0.9749572327208722,2733,252,1.0571915329728636,7.260017142489026e-05,6.779945484665594e-05,5.632237511288525e-05
2025-12-30,0.0,0.49066278148254416,0.5093372185174558,1.98065634225543,0.0025872380638543133,0.80342237958562,0.9595341781350647,2733,252,1.0727751479409695,7.056996546264456e-05,6.576738948967454e-05,5.4734250978851655e-05
2025-12-31,0.0,0.4907967750194972,0.5092032249805027,1.9847484446206904,0.002544483400598303,0.8105113473530818,0.944752667394618,2733,252,1.0469401481341603,7.079554059622377e-05,6.600445115997953e-05,5.54049621762107e-05
2026-01-02,0.0,0.486175021018009,0.513824978981991,1.9370580614432773,0.0025756896873730534,0.8046683162766372,0.9580174821160169,2755,252,0.7554356308174315,7.19883719307301e-05,6.41921381508459e-05,5.4700210561517984e-05
2026-01-05,0.0,0.48594287958385296,0.514057120416147,1.939286859774006,0.0025359885200714836,0.8068660601949037,0.9445752189741755,2755,252,0.8011531119959916,7.033875804513162e-05,6.315551548945046e-05,5.3777974125947675e-05
2026-01-06,0.0,0.48454973145333047,0.5154502685466695,1.939366148914681,0.002524552957950978,0.8033927529205542,0.9411591824578307,2755,252,0.9754779658185081,6.892425144333201e-05,6.110138445447511e-05,5.213621083500075e-05
2026-01-07,0.0,0.49025098052036226,0.5097490194796377,1.9773163401890554,0.002526112451528711,0.809640180163979,0.9423397596325548,2755,252,0.7333724080129492,6.920817088735454e-05,6.497793470901886e-05,5.429423148438213e-05
2026-01-08,0.0,0.4933786892906081,0.506621310709392,2.0112424129888784,0.0025054537747440653,0.8093599151476842,0.9351289212073013,2755,252,0.8830425267758941,6.733898711754146e-05,6.441992235855044e-05,5.33071028254544e-05
2026-01-09,0.0,0.4930638904996089,0.506936109500391,2.023421937160241,0.0025236836283094003,0.8011557256121795,0.9429889663284814,2755,252,1.1305500640729844,6.580525806313248e-05,6.238462762590001e-05,5.1331745532531245e-05
2026-01-12,0.0,0.49300551990826696,0.506994480091733,2.025329253201609,0.00248196464813734,0.8059461252597101,0.9300587573862931,2755,252,1.1332031114035819,6.522103704365198e-05,6.182675818585611e-05,5.117856439405129e-05
2026-01-13,0.0,0.49287903479227757,0.5071209652077224,2.0284746362976693,0.002441606227648579,0.806124243521321,0.916943279768799,2755,252,1.1471429273144413,6.321060616840873e-05,5.985472478721611e-05,4.958452749406479e-05
2026-01-14,0.0,0.4917541786794403,0.5082458213205596,2.0116619776101063,0.002445644081115557,0.7999724305779907,0.9189990212530356,2755,252,0.9168071674017727,6.179352509595464e-05,5.7908990078140846e-05,4.785413837791276e-05
2026-01-15,0.0,0.49084906130093525,0.5091509386990647,1.997563623622847,0.0024403434650270605,0.7948504216324591,0.9178753792868408,2755,252,0.7069270198303116,6.018140532361081e-05,5.604656852742713e-05,4.616268757584399e-05
2026-01-16,0.0,0.4909109991754128,0.5090890008245872,1.9880882135834888,0.002461513611242315,0.7853647710237732,0.9265824885848305,2755,252,0.4265192837422527,5.84429099068676e-05,5.457740343763017e-05,4.435512086909878e-05
2026-01-20,0.0,0.4882437991866,0.5117562008134,1.9740944223267747,0.0024293627561081345,0.7956849524399423,0.9146737847757614,2755,252,0.5072275428036678,6.060053471074428e-05,5.5135652687786894e-05,4.5993412467949896e-05
2026-01-21,0.0,0.48425382342179385,0.5157461765782061,1.9348457916052315,0.0024265958199199142,0.794170324230735,0.9155667094563863,2755,252,0.2851059097168901,6.103823877162767e-05,5.373938759423949e-05,4.548424687816003e-05
2026-01-22,0.0,0.4739546594073324,0.5260453405926676,1.8372339063443506,0.0025717707959767295,0.7713924337236046,0.9730757873462208,2755,252,-0.2225088696733442,6.46338390220239e-05,5.208133160015355e-05,4.475549766241428e-05
2026-01-23,0.0,0.4713526118012769,0.528647388198723,1.816130468852718,0.0025289478747355723,0.7826830587219731,0.9581157878566785,2755,252,-0.2989113932414861,6.596000013788169e-05,5.28657746634841e-05,4.6218256421424435e-05
2026-01-26,0.0,0.4683747005956203,0.5316252994043797,1.7764022227257474,0.002653736467858892,0.7565184790216222,1.005393124969994,2755,252,-0.812710434169509,6.552110082571094e-05,5.1474836325992924e-05,4.3934695487396864e-05
2026-01-27,0.0,0.4501772235123114,0.5498227764876886,1.628837802837361,0.0027955965712567984,0.7494954712956156,1.0591381649885534,2755,252,-1.4659559671610096,7.726241432903292e-05,5.1404510152926926e-05,4.723389535096031e-05
2026-01-28,0.0,0.44514479657087824,0.5548552034291218,1.6048287589031316,0.0027914612940109214,0.7426841574881579,1.0575714761469128,2755,252,-1.21669619580603,7.548890913769052e-05,4.9756512180576104e-05,4.551669284451173e-05
2026-01-29,0.0,0.4420594050847367,0.5579405949152634,1.5759686536819086,0.0027746640751899385,0.7394945937106339,1.0512076911495056,2755,252,-1.4964321853313385,7.444389249231683e-05,4.817235996624867e-05,4.4284169197240885e-05
2026-01-30,0.0,0.4986151960956811,0.5013848039043189,1.9445142565629152,0.0032180593477292474,0.7919065689536282,1.2176106978185148,2755,252,-2.3188394746780636,9.381867319396589e-05,0.00010396890250793907,7.821144660028177e-05
2026-02-02,0.0,0.5100060716543554,0.4899939283456446,2.03140993728295,0.003154118546759509,0.7935633886601209,1.1904547758538881,2775,252,-2.3607600879912325,9.176340834878708e-05,0.00010127353823770364,7.65005192604557e-05
2026-02-03,0.0,0.5123750670066106,0.4876249329933894,2.0491993171961242,0.0031013289466912206,0.7949473994426433,1.168282645372837,2775,252,-2.3509368943773343,8.935567826055673e-05,9.861221860939777e-05,7.462164793377482e-05
2026-02-04,0.0,0.5115217049463107,0.48847829505368934,2.031923522572625,0.003074677066628254,0.793322048990289,1.1576395918744877,2775,252,-2.5429009123857145,8.769461108935047e-05,9.552897974249984e-05,7.26111889173758e-05
2026-02-05,0.0,0.5062091412058178,0.49379085879418216,1.9935904786071932,0.003044054305493287,0.8140606557087423,1.1461098864992079,2775,252,-2.378798285603732,9.785140971497237e-05,0.00010153102457046077,8.114087620976686e-05
2026-02-06,0.0,0.507626118359307,0.49237388164069296,2.0089989627254674,0.003003285025795725,0.8245519517329359,1.130759938752709,2775,252,-2.2471613264082406,9.97264436632986e-05,0.0001060573292003296,8.479954716888713e-05
2026-02-09,0.0,0.5101413857216999,0.48985861427830013,2.0326007680771,0.00295774051158762,0.8454234403700631,1.1136120784417036,2775,252,-2.1482569531520754,0.00010857985096064824,0.00011809066124705656,9.5731900953437e-05
2026-02-10,0.0,0.5093563380568801,0.4906436619431199,2.0559793514013935,0.0032227824320324137,0.8136767114171298,1.2134024024219092,2775,252,-1.4858053964829034,0.0001076854199009962,0.00011550041188635975,9.074487473155314e-05
2026-02-11,0.0,0.4965849674770208,0.5034150325229791,1.9048585726416147,0.003897552390941087,0.7363452230264649,1.4674584879596382,2775,252,-2.6028041768685592,0.000118163103675732,0.00011232886413376987,8.483364006107203e-05
2026-02-12,0.0,0.5093836451619494,0.49061635483805055,1.9716092552342601,0.004067170205116592,0.7309767535841275,1.5313209011242515,2775,252,-3.2398668454607673,0.00011733091174362314,0.00012894165225331376,8.990967007314459e-05
2026-02-13,0.0,0.5187932381954189,0.4812067618045811,2.0767273285471943,0.0042348273759461085,0.707093986772394,1.5941073292505294,2775,252,-2.516018453014608,0.00011349225585718637,0.00013249540916800097,8.67083003950592e-05
2026-02-17,0.0,0.5219726255103898,0.4780273744896102,2.0803285752999487,0.004254621048985962,0.6964152283243928,1.600013205050692,2775,252,-2.902837646705145,0.00011004912481073968,0.00012971459026348909,8.32062539126395e-05
2026-02-18,0.0,0.5250558675193177,0.47494413248068235,2.1295510014803307,0.004324817922319043,0.6796597528073953,1.6241819361319543,2775,252,-2.3539372935380585,0.0001067290066978002,0.00012838805059248138,7.956005768596017e-05
2026-02-19,0.0,0.5261124301350416,0.4738875698649584,2.145186980110218,0.004267905463675617,0.6779709026122414,1.5992987068398679,2775,252,-2.1707758018697665,0.0001032378364468995,0.0001245986176834494,7.68930547210094e-05
2026-02-20,0.0,0.5245755471769812,0.4754244528230188,2.1235489944556236,0.004211747958585942,0.6810994141333206,1.5737080990822676,2775,252,-2.275304391242271,0.00010229554523950996,0.00012151711721245087,7.5937727521758e-05
2026-02-23,0.0,0.5207200572235701,0.47927994277642993,2.100987533122384,0.00418311623669334,0.68279449797569,1.5604676453002457,2775,252,-2.026174986329489,0.00010301296876843172,0.00011850943577735344,7.54418673891203e-05
2026-02-24,0.0,0.5198423276734265,0.48015767232657347,2.0917310522829817,0.004114071887294086,0.683138811165269,1.5325585134476547,2775,252,-2.012294432135772,9.97599129747796e-05,0.00011473587168828287,7.308640499590705e-05
2026-02-25,0.0,0.5106124128787198,0.48938758712128017,1.992297377179197,0.004182103647633823,0.6789674849827967,1.5555167325069443,2775,252,-2.4069423519508977,0.00010591185388550757,0.00011213097996248151,7.399188146918241e-05
2026-02-26,0.0,0.5101538963933646,0.4898461036066354,2.0093150695669872,0.004239956536487943,0.662563231852321,1.5742725012638474,2775,252,-1.9364841559981112,0.0001028899515805351,0.00011042572324402535,7.062345160691429e-05
2026-02-27,0.0,0.5101423153261619,0.48985768467383806,2.006676852944412,0.004169944815673013,0.6650111294013048,1.5465158106149002,2775,252,-1.9298488362329,0.00010020224369542307,0.00010763930894265643,6.906421615039504e-05
2026-03-02,0.0,0.5078233499698152,0.49217665003018485,2.0049767256511273,0.004186165661078149,0.6548520706613458,1.5511365906156818,2794,252,-1.5766448409586675,9.904249291761682e-05,0.00010414982138016764,6.650943390847818e-05
2026-03-03,0.0,0.49147362080904256,0.5085263791909574,1.89605474656317,0.004204749289741872,0.7057968071851314,1.5554907501336266,2794,252,-1.2151413235490949,0.00012599313477580304,0.00011465151142367184,8.482874118338902e-05
2026-03-04,0.0,0.4873874138801166,0.5126125861198834,1.8617361851939858,0.004135930332247255,0.708978452973902,1.5286826019630464,2794,252,-1.2676081642002408,0.00012363111105383675,0.00011192494052811696,8.339890695296442e-05
2026-03-05,0.0,0.471229947169435,0.528770052830565,1.7727061412027498,0.004253562969520179,0.7136607629897509,1.5713851445220086,2794,252,-0.7255118518941965,0.00014306555705572422,0.00011235896222700264,9.048221523848013e-05
2026-03-06,0.0,0.4688191310351497,0.5311808689648503,1.7555380049147498,0.0041847113695246815,0.7220037772305958,1.5432422604332188,2794,252,-0.7416977947904381,0.0001420508948112127,0.00011258184294469932,9.130522549395335e-05
2026-03-09,0.0,0.4606134582673174,0.5393865417326826,1.675071465492091,0.004270184522894942,0.7116092726589947,1.5711570830703412,2794,252,-1.211231430751505,0.00014803883067605604,0.00010935841684282606,9.054313524622312e-05
2026-03-10,0.0,0.4587514293858734,0.5412485706141266,1.6600270054718311,0.004200059114718381,0.7115896878141865,1.5439117868832124,2794,252,-1.2520240885625709,0.00014331193936770357,0.00010578691984924795,8.761668518174414e-05
2026-03-11,0.0,0.4590670763953678,0.5409329236046322,1.6528346857198672,0.004162441053391213,0.7082760344721779,1.529077508669294,2794,252,-1.4253878745944226,0.0001386221359659776,0.00010307148766019458,8.46619198253947e-05
2026-03-12,0.0,0.45326958791410643,0.5467304120858936,1.6292301543302294,0.004131278958498016,0.7234414799157075,1.515154848195588,2794,252,-1.1071080694854627,0.00014859537789225604,0.00010429582455686876,9.006157084531461e-05
2026-03-13,0.0,0.45386216087003967,0.5461378391299603,1.6344570358540926,0.0040670423972408555,0.7399436256111112,1.4883894166622254,2794,252,-1.0716956057147422,0.00015198337951272207,0.00010821390213721677,9.489388139900372e-05
2026-03-16,0.0,0.4479231614751319,0.5520768385248681,1.5799669642953273,0.004034569726010261,0.7594266081127838,1.4739118692465691,2794,252,-1.375916893401636,0.0001671895583991843,0.00011191591752065991,0.00010388104614704361
2026-03-17,0.0,0.4466628937848749,0.5533371062151251,1.5722441670229366,0.003967709384476359,0.7593830901323702,1.4454045080709843,2794,252,-1.3430424343538365,0.00016170839944682833,0.00010825449135847847,0.00010047318584733306
2026-03-18,0.0,0.44618440895055933,0.5538155910494407,1.5770700870831154,0.0039021394657833028,0.7863526390880371,1.4183593532105323,2794,252,-1.1594864186389267,0.0001768924662716717,0.00011749454006154859,0.00011336548749849636
2026-03-19,0.0,0.4479613479244538,0.5520386520755463,1.5534459523108741,0.004332362715416586,0.7361945029470746,1.574445741540365,2794,252,-1.8369189785421172,0.00017388103856475807,0.00011885696676250602,0.00010583541192777067
2026-03-20,0.0,0.4346346939656397,0.5653653060343603,1.49839340364699,0.004399315724505303,0.7526421720510077,1.5935501311876978,2794,252,-1.2286720633582369,0.0002060380694571638,0.00012300698353026097,0.00011981940794271647
2026-03-23,0.0,0.42951354579740536,0.5704864542025947,1.4532465799250684,0.0043294765857367825,0.7795789769813728,1.5627238233509073,2794,252,-1.5061999473672836,0.0002278619038673776,0.00013207321777115055,0.0001352394385939557
2026-03-24,0.0,0.4228976391292855,0.5771023608707144,1.4379371446468736,0.004429847806813704,0.766702445900241,1.5974006506788383,2794,252,-0.9752816347418743,0.00023204868914197688,0.00012788116459020027,0.00013207472033635907
2026-03-25,0.0,0.42336664437266924,0.5766333556273308,1.4427905951325286,0.004376741869767773,0.7695878287514507,1.5769794591039177,2794,252,-0.9191755260132982,0.00022716231372243512,0.0001274150293663032,0.00013092924443276836
2026-03-26,0.0,0.42377063004364485,0.5762293699563552,1.4537876302134576,0.004304651986559454,0.7853007306181692,1.5500669096564657,2794,252,-0.7404153578467467,0.0002360181175707396,0.00013213842506985197,0.0001386830025396919
2026-03-27,0.0,0.42376675348274384,0.5762332465172562,1.44946538336666,0.004241219117898664,0.7846107904421448,1.5256391590560914,2794,252,-0.8253219154019612,0.00022846352629775165,0.00012782261938581007,0.00013408079332444947
2026-03-30,0.0,0.4239747459429258,0.5760252540570743,1.4487468333757936,0.004175596964448961,0.7844995110912901,1.4984120299156427,2794,252,-0.8598368730939379,0.00022107013940792506,0.00012394570155713604,0.00012985941880549966
2026-03-31,0.0,0.4338705744463435,0.5661294255536564,1.5126077125882023,0.0042061460815899085,0.8022617140001133,1.5056747873465453,2794,252,-0.764876675412581,0.00023199387857886165,0.00014260373379005348,0.00014592166562781242
2026-04-01,0.0,0.4351429654376784,0.5648570345623216,1.5132942515558312,0.004142414313463624,0.8048548109067554,1.4811587630021754,2816,252,-0.8993852174999515,0.00022903340367025997,0.0001395748313614505,0.00014390322064380232
2026-04-02,0.0,0.4355287282933185,0.5644712717066815,1.5189756314517497,0.004080645553864718,0.8043665245100763,1.4537116519159021,2816,252,-0.8244794958960031,0.0002215243050398035,0.00013517373996556553,0.0001391909005031969
2026-04-06,0.0,0.4355723544765587,0.5644276455234414,1.517433855546707,0.004013322499072252,0.8047746340554521,1.4205864626195583,2816,252,-0.8528866412705256,0.00021477444615353722,0.0001309928247201603,0.00013498618916560156
2026-04-07,0.0,0.43406771904307606,0.5659322809569239,1.497442506360531,0.003974063081468857,0.8040789088056067,1.4017156292895114,2816,252,-1.0587194536541171,0.00021158364702381294,0.0001271563899456562,0.00013188907268009049
2026-04-08,0.0,0.424173715113561,0.575826284886439,1.413380671050097,0.00401208183784817,0.8147255908374742,1.4128368769145403,2816,252,-1.5786875343142412,0.00024098446390286956,0.00013125641001482638,0.00014489925119654215
2026-04-09,0.0,0.42169895594583934,0.5783010440541607,1.3824731413465483,0.004061609285964236,0.8045493275787309,1.4284115585673063,2816,252,-1.9043221937237236,0.00023448728938295214,0.00012762184730057718,0.000139179362429647
2026-04-10,0.0,0.4217071837327541,0.5782928162672458,1.3870967518793789,0.004022979344387773,0.802382493399427,1.4095763946325623,2816,252,-1.7436231988620918,0.0002268014332780334,0.0001241792424950266,0.00013465697222345857
2026-04-13,0.0,0.42238572412464864,0.5776142758753513,1.3887860100711744,0.003960959656988442,0.8045992419599547,1.382501356037495,2816,252,-1.745266977204895,0.00022158320811452818,0.00012205870392531775,0.00013232211047548142
2026-04-14,0.0,0.42341989864016943,0.5765801013598306,1.4040035075217652,0.003970968297834964,0.7982541940678799,1.3833398799597174,2816,252,-1.4960565088715234,0.00021437894604831975,0.00011937692274444165,0.00012770046084978811
2026-04-15,0.0,0.4241219475294129,0.5758780524705871,1.412598378378637,0.003929343179378807,0.7964011967071807,1.3645814595223467,2816,252,-1.3645138140578588,0.00020735359956938952,0.00011608630016853105,0.00012356007929392287
2026-04-16,0.0,0.4215059914593452,0.5784940085406548,1.4117288400897245,0.003933999964108875,0.7917183358763852,1.3604290183424312,2816,252,-1.0358007562648965,0.00020620743147957315,0.00011248200763494938,0.00012057697636189508
2026-04-17,0.0,0.42181620803852116,0.5781837919614788,1.4132238525730407,0.0038755905146851625,0.7937703267628783,1.3332859039323732,2816,252,-1.0283959967961849,0.0002012392216650756,0.00011064767874456981,0.00011844652611754681
2026-04-20,0.0,0.4208776815402058,0.5791223184597942,1.4213362186959786,0.0038979715891790537,0.7853563814168306,1.3365858583318249,2816,252,-0.7308694633763938,0.00019642636792961332,0.0001072158981737821,0.00011397150000459016
2026-04-21,0.0,0.42373518929871085,0.5762648107012891,1.4421918728574286,0.0038461391412421457,0.8017220810543042,1.3173108910937001,2816,252,-0.6448302958939871,0.00020403025646325933,0.00011421015951406972,0.00012238367827568906
2026-04-22,0.0,0.42421960710937506,0.5757803928906249,1.4517663318954757,0.0038030660887388356,0.799806386915481,1.3016898202969618,2816,252,-0.5098301445370231,0.00019761415247482095,0.00011055278479143821,0.00011821667317002829
2026-04-23,0.0,0.42409594844781334,0.5759040515521867,1.4551894780836203,0.00374126804713472,0.800853345248559,1.275993249739208,2816,252,-0.43044849506777083,0.0001925214671091173,0.0001074277738312922,0.00011517304879264523
2026-04-24,0.0,0.4236965618159026,0.5763034381840975,1.46031242227878,0.003698915209785087,0.7990206162819612,1.2563795911959739,2816,252,-0.2859497327168779,0.00018681161539499654,0.00010391388665057819,0.00011132602885089215
2026-04-27,0.0,0.4236208129760019,0.576379187023998,1.45986636922999,0.0036380793360735984,0.7989920518865956,1.232267206124576,2816,252,-0.2916804880514657,0.0001806868400112399,0.00010051651561223105,0.00010767736844540519
2026-04-28,0.0,0.42648440385604836,0.5735155961439516,1.4698685884620744,0.0036434487312159663,0.7959159420844801,1.2299359977231072,2816,252,-0.43926081264851696,0.00017552816718646171,0.00010056813608015889,0.00010574767148840863
2026-04-29,0.0,0.4252560479637947,0.5747439520362053,1.4730886663696314,0.003593280560936376,0.8021887983915023,1.2100124095221434,2816,252,-0.2423496861866084,0.0001781128747866335,0.00010002350587986342,0.00010707184501660146
2026-04-30,0.0,0.4330540362323774,0.5669459637676226,1.5178304405608318,0.003574749266814733,0.8341632062941876,1.201046539272612,2816,252,-0.28866786491494695,0.00020192844660922468,0.00012175508700844128,0.00013079566181915667
2026-05-01,3.089449462744597e-05,0.4341661607214619,0.565833839278538,1.5309365224637592,0.0035199604274651873,0.8352962936470053,1.1765285641564183,2837,252,-0.180782515791065,0.00019765343773562452,0.00011854004689148394,0.0001278572289925799
2026-05-04,1.1152353047379755e-05,0.4340320004529584,0.5659679995470416,1.5372207666615112,0.0034625569909874547,0.8401580684575228,1.1451505534250872,2837,252,-0.06525921414828259,0.00019759621937390483,0.00011792201856671917,0.0001282471640697663
2026-05-05,8.082140289265998e-05,0.4321883712893344,0.5678116287106656,1.5045634614786414,0.003624961729960533,0.8207962525683679,1.1848736313140853,2837,252,-0.4729352825120551,0.0001946112674428083,0.00011464825659889017,0.00012260356061179342
2026-05-06,0.00019204042618382004,0.4177249682006435,0.5822750317993566,1.3864521312270137,0.0038759857357489997,0.8039054922171559,1.2551755057847613,2837,252,-1.1237455668964726,0.00021960950928355853,0.00011294036048685808,0.00012660625170652555
2026-05-07,0.00011485371467059064,0.4087959618816977,0.5912040381183024,1.356187752380187,0.0039006335663130417,0.8029433955859113,1.2471157564336977,2837,252,-0.6720790786994348,0.000229377656109544,0.00011121213528559695,0.00012824385819981376
2026-05-08,0.00010017906826880647,0.40727322217658507,0.5927267778234149,1.3512079189170874,0.003848243547335611,0.8020088689743341,1.2078267779259348,2837,252,-0.5862087795781782,0.00022189592355318489,0.00010803174569129891,0.00012417367365928031
2026-05-11,0.00010290796715956838,0.40694048301340685,0.5930595169865931,1.3482259195547943,0.003784945477205932,0.8019550285404758,1.1752952817747966,2837,252,-0.6021772300338498,0.00021463731022292688,0.00010449028861921467,0.00012009933091587241
2026-05-12,4.530236262910744e-05,0.4050099002538749,0.594990099746125,1.3528104833648973,0.003821356554638785,0.7926635132805246,1.1432049482725055,2837,252,-0.26509173191308555,0.0002109041763765505,0.00010111452473267937,0.00011575459244215462
2026-05-13,5.7128422796609056e-05,0.4070337438012074,0.5929662561987926,1.3610868675893837,0.0037974795642107565,0.7931116705086181,1.0877107314262298,2837,252,-0.3342932169918589,0.00020579689758615293,0.0001011056649169876,0.0001144040757938125
2026-05-14,4.637870745580148e-05,0.4085436741676652,0.5914563258323349,1.3722832955068316,0.0037517154076559048,0.7934252809597335,1.0576092805265054,2837,252,-0.2713900814402399,0.0001998798932410986,9.925974078657137e-05,0.00011175762325316932
2026-05-15,1.4024846108949409e-05,0.4089478247943918,0.5910521752056082,1.3837960232601527,0.0036900206081646233,0.8056188362864366,1.0295773585870602,2837,252,-0.08206792160652368,0.00020585752757878667,0.00010185547990198395,0.00011665549151154945
2026-05-18,1.8960704757967105e-05,0.40896080135648877,0.5910391986435113,1.3824293435869888,0.0036295891965255627,0.805795898839431,1.0056712008969055,2837,252,-0.11095063857337746,0.00019943701833970376,9.859971368467758e-05,0.0001129967014502386
2026-05-19,-2.32323193869203e-05,0.4074035841563656,0.5925964158436344,1.3853399682993253,0.0036075358529975864,0.8030591707242621,0.9975906142016546,2837,252,0.13594645897517943,0.00019597237036713313,9.546531216221607e-05,0.00010984183190426143
2026-05-20,-2.858057136725549e-05,0.4102822793029727,0.5897177206970273,1.4030084227018689,0.0035766365012533602,0.8090473870687223,0.9890460273864349,2837,252,0.1672423406443554,0.00019520377674683915,9.801272779684839e-05,0.00011190752885275933
2026-05-21,-3.925925882139033e-05,0.4113451072957906,0.5886548927042095,1.412039178748092,0.0035257401854531904,0.8089930850742213,0.9749716871695515,2837,252,0.2297298487452307,0.00018908530828017306,9.537880124186289e-05,0.00010864247038254233
2026-05-22,-7.01282624489986e-05,0.4107481304142279,0.589251869585772,1.4171437700498317,0.0034814537513801706,0.8084552614668671,0.9627251752101499,2837,252,0.41036320116151775,0.0001846996515679306,9.241376138522091e-05,0.00010562272149372044
2026-05-26,-5.6600163089837696e-05,0.41019204857980407,0.5898079514201959,1.4101526949440817,0.0034289925180098885,0.808586962036399,0.9482180888907861,2837,252,0.3312020475154585,0.00017976537144386278,8.955051656243895e-05,0.00010259207178961703
2026-05-27,-1.8529557580735274e-05,0.4124052535447716,0.5875947464552285,1.4134105035066173,0.0034760928152410627,0.7997387143547948,0.9612427174346396,2837,252,0.10842773368963993,0.00017389720687438175,8.896864688327484e-05,9.947476369479641e-05
2026-05-28,-4.114233618613742e-05,0.413610090845822,0.586389909154178,1.4262824341199023,0.003443637933792163,0.7978271339059754,0.9522679805400508,2837,252,0.24074888199155411,0.0001682427714712324,8.677150122831952e-05,9.639745429683029e-05
2026-05-29,-9.726994006772452e-06,0.4124419997654832,0.5875580002345169,1.411358876455831,0.0034077281098719675,0.7972415365843075,0.9423378496251619,2837,252,0.05691856975924604,0.00016560755407724086,8.421740587976534e-05,9.415229680975568e-05
2026-06-01,-1.2328566569496017e-05,0.4120810060242538,0.5879189939757462,1.4126569400220423,0.003351613951229238,0.7979075778728205,0.9268206211714806,2857,252,0.1343253772810625,0.0001608679482415595,8.169510739384062e-05,9.147141029596805e-05
2026-06-02,-1.659663170952555e-05,0.4151335854668459,0.5848664145331541,1.432108623295049,0.0033230740107093653,0.8033003496579009,0.9189284815081031,2857,252,0.18082790107106497,0.0001597115375093924,8.35393320183609e-05,9.278795441180052e-05
2026-06-03,-7.323445972482931e-06,0.4216899294352883,0.5783100705647117,1.4673607337043337,0.0033410341594625227,0.8069595108495643,0.9238949950940811,2857,252,0.0797922968340237,0.00015907276742335385,8.816451760306014e-05,9.556449753608795e-05
2026-06-04,-5.9978235465527224e-05,0.42744189200053084,0.5725581079994692,1.527543275755409,0.0036466376622691318,0.77014084827799,1.005337945579896,2857,252,0.6534903358102804,0.00015431865922828372,9.029385684022395e-05,9.090933515673767e-05
2026-06-05,-8.854499126140886e-05,0.42786552179881093,0.572134478201189,1.5465859996832132,0.0035873860041361343,0.813896825858964,0.98900291430548,2857,252,0.9647382191994233,0.0001864810094059587,0.00010689215987371472,0.00011491046622327849
2026-06-08,-8.81076931102029e-05,0.427924368216853,0.572075631783147,1.5472062215940092,0.0035291744225087068,0.8138098315553454,0.9729546206985252,2857,252,0.9599736556296088,0.00018041674335816054,0.00010338776209370188,0.0001111465327354884
2026-06-09,-6.567670301066753e-05,0.4268245870071754,0.5731754129928246,1.529663787301244,0.003531349103244628,0.8080904532195574,0.9735541562887936,2857,252,0.715577748698878,0.0001762007013517798,0.00010002688381618068,0.00010728083918237838
2026-06-10,-5.4955876067960524e-05,0.42762827506104906,0.5723717249389509,1.5300242553799568,0.003504388244601748,0.8059161016625151,0.9661213437229744,2857,252,0.5987694307386038,0.00017053634638215687,9.787486592870082e-05,0.00010411993780160669
2026-06-11,-1.1058815577866647e-05,0.41936264235915405,0.5806373576408459,1.4587062898422378,0.0035267837966144683,0.8154859435684951,0.9722955514002423,2857,252,0.12049085888493151,0.00019086233382357735,0.00010038002510979162,0.0001128756448820097
2026-06-12,2.808876106164744e-06,0.4168596243438375,0.5831403756561625,1.4375345581250802,0.0034745072967375394,0.8162790315640895,0.9578834946356893,2857,252,-0.03060399119147271,0.0001870556560188194,9.759842257267658e-05,0.00011029236821542322
2026-06-15,-4.916410824359333e-05,0.41598548820285525,0.5840145117971447,1.4676582698715401,0.0036567732967705104,0.7923425161489887,1.0063126242943077,2857,252,0.5356654685912634,0.00018293721371387886,9.58904378306789e-05,0.00010494255681952694
2026-06-16,-1.4276629033833524e-05,0.4127101789183643,0.5872898210816357,1.43336005096721,0.0036714992998336795,0.7864743166511483,1.0084419824808386,2857,252,0.15555040973022494,0.0001823895340267429,9.288333856966074e-05,0.000102365452420914
2026-06-17,1.3609833951171531e-06,0.41893745492336876,0.5810625450766312,1.4643673408569728,0.00371083361635928,0.7888039184621347,1.0180492839359285,2857,252,-0.014828537201940608,0.00018113113875356036,9.875278900793798e-05,0.00010549704693443843
2026-06-18,9.792851059576201e-06,0.4212477215730752,0.5787522784269248,1.4748237764788321,0.003668770664650471,0.7883152461510823,1.0046732096074993,2857,252,-0.10669759584942565,0.00017557791621421518,9.668222701538783e-05,0.0001027089274268374
2026-06-22,-6.120864602407028e-06,0.4213839014469228,0.5786160985530773,1.4818651677537023,0.0036214421820042896,0.7870608621324675,0.9917125579581212,2857,252,0.06668962221763265,0.00017035133145405646,9.351233962967098e-05,9.933803033244862e-05
2026-06-23,-4.827578190704726e-05,0.41746560043770986,0.5825343995622901,1.4749622948143006,0.003629919696346682,0.7836816489604795,0.9940340798853241,2857,252,0.5259867464435894,0.00017220128915020026,9.099400254025428e-05,9.809892783071351e-05
2026-06-24,-3.762282019840641e-05,0.41803137881303076,0.5819686211869692,1.4744440893368689,0.0035980281122247135,0.7825069649903792,0.9853007402715933,2857,252,0.4099178512798598,0.00016694988842934417,8.949067633936553e-05,9.564674029788296e-05
2026-06-25,-5.730575448680051e-05,0.4192765066309972,0.5807234933690029,1.4894757528567772,0.0035758525176969877,0.779509579975201,0.9792280724039093,2857,252,0.6243724319793402,0.00016152726732009975,8.764024277430227e-05,9.274620877569988e-05
2026-06-26,-6.413478350724526e-05,0.4198028443638791,0.580197155636121,1.495220209633305,0.003520838288313282,0.7795105795785614,0.964162720148026,2857,252,0.6987778297572316,0.0001563518611155821,8.505136916642894e-05,8.989058278747458e-05
2026-06-29,-2.274322376320592e-05,0.4199992335771267,0.5800007664228732,1.4809875128752252,0.0036029478841639816,0.763548484087013,0.9866479934843346,2857,252,0.2477978356493676,0.00015218116107073632,8.327921485035439e-05,8.595781687256524e-05
2026-06-30,-2.6472718643159836e-05,0.42021835909587973,0.5797816409041203,1.4835489581660648,0.0035452397554173168,0.763747706529917,0.9708449313068632,2857,252,0.28843238987703557,0.00014732559724976748,8.075720647167877e-05,8.330664951577597e-05
2026-07-01,-1.697342103783949e-05,0.41363953366733375,0.5863604663326663,1.4686811296302933,0.003699080602175464,0.7403795475511876,1.0099128806423627,2878,252,1.0387122488556821,0.00015089875094675745,7.811385389641284e-05,8.038245539483941e-05
2026-07-02,-8.004022017047184e-06,0.4071115048528333,0.5928884951471667,1.4121830092665837,0.0037487255524488792,0.7296782550565527,1.021413536719239,2878,252,0.4898173261997705,0.0001530165038030167,7.563242356140233e-05,7.849726947723118e-05
2026-07-06,-5.5359642331379836e-06,0.40514575314334156,0.5948542468566584,1.3958257079364063,0.0036876077791044752,0.732874310439322,1.0021889176360674,2878,252,0.33878107691832265,0.0001504860057144702,7.389761841531204e-05,7.728456683758132e-05
2026-07-07,-1.5214753423259618e-05,0.40390385158619957,0.5960961484138004,1.40574726563964,0.0037691737572601493,0.7143835871292867,1.0217846601664755,2878,252,0.9310881235330689,0.00014718270499217856,7.221645703408087e-05,7.365088118872643e-05
2026-07-08,-1.0239106273977341e-05,0.4057426229245629,0.5942573770754371,1.40755064730793,0.003784572639759277,0.7063564758660553,1.0243890955353905,2878,252,0.6265964345316857,0.00014235801290646546,7.152571372539227e-05,7.127643831175535e-05
2026-07-09,-1.405533822659811e-05,0.4080526076442072,0.5919473923557927,1.4270790293820121,0.0037565830982443753,0.7048707710232971,1.0155677817959832,2878,252,0.8601360883719227,0.0001379871246221407,7.066328535212923e-05,6.960263752048664e-05
2026-07-10,-1.0794029231401024e-05,0.4075100310749496,0.5924899689250505,1.4178916566709419,0.0037006806901931956,0.7076346499242847,1.0002162350857697,2878,252,0.660555721334399,0.00013604822000066465,6.889133785722664e-05,6.85074546263252e-05
2026-07-13,-1.517624826438654e-05,0.4069825696715686,0.5930174303284315,1.4217239495625653,0.0036558504115841214,0.7054360073436501,0.9880995527124323,2878,252,0.9287317464611495,0.0001320339702328889,6.66490829431426e-05,6.617554913370037e-05
2026-07-14,-1.0938448945653074e-05,0.405624603072941,0.594375396927059,1.406712184746215,0.0035989600731910426,0.7137338839285667,0.9727232895749309,2878,252,0.6693936878136031,0.00013283711002778673,6.603938185638306e-05,6.68494016067875e-05
2026-07-15,-1.3064418844265502e-05,0.4061171539860188,0.5938828460139812,1.4125442378479685,0.0035500413646634764,0.7137994454706175,0.9595015904971469,2878,252,0.7994953903203763,0.0001287061928992467,6.448060996429479e-05,6.502651763476496e-05
2026-07-16,-1.69689463002744e-05,0.4055552112204591,0.5944447887795409,1.4152411496269648,0.0034958129638169994,0.7150038072687772,0.9448447931481831,2878,252,1.0384384110295355,0.00012584308680658733,6.260595744379516e-05,6.346450052900788e-05
2026-07-17,-1.3747781004811026e-05,0.4049859734487135,0.5950140265512864,1.4074299665667995,0.0034484852419218305,0.7137042669608077,0.9320531043287132,2878,252,0.8413146938644703,0.0001221878410061107,6.0553403029594766e-05,6.139055594372928e-05
2026-07-20,-7.566506268064474e-06,0.41473862958098545,0.5852613704190146,1.4565349376796497,0.0035268149932634373,0.7130064665606708,0.9532239903199649,2878,252,0.46304293778847266,0.00012050952793237846,6.574484733622401e-05,6.346510777578533e-05
2026-07-21,-9.11475806552383e-06,0.4185832095871681,0.5814167904128319,1.482296144776356,0.0034838661230856775,0.7154661569939517,0.9416158131150995,2878,252,0.5577903727780759,0.00011749621268796883,6.511048154862959e-05,6.25786922631308e-05
2026-07-22,-6.54006398239996e-06,0.4190142012925402,0.5809857987074598,1.481409330246131,0.0034281401939203386,0.7172443648365376,0.9265542653263056,2878,252,0.40022836596548644,0.00011475958764523497,6.330645522209062e-05,6.113439694758685e-05
2026-07-23,-1.098587792086714e-05,0.4181581271810635,0.5818418728189365,1.4837753153244584,0.0033730427433218374,0.7290448072093519,0.9116625820890847,2878,252,0.6722961703123106,0.00011679432676452991,6.359237007547916e-05,6.283007822633274e-05
2026-07-24,-7.020435905157579e-06,0.4169682462679952,0.5830317537320048,1.4709344451143311,0.0033229905469373865,0.7312737713258898,0.8981345250594425,2878,252,0.4296253978933651,0.00011499067360795672,6.195685011051624e-05,6.172427121732163e-05
2026-07-27,-6.506162674787876e-06,0.41725576619522287,0.5827442338047771,1.4724498315184555,0.003270155115868724,0.7336785896560374,0.8838542181735566,2878,252,0.39815372801298454,0.00011208035369663754,6.066168812345901e-05,6.049616408287762e-05
2026-07-28,1.1762554801908178e-06,0.4137844208438993,0.5862155791561007,1.4406032950769057,0.003237006756092875,0.7409597479711514,0.8748949130105549,2878,252,-0.07198259987388751,0.00011533532844955453,6.015568378059919e-05,6.171832458918285e-05
2026-07-29,3.514765783180503e-06,0.4169646968314508,0.5830353031685491,1.456611304914138,0.0032178276640645984,0.745853727297443,0.8697112074096578,2878,252,-0.21509100980347384,0.00011373268688048942,6.154485204268678e-05,6.240109059713949e-05
2026-07-30,1.9278598785848793e-05,0.405607330637014,0.594392669362986,1.368211625564606,0.0032897042969325233,0.7470487322210762,0.8891379510647676,2878,252,-1.1797808264458365,0.00012796901083634318,6.146372643261052e-05,6.625379859462269e-05
2026-07-31,9.601256293405395e-06,0.4,0.6,1.3494660095610131,0.0032627385009699303,0.7553064257092288,0.8818496629978531,2878,252,-0.5875623125196642,0.00013382909259946173,6.132489815814071e-05,6.842532422319381e-05
2026-08-03,0.0,0.4,0.6,1.3526077619012988,0.0032248528960431375,0.753857115772229,0.8716099800054128,2900,252,-0.45121158806510664,0.00012947764367942873,5.975342324879105e-05,6.630828991074076e-05
2026-08-04,0.0,0.4,0.6,1.3280212113373258,0.0033705392890330563,0.7423129542216846,0.9109859509952242,2900,252,-1.5804845182553706,0.00014300024160109165,5.861965071704993e-05,6.796370378207746e-05
2026-08-05,0.0,0.4,0.6,1.3443928336678892,0.003589230160255534,0.7087139673837152,0.9700934985449033,2900,252,-0.7890203365790137,0.00013835239130461805,6.136138243135549e-05,6.529980654320606e-05
2026-08-06,0.0,0.4,0.6,1.341733003316485,0.0035362147027874873,0.7082829785647211,0.9557645343058213,2900,252,-0.9160772241439022,0.0001338543320277056,5.958201433904911e-05,6.325292471308372e-05
2026-08-07,0.0,0.4,0.6,1.3438561776749933,0.003507373335420755,0.7109309111172815,0.9479693186962377,2900,252,-0.8423208698044024,0.00013085959680435625,6.001586063063634e-05,6.300328667021994e-05
2026-08-10,0.0,0.4,0.6,1.3643927135091194,0.003643121966186735,0.6852091051013465,0.9846593213605065,2900,252,0.11182187385252522,0.0001326826471053716,5.814131199873442e-05,6.018282957477408e-05
2026-08-11,0.0,0.4,0.6,1.3691707680498968,0.0035878501649144563,0.6854611262621776,0.9697205147994679,2900,252,0.3032202641292972,0.0001290774470000556,5.6303402553931066e-05,5.8435307569890406e-05
2026-08-12,0.0,0.4,0.6,1.377718338777796,0.003567387627592759,0.6796174508463136,0.9641899209023916,2900,252,0.6775980119254921,0.00012520184928171212,5.46849199751882e-05,5.6234609563832926e-05
2026-08-13,0.0,0.4,0.6,1.392064536024401,0.00360863910274094,0.6641852309529895,0.9755720858632416,2900,252,1.317032610176854,0.00012234880123131308,5.332976976691761e-05,5.36505190401448e-05
2026-08-14,0.0,0.4,0.6,1.3992130487436192,0.003563719180229828,0.6621738181990977,0.9646095914306351,2900,252,1.593793173690781,0.00011886220489842393,5.158444707454964e-05,5.185054028134947e-05
2026-08-17,0.0,0.4,0.6,1.4028201220660128,0.0035049058861845797,0.6637417114527232,0.9501443288286725,2900,252,1.6827989107330779,0.00011554713574520789,5.0109898406591164e-05,5.050570807207245e-05
2026-08-18,0.0,0.4,0.6,1.386468548051443,0.0036897394356524803,0.6306558758128781,1.0002889462141271,2900,252,0.8296628599222758,0.00011181271616090978,5.2623881324579655e-05,4.837594741580244e-05
2026-08-19,0.0,0.4,0.6,1.3753754476175677,0.0036663088436552083,0.6305769468196587,0.9964004611777493,2900,252,0.26175516837820945,0.00011232258779046472,5.113850613456132e-05,4.779094941219176e-05
2026-08-20,0.0,0.4,0.6,1.3842016909302786,0.003622878903747085,0.631598073797571,0.9871241579060066,2900,252,0.6527075761299004,0.00011096580858113928,4.9646297759340776e-05,4.687905211485268e-05
2026-08-21,0.0,0.4,0.6,1.379340895226186,0.0035629968176988224,0.6475027013207019,0.9714950775010303,2900,252,0.3845202445889134,0.00011215578310892296,5.0191639645780124e-05,4.858118593120123e-05
2026-08-24,0.0,0.4,0.6,1.377689067099862,0.003517448746664241,0.6491368431246242,0.9606470825301322,2900,252,0.2610599949307766,0.00010897635212121532,4.9507623850058186e-05,4.7680240083344926e-05
2026-08-25,0.0,0.4,0.6,1.3723299104271152,0.0034597312547316496,0.6609818352224137,0.9462352755219514,2900,252,-0.028501919891520695,0.00010942199807036342,4.9436775791601565e-05,4.8614622127640995e-05
2026-08-26,0.0,0.4,0.6,1.376008851953453,0.0034044708504191346,0.6737628207965275,0.9324139432993888,2900,252,0.12634923936290263,0.00010953578498810593,4.9987369402368464e-05,4.985574335749171e-05
2026-08-27,0.0,0.4,0.6,1.3785009865931113,0.0033491668676626117,0.67396162784975,0.9188277578316899,2900,252,0.23158378309468192,0.0001061439492092183,4.837510235090865e-05,4.8294062525735534e-05
2026-08-28,0.0,0.4,0.6,1.3717777676052518,0.003372436293382746,0.6710875981665039,0.9256580175870253,2900,252,-0.13468037453283999,0.00010338602962745796,4.993333968103492e-05,4.8217584318001444e-05
2026-08-31,0.0,0.4014517919908704,0.5985482080091296,1.3724738828068725,0.003374100980308476,0.6641162738747327,0.9267978840966915,2900,252,-0.5371868172536123,9.999845634949109e-05,4.9417885081463176e-05,4.668558961634235e-05
2026-09-01,6.352858768630861e-05,0.41105521768494635,0.5889447823150536,1.4250637696055486,0.0033817363791713833,0.6834926587589198,0.9305825067082454,2921,252,-0.7021097925779647,0.00010155228763702176,5.444383328654158e-05,5.0822152792787925e-05
2026-09-02,6.869522340216568e-05,0.41651724793997813,0.5834827520600219,1.4564564694525657,0.0033393692279439172,0.6985848265677632,0.9199986603012994,2921,252,-0.7592107869948155,0.00010232490953629936,5.633888947979594e-05,5.3041277338392726e-05
2026-09-03,1.6987252122730227e-05,0.4342788409608162,0.5657211590391837,1.5790393691134261,0.0034802119694822458,0.7011764852652063,0.9594562102462115,2921,252,-0.18774092890672187,0.00010248374480370989,6.596460636559636e-05,5.765146182977461e-05
2026-09-04,3.337148764377986e-05,0.4406627955286295,0.5593372044713705,1.616837348451109,0.0034429561295569763,0.7047339259190957,0.9500639717558854,2921,252,-0.3688173957728642,0.00010022197418689096,6.598389272537367e-05,5.730936840334464e-05
2026-09-08,4.347779095456523e-05,0.44483194567594564,0.5551680543240544,1.6423085390214494,0.003400573554187293,0.7133414612329709,0.9388246362728934,2921,252,-0.4805109620819851,9.934511418171778e-05,6.700551380909497e-05,5.820040336357274e-05
2026-09-09,1.6806073283953753e-05,0.4438954652180877,0.5561045347819122,1.643606501875228,0.0033492453837034118,0.7258965583367422,0.9264751672349782,2921,252,-0.1857385636480923,0.00010189415962945962,6.73506223536562e-05,6.013401336895592e-05
2026-09-10,-2.255591482180053e-05,0.4401691309171304,0.5598308690828696,1.6300976818358521,0.003304072227616044,0.7467742718271381,0.9157406099164884,2921,252,0.2492850739125383,0.00010964134382699495,6.973466014381898e-05,6.52981483636676e-05
2026-09-11,-8.843862386873846e-06,0.439093685885477,0.560906314114523,1.6202178632805961,0.0032496230563715924,0.7497798022372996,0.9013606229006815,2921,252,0.09774123134448767,0.00010755105277645283,6.817455160501797e-05,6.42025407469612e-05
2026-09-14,-4.2873675477190574e-05,0.437318432344803,0.5626815676551971,1.6180609116829925,0.003220621761819508,0.7477794220133345,0.8943801506183967,2921,252,0.4738343554083558,0.00010565141072752264,6.601587356717321e-05,6.245041765657294e-05
2026-09-15,-5.375934852435152e-05,0.43667767169708194,0.5633223283029181,1.6177141275163474,0.0031678609788510738,0.749693214429698,0.8803296315729807,2921,252,0.5941414159549085,0.00010317883494519867,6.427886424500572e-05,6.105384040632236e-05
2026-09-16,-9.135285063644877e-05,0.4336702469036511,0.5663297530963489,1.608920257490081,0.003130237434184172,0.7571029683066258,0.8705612779122192,2921,252,1.009619973427899,0.00010555071007834087,6.383501977986868e-05,6.214626422589187e-05
2026-09-17,-5.851214873719522e-06,0.42151217238773353,0.5784878276122665,1.5110688681369728,0.0031814212180466483,0.7640001010554752,0.8858799775014339,2921,252,0.06466687535384476,0.00011973222430924998,6.457549112619638e-05,6.717888637574288e-05
2026-09-18,-6.618618721013556e-05,0.41475813419174457,0.5852418658082554,1.4844392768808636,0.003185925676323694,0.7604401714535215,0.88780549526544,2921,252,0.7314812412184258,0.00012116205248483404,6.280251456629921e-05,6.633410568797671e-05
