date,equity,qx,qy,gross,net,prediction,entry_threshold,target_weight_x,target_weight_y,desired_fraction,stopped
2020-01-02,100000.0,0,0,0.0,0.0,-0.0020399755588315816,0.0031910908659191074,0.4,0.6,0.2,False
2020-01-03,100000.0,0,0,0.0,0.0,-0.0028225664896266802,0.003196419973819837,0.4,0.6,0.2,False
2020-01-06,100000.0,0,0,0.0,0.0,-0.0027060105466128574,0.0031927290672407703,0.4,0.6,0.2,False
2020-01-07,100000.0,0,0,0.0,0.0,-0.002974135206793227,0.0031910592125022675,0.4,0.6,0.2,False
2020-01-08,100000.0,0,0,0.0,0.0,-0.0018796968825764576,0.0031902605399670605,0.4,0.6,0.2,False
2020-01-09,100000.0,0,0,0.0,0.0,-0.0020195842439682367,0.0031903485397098124,0.4,0.6,0.2,False
2020-01-10,100000.0,0,0,0.0,0.0,-0.0010721944432607144,0.00318697879274922,0.4,0.6,0.2,False
2020-01-13,100000.0,0,0,0.0,0.0,-0.0006498910223867114,0.0031827337964503385,0.4,0.6,0.2,False
2020-01-14,100000.0,0,0,0.0,0.0,0.000248233562627273,0.002655097379955896,0.4,0.6,0.2,False
2020-01-15,100000.0,0,0,0.0,0.0,0.000188579906316077,0.0026504786326669986,0.4,0.6,0.2,False
2020-01-16,100000.0,0,0,0.0,0.0,0.001240432291711463,0.002644064940871084,0.4,0.6,0.2,False
2020-01-17,100000.0,0,0,0.0,0.0,0.0007231464754467028,0.00264504773965831,0.4,0.6,0.2,False
2020-01-21,100000.0,0,0,0.0,0.0,-0.0007684685045799258,0.0031743908415449457,0.4,0.6,0.2,False
2020-01-22,100000.0,0,0,0.0,0.0,0.0013030168283759578,0.002647994724839177,0.4,0.6,0.2,False
2020-01-23,100000.0,0,0,0.0,0.0,0.00041698897893165446,0.0026469414654662687,0.4,0.6,0.2,False
2020-01-24,100000.0,0,0,0.0,0.0,-0.0002481811958960497,0.003176023866813998,0.4,0.6,0.2,False
2020-01-27,100000.0,0,0,0.0,0.0,-0.0020523791861766566,0.0031895292258066676,0.4,0.6,0.2,False
2020-01-28,100000.0,0,0,0.0,0.0,-0.001869433756644231,0.003183782429863912,0.4,0.6,0.2,False
2020-01-29,100000.0,0,0,0.0,0.0,-0.0016289249817884228,0.003186473429710409,0.4,0.6,0.2,False
2020-01-30,100000.0,0,0,0.0,0.0,-0.0020312178866807038,0.0031871830602328674,0.4,0.6,0.2,False
2020-01-31,100000.0,0,0,0.0,0.0,-0.0037551037254998157,0.004050489900866043,0.4,0.6,0.05,False
2020-02-03,100000.0,0,0,0.0,0.0,-0.002095289924603025,0.0032025511406147495,0.4,0.6,0.2,False
2020-02-04,100000.0,0,0,0.0,0.0,-0.0014763969452352864,0.0031898098952358876,0.4,0.6,0.2,False
2020-02-05,100000.0,0,0,0.0,0.0,-0.0016169812270264963,0.00318433729764198,0.4,0.6,0.2,False
2020-02-06,100000.0,0,0,0.0,0.0,-0.001983034768188929,0.003183752123383267,0.4,0.6,0.2,False
2020-02-07,100000.0,0,0,0.0,0.0,-0.002568382943409501,0.0031903242187092946,0.4,0.6,0.2,False
2020-02-10,100000.0,0,0,0.0,0.0,-0.002457541461998943,0.003187991899956599,0.4,0.6,0.2,False
2020-02-11,100000.0,0,0,0.0,0.0,-0.002337949247701513,0.0031830231695251995,0.4,0.6,0.2,False
2020-02-12,100000.0,0,0,0.0,0.0,-0.0013698640338562233,0.0031761239323101296,0.4,0.6,0.2,False
2020-02-13,100000.0,0,0,0.0,0.0,-0.0016035779024140956,0.003180480242245606,0.4,0.6,0.2,False
2020-02-14,100000.0,0,0,0.0,0.0,-0.0017001413780511566,0.0031772596335135463,0.4,0.6,0.2,False
2020-02-18,100000.0,0,0,0.0,0.0,-0.0016574179633497992,0.0031793378296868353,0.4,0.6,0.2,False
2020-02-19,100000.0,0,0,0.0,0.0,-0.0020561862229485687,0.003173517394740339,0.4,0.6,0.2,False
2020-02-20,100000.0,0,0,0.0,0.0,-0.0028295773271999054,0.003177010287553513,0.4,0.6,0.2,False
2020-02-21,100000.0,0,0,0.0,0.0,-0.0032489285528573054,0.00405516281697519,0.4,0.6,0.05,False
2020-02-24,100000.0,0,0,0.0,0.0,-0.005396826570776453,0.0035863277662294105,0.4,0.6,0.07002361807069073,False
2020-02-25,99993.01497198791,128,-140,6847.480010986328,-1353.7202453613281,-0.004063794607716596,0.004031663756038746,0.4057640697976976,0.5942359302023024,0.05,False
2020-02-26,99998.38121445467,128,-140,6772.320068359375,-1347.679931640625,-0.004045060537799528,0.004023995912077619,0.40855835524178163,0.5914416447582184,0.05,False
2020-02-27,100079.31394536822,128,-140,6562.719940185547,-1266.0798034667969,-0.002464983882982212,0.0031428960013303807,0.44660386574625516,0.5533961342537448,0.2,False
2020-02-28,100057.51037190197,128,-140,6437.96012878418,-1287.2399139404297,-0.003667570077462728,0.003928369666397161,0.44481599201092004,0.55518400798908,0.05,False
2020-03-02,100012.80544108072,128,-140,6557.560020446777,-1330.0400009155273,-0.0030776137642188404,0.0031269420071875402,0.4543432201694921,0.5456567798305079,0.2,False
2020-03-03,100034.15706889461,128,-140,6484.359901428223,-1308.0400772094727,-0.002710787366152044,0.0031273164930012984,0.45842177588089744,0.5415782241191025,0.2,False
2020-03-04,100032.5167121044,128,-140,6626.160079956055,-1309.0399627685547,-0.0020763395730906456,0.003121154775826887,0.45304665802814675,0.5469533419718533,0.2,False
2020-03-05,100015.38450052479,128,-140,6486.479927062988,-1325.5199661254883,-0.0028196982492611346,0.003159880930199135,0.4446666829741451,0.555333317025855,0.2,False
2020-03-06,100050.10257916943,128,-140,6353.839981079102,-1290.1598052978516,-0.002451381608571089,0.0031686227112838745,0.4486070514451144,0.5513929485548856,0.2,False
2020-03-09,100223.29765232382,128,-140,5579.72004699707,-1115.0799102783203,-0.0016756946775931816,0.0031941052471942503,0.48823563997983993,0.51176436002016,0.2,False
2020-03-10,100325.66018619934,0,0,0.0,0.0,0.0013444321249595265,,0.46270373339256743,0.5372962666074326,0.0,False
2020-03-11,100325.66018619934,0,0,0.0,0.0,-0.0005256248220049613,,0.44673098860749666,0.5532690113925034,0.0,False
2020-03-12,100325.66018619934,0,0,0.0,0.0,-0.0004266879306150387,,0.4616367664710979,0.5383632335289021,0.0,False
2020-03-13,100325.66018619934,0,0,0.0,0.0,0.0009042757378355035,,0.4584715304670972,0.5415284695329028,0.0,False
2020-03-16,100325.66018619934,0,0,0.0,0.0,-0.0014484659882323095,,0.44917620507993744,0.5508237949200625,0.0,False
2020-03-17,100325.66018619934,0,0,0.0,0.0,0.0023822460603368798,,0.4386486138508605,0.5613513861491395,0.0,False
2020-03-18,100325.66018619934,0,0,0.0,0.0,-0.0007475101807493501,,0.42666035718777734,0.5733396428122226,0.0,False
2020-03-19,100325.66018619934,0,0,0.0,0.0,-0.0009102431109676884,,0.42535604995270887,0.5746439500472911,0.0,False
2020-03-20,100325.66018619934,0,0,0.0,0.0,-0.0019108881495956077,,0.4241230764163199,0.57587692358368,0.0,False
2020-03-23,100325.66018619934,0,0,0.0,0.0,-0.0011044430541741286,,0.42712256758283496,0.572877432417165,0.0,False
2020-03-24,100325.66018619934,0,0,0.0,0.0,-0.0014815210287999145,,0.4421576779644625,0.5578423220355375,0.0,False
2020-03-25,100325.66018619934,0,0,0.0,0.0,-0.00217053514492924,,0.4488778802943741,0.551122119705626,0.0,False
2020-03-26,100325.66018619934,0,0,0.0,0.0,-0.0016859586145276763,,0.44979409465542053,0.5502059053445795,0.0,False
2020-03-27,100325.66018619934,0,0,0.0,0.0,-0.0024655144259186587,,0.4485802563100913,0.5514197436899086,0.0,False
2020-03-30,100325.66018619934,0,0,0.0,0.0,-0.00032273274249571633,,0.4419627827297943,0.5580372172702057,0.0,False
2020-03-31,100325.66018619934,0,0,0.0,0.0,-0.0020112969038758276,,0.4420091839607205,0.5579908160392795,0.0,False
2020-04-01,100325.66018619934,0,0,0.0,0.0,-0.003316771470999249,,0.4440451945093227,0.5559548054906773,0.0,False
2020-04-02,100325.66018619934,0,0,0.0,0.0,-0.00192122081548233,,0.44388148063532396,0.556118519364676,0.0,False
2020-04-03,100325.66018619934,0,0,0.0,0.0,-0.005315715083171097,,0.4422711601006265,0.5577288398993735,0.0,False
2020-04-06,100325.66018619934,0,0,0.0,0.0,-0.0025509147831493223,,0.43935736666445563,0.5606426333355443,0.0,False
2020-04-07,100325.66018619934,0,0,0.0,0.0,-0.0059363477763371844,,0.4381697923884756,0.5618302076115245,0.0,False
2020-04-08,100325.66018619934,0,0,0.0,0.0,-0.00708557847371107,,0.4386611483486323,0.5613388516513678,0.0,False
2020-04-09,100325.66018619934,0,0,0.0,0.0,-0.003476404715194874,,0.4360005983553813,0.5639994016446187,0.0,False
2020-04-13,100325.66018619934,0,0,0.0,0.0,-0.00398405952609686,,0.4354673544047482,0.5645326455952517,0.0,False
2020-04-14,100325.66018619934,0,0,0.0,0.0,-0.0015550122969488283,,0.43422266621209266,0.5657773337879073,0.0,False
2020-04-15,100325.66018619934,0,0,0.0,0.0,-0.002773430495161039,,0.43365335156097395,0.566346648439026,0.0,False
2020-04-16,100325.66018619934,0,0,0.0,0.0,-0.0013651777351479481,,0.43348440180630143,0.5665155981936986,0.0,False
2020-04-17,100325.66018619934,0,0,0.0,0.0,-0.003005150884913749,,0.43605348475381567,0.5639465152461843,0.0,False
2020-04-20,100325.66018619934,0,0,0.0,0.0,-0.0058359149096289895,,0.43518973640554265,0.5648102635944574,0.0,False
2020-04-21,100325.66018619934,0,0,0.0,0.0,-0.006585902022475145,,0.43486420218306954,0.5651357978169305,0.0,False
2020-04-22,100325.66018619934,0,0,0.0,0.0,-0.004675128927779866,,0.43348720176926847,0.5665127982307315,0.0,False
2020-04-23,100325.66018619934,0,0,0.0,0.0,-0.005509311133669531,,0.4332075769949962,0.5667924230050039,0.0,False
2020-04-24,100325.66018619934,0,0,0.0,0.0,-0.0048009199705215735,,0.43298855657531676,0.5670114434246832,0.0,False
2020-04-27,100325.66018619934,0,0,0.0,0.0,-0.00517803889567985,,0.43332320670052193,0.5666767932994781,0.0,False
2020-04-28,100325.66018619934,0,0,0.0,0.0,-0.006358682660281888,,0.4337174020336775,0.5662825979663225,0.0,False
2020-04-29,100325.66018619934,0,0,0.0,0.0,-0.007248271746405153,,0.435965733969468,0.564034266030532,0.0,False
2020-04-30,100325.66018619934,0,0,0.0,0.0,-0.004087628851203907,,0.4388611812336868,0.5611388187663132,0.0,False
2020-05-01,100325.66018619934,0,0,0.0,0.0,-0.0037764551987394513,,0.4372261277425955,0.5627738722574045,0.0,False
2020-05-04,100325.66018619934,0,0,0.0,0.0,-0.0029764076039892145,,0.4362675928484457,0.5637324071515544,0.0,False
2020-05-05,100325.66018619934,0,0,0.0,0.0,-0.002768041104444394,,0.43603128645651723,0.5639687135434828,0.0,False
2020-05-06,100325.66018619934,0,0,0.0,0.0,-0.0031833693044082253,,0.43567227398371194,0.564327726016288,0.0,False
2020-05-07,100325.66018619934,0,0,0.0,0.0,-0.0027045616457465377,,0.43531241539766735,0.5646875846023327,0.0,False
2020-05-08,100325.66018619934,0,0,0.0,0.0,-0.002827374679111124,,0.4356361488517595,0.5643638511482405,0.0,False
2020-05-11,100325.66018619934,0,0,0.0,0.0,-0.0027517974182820924,,0.43570215051108074,0.5642978494889193,0.0,False
2020-05-12,100325.66018619934,0,0,0.0,0.0,-0.002807650820704762,,0.43594287679290356,0.5640571232070964,0.0,False
2020-05-13,100325.66018619934,0,0,0.0,0.0,-0.0015647868092418704,,0.4377228832661236,0.5622771167338765,0.0,False
2020-05-14,100325.66018619934,0,0,0.0,0.0,-0.0016846092759575408,,0.43815667653463486,0.5618433234653651,0.0,False
2020-05-15,100325.66018619934,0,0,0.0,0.0,-0.0014067695374094732,,0.4381342191040468,0.5618657808959532,0.0,False
2020-05-18,100325.66018619934,0,0,0.0,0.0,-0.0011272917224402154,,0.4387002634812083,0.5612997365187917,0.0,False
2020-05-19,100325.66018619934,0,0,0.0,0.0,-0.0014063649371109752,,0.43859196860320987,0.5614080313967902,0.0,False
2020-05-20,100325.66018619934,0,0,0.0,0.0,-0.000513514848901538,,0.4372934306863311,0.5627065693136689,0.0,False
2020-05-21,100325.66018619934,0,0,0.0,0.0,-0.0006358768765839941,,0.43702951023462916,0.5629704897653709,0.0,False
2020-05-22,100325.66018619934,0,0,0.0,0.0,-0.0006857823839297952,,0.43696138202526247,0.5630386179747375,0.0,False
2020-05-26,100325.66018619934,0,0,0.0,0.0,9.339998215254696e-06,,0.43608053588359985,0.5639194641164001,0.0,False
2020-05-27,100325.66018619934,0,0,0.0,0.0,0.00013512653403108742,,0.43594097449690866,0.5640590255030913,0.0,False
2020-05-28,100325.66018619934,0,0,0.0,0.0,0.0005781113170624817,,0.43593216914983457,0.5640678308501654,0.0,False
2020-05-29,100325.66018619934,0,0,0.0,0.0,-0.00012867430749174011,,0.4349204375422564,0.5650795624577436,0.0,False
2020-06-01,100325.66018619934,0,0,0.0,0.0,0.0012249046287111283,,0.43116637266754876,0.5688336273324512,0.0,False
2020-06-02,100325.66018619934,0,0,0.0,0.0,0.0011206387142699053,,0.43100319975972934,0.5689968002402707,0.0,False
2020-06-03,100325.66018619934,0,0,0.0,0.0,0.0019530736845590206,,0.4299112979825096,0.5700887020174904,0.0,False
2020-06-04,100325.66018619934,0,0,0.0,0.0,0.002093437328130199,,0.4298480426985005,0.5701519573014995,0.0,False
2020-06-05,100325.66018619934,0,0,0.0,0.0,0.0022289066286865695,0.0028393578943275806,0.4305693604195322,0.5694306395804678,0.15665880138662328,False
2020-06-08,100325.66018619934,0,0,0.0,0.0,0.002418769456678723,0.002827847907482584,0.4307666853447824,0.5692333146552175,0.15928087503657176,False
2020-06-09,100325.66018619934,0,0,0.0,0.0,0.001976821872135604,0.002838147091589571,0.43031538478660125,0.5696846152133987,0.16176900435063438,False
2020-06-10,100325.66018619934,0,0,0.0,0.0,0.0024187503032325167,0.0028417959374890905,0.43075628042321085,0.5692437195767892,0.1634347075524459,False
2020-06-11,100325.66018619934,0,0,0.0,0.0,0.0015963628717514486,0.002906747965950333,0.43232356308577935,0.5676764369142207,0.16605001468028457,False
2020-06-12,100325.66018619934,0,0,0.0,0.0,0.001644964683366876,0.0028915084092754127,0.43312154392952423,0.5668784560704758,0.1685475970523011,False
2020-06-15,100325.66018619934,0,0,0.0,0.0,0.0018651642827601702,0.0028941823981904844,0.4332295186663981,0.5667704813336019,0.171361149632051,False
2020-06-16,100325.66018619934,0,0,0.0,0.0,0.0017705997409075823,0.0028848580540781444,0.43356667897255013,0.5664333210274499,0.17382619461291862,False
2020-06-17,100325.66018619934,0,0,0.0,0.0,0.0020255730678922224,0.002888931373444006,0.4339422110745072,0.5660577889254927,0.1761756486138067,False
2020-06-18,100325.66018619934,0,0,0.0,0.0,0.0016619468116158946,0.0028905139913154693,0.43380737530922164,0.5661926246907784,0.1783218254266194,False
2020-06-19,100325.66018619934,0,0,0.0,0.0,0.001322793456349915,0.002896284821920147,0.4333883164681575,0.5666116835318424,0.18092252937696926,False
2020-06-22,100325.66018619934,0,0,0.0,0.0,0.0018786544408816463,0.0028796557641190784,0.4325644505540919,0.5674355494459081,0.1831802697817259,False
2020-06-23,100325.66018619934,0,0,0.0,0.0,0.0018222156210299344,0.0028772393609054216,0.43238836039962975,0.5676116396003703,0.1862062912280471,False
2020-06-24,100325.66018619934,0,0,0.0,0.0,0.0015760358727900045,0.0029037011762159974,0.43287461159281126,0.5671253884071887,0.1892418460359293,False
2020-06-25,100325.66018619934,0,0,0.0,0.0,0.0015285989709859368,0.0028942704522776754,0.43323886017493246,0.5667611398250676,0.19211191467767208,False
2020-06-26,100325.66018619934,0,0,0.0,0.0,0.0016637236432752542,0.002916361593881786,0.43462187842886685,0.5653781215711331,0.19411104270512786,False
2020-06-29,100325.66018619934,0,0,0.0,0.0,0.0018595368853545013,0.002901489539839225,0.4349667940382988,0.5650332059617011,0.19735515069491383,False
2020-06-30,100325.66018619934,0,0,0.0,0.0,0.0014470054565549706,0.0028943019300840447,0.4359436958717235,0.5640563041282765,0.19766112821472429,False
2020-07-01,100325.66018619934,0,0,0.0,0.0,0.001827885221468117,0.0028901221144082582,0.4359390857997058,0.5640609142002941,0.2,False
2020-07-02,100325.66018619934,0,0,0.0,0.0,0.00243916706473023,0.002876681094661792,0.43505465543386956,0.5649453445661304,0.2,False
2020-07-06,100325.66018619934,0,0,0.0,0.0,0.0021548820907514757,0.0028732590129468,0.4349496518386883,0.5650503481613117,0.2,False
2020-07-07,100325.66018619934,0,0,0.0,0.0,0.001853144146236195,0.0028816019265748417,0.4345343047826089,0.5654656952173911,0.2,False
2020-07-08,100325.66018619934,0,0,0.0,0.0,0.0015917252168744984,0.002879589232634214,0.43469462738044895,0.565305372619551,0.2,False
2020-07-09,100325.66018619934,0,0,0.0,0.0,0.0016034241003262345,0.0028887071157168175,0.43508932003661666,0.5649106799633834,0.2,False
2020-07-10,100325.66018619934,0,0,0.0,0.0,0.0016252384676705204,0.0028811995159621394,0.43544746839546195,0.5645525316045381,0.2,False
2020-07-13,100325.66018619934,0,0,0.0,0.0,0.0012488076312894875,0.0028874399290909187,0.43479684277651787,0.5652031572234821,0.2,False
2020-07-14,100325.66018619934,0,0,0.0,0.0,0.001059690328118775,0.0028765805942602535,0.43615651220457025,0.5638434877954297,0.2,False
2020-07-15,100325.66018619934,0,0,0.0,0.0,0.0014032448846971468,0.0028602686023589674,0.4359376570677914,0.5640623429322086,0.2,False
2020-07-16,100325.66018619934,0,0,0.0,0.0,0.0010599936835681072,0.00286609165399534,0.4352584500248281,0.5647415499751719,0.2,False
2020-07-17,100325.66018619934,0,0,0.0,0.0,0.0010915285373896124,0.0028622433881202803,0.43513775793154913,0.5648622420684508,0.2,False
2020-07-20,100325.66018619934,0,0,0.0,0.0,0.0009813189458094376,0.0028580523774395547,0.43523029518111933,0.5647697048188807,0.2,False
2020-07-21,100325.66018619934,0,0,0.0,0.0,0.0018458140381903297,0.0028395121889458036,0.43299866578821566,0.5670013342117843,0.2,False
2020-07-22,100325.66018619934,0,0,0.0,0.0,0.001485915503764924,0.0028351582743350945,0.4323874849035345,0.5676125150964655,0.2,False
2020-07-23,100325.66018619934,0,0,0.0,0.0,0.001328001256341488,0.0028461969685622886,0.4323553912036094,0.5676446087963907,0.2,False
2020-07-24,100325.66018619934,0,0,0.0,0.0,0.0011361687453700215,0.0028489322007508927,0.4321284613065516,0.5678715386934484,0.2,False
2020-07-27,100325.66018619934,0,0,0.0,0.0,0.0011990288573525566,0.002837157184762565,0.4325635811301049,0.567436418869895,0.2,False
2020-07-28,100325.66018619934,0,0,0.0,0.0,0.0009046141139091491,0.0028419906163795303,0.4321209113970931,0.5678790886029069,0.2,False
2020-07-29,100325.66018619934,0,0,0.0,0.0,0.001023664885948519,0.002830064638149471,0.4322239573426897,0.5677760426573103,0.2,False
2020-07-30,100325.66018619934,0,0,0.0,0.0,0.0009134647794684144,0.0028364101856305913,0.43229608600565683,0.5677039139943432,0.2,False
2020-07-31,100325.66018619934,0,0,0.0,0.0,0.0002611615760519753,0.002841098113023307,0.4300947248924939,0.5699052751075061,0.2,False
2020-08-03,100325.66018619934,0,0,0.0,0.0,0.0008315775221052988,0.0028305719234817182,0.42868687058532323,0.5713131294146767,0.2,False
2020-08-04,100325.66018619934,0,0,0.0,0.0,0.000450037354927024,0.002823432978421829,0.42975036529838956,0.5702496347016104,0.2,False
2020-08-05,100325.66018619934,0,0,0.0,0.0,8.466557342461194e-05,0.002820491543400427,0.43075812599702334,0.5692418740029767,0.2,False
2020-08-06,100325.66018619934,0,0,0.0,0.0,0.00023769365107842054,0.002816565835948758,0.43084549075666195,0.5691545092433381,0.2,False
2020-08-07,100325.66018619934,0,0,0.0,0.0,0.0003326749430944025,0.0028258588809231488,0.4317524271924694,0.5682475728075306,0.2,False
2020-08-10,100325.66018619934,0,0,0.0,0.0,0.0005298506869210876,0.0028181702615144833,0.43167278429966255,0.5683272157003374,0.2,False
2020-08-11,100325.66018619934,0,0,0.0,0.0,0.0005985995698251744,0.0028171577259064277,0.43173374029287453,0.5682662597071255,0.2,False
2020-08-12,100325.66018619934,0,0,0.0,0.0,0.0007577399019443674,0.002809130294766792,0.43159922935748113,0.5684007706425189,0.2,False
2020-08-13,100325.66018619934,0,0,0.0,0.0,9.250694542534897e-05,0.002810430764384973,0.4293560323239589,0.5706439676760411,0.2,False
2020-08-14,100325.66018619934,0,0,0.0,0.0,0.00022215492761075954,0.002809484092461497,0.4291292581246894,0.5708707418753106,0.2,False
2020-08-17,100325.66018619934,0,0,0.0,0.0,4.6393263828198906e-05,0.0028033594526887477,0.43016552798159796,0.5698344720184021,0.2,False
2020-08-18,100325.66018619934,0,0,0.0,0.0,0.0003179131838811844,0.0028040870303954247,0.4304816761706033,0.5695183238293967,0.2,False
2020-08-19,100325.66018619934,0,0,0.0,0.0,0.0006346752827511027,0.00280665100733697,0.43130052768253596,0.5686994723174641,0.2,False
2020-08-20,100325.66018619934,0,0,0.0,0.0,0.00031757390955725214,0.002806027780525,0.4311643567841316,0.5688356432158683,0.2,False
2020-08-21,100325.66018619934,0,0,0.0,0.0,4.59054349314991e-06,0.0028106031256282422,0.43043467629483184,0.5695653237051681,0.2,False
2020-08-24,100325.66018619934,0,0,0.0,0.0,0.00032205692030443415,0.00280343193350202,0.4297573046539126,0.5702426953460874,0.2,False
2020-08-25,100325.66018619934,0,0,0.0,0.0,-1.9903007407666842e-05,0.0031745310477644243,0.4293934235494834,0.5706065764505166,0.2,False
2020-08-26,100325.66018619934,0,0,0.0,0.0,-0.0004524535657841997,0.003161536052157795,0.43119751944796353,0.5688024805520364,0.2,False
2020-08-27,100325.66018619934,0,0,0.0,0.0,-0.0004018722947404911,0.003160773932937044,0.43178786594602514,0.5682121340539749,0.2,False
2020-08-28,100325.66018619934,0,0,0.0,0.0,-0.00015710292337468254,0.003159625891562744,0.4319862063036646,0.5680137936963354,0.2,False
2020-08-31,100325.66018619934,0,0,0.0,0.0,9.68072965831441e-07,0.002811030889704829,0.4332144902085424,0.5667855097914576,0.2,False
2020-09-01,100325.66018619934,0,0,0.0,0.0,-0.00038702663709436745,0.003160065787857867,0.43368360091308794,0.566316399086912,0.2,False
2020-09-02,100325.66018619934,0,0,0.0,0.0,0.00032911758260815966,0.002794573455028872,0.43106076687467876,0.5689392331253212,0.2,False
2020-09-03,100325.66018619934,0,0,0.0,0.0,-2.692463934224765e-05,0.003176594141477994,0.43066059332982193,0.569339406670178,0.2,False
2020-09-04,100325.66018619934,0,0,0.0,0.0,-0.0002649003634432021,0.0031868529280543374,0.43019848047906284,0.5698015195209372,0.2,False
2020-09-08,100325.66018619934,0,0,0.0,0.0,0.0004327369665517671,0.0028559443336373443,0.43803714752132744,0.5619628524786726,0.2,False
2020-09-09,100325.66018619934,0,0,0.0,0.0,0.00021389093873249972,0.0028567822934641635,0.44490037240649655,0.5550996275935034,0.2,False
2020-09-10,100325.66018619934,0,0,0.0,0.0,-0.00031219065231824044,0.0031690621837460633,0.443390359107074,0.556609640892926,0.2,False
2020-09-11,100325.66018619934,0,0,0.0,0.0,5.9171677627847734e-05,0.00286234637187443,0.44210357547340867,0.5578964245265914,0.2,False
2020-09-14,100325.66018619934,0,0,0.0,0.0,3.7369820074378204e-05,0.002855123600478918,0.4423407124788283,0.5576592875211717,0.2,False
2020-09-15,100325.66018619934,0,0,0.0,0.0,0.0003536300177592515,0.002849025526526369,0.4418676984634451,0.5581323015365549,0.2,False
2020-09-16,100325.66018619934,0,0,0.0,0.0,0.000858060409912657,0.002856868372308478,0.44319612088303706,0.5568038791169629,0.2,False
2020-09-17,100325.66018619934,0,0,0.0,0.0,0.0005095075587978575,0.002858227481215335,0.4428280051022897,0.5571719948977103,0.2,False
2020-09-18,100325.66018619934,0,0,0.0,0.0,0.0003160443714682878,0.002866968233739038,0.4424394413184023,0.5575605586815977,0.2,False
2020-09-21,100325.66018619934,0,0,0.0,0.0,3.310294184736516e-05,0.00288283555228091,0.4420286111654542,0.5579713888345458,0.2,False
2020-09-22,100325.66018619934,0,0,0.0,0.0,-1.681327099623057e-05,0.003176488014321561,0.4429980812608072,0.5570019187391928,0.2,False
2020-09-23,100325.66018619934,0,0,0.0,0.0,0.0004701943903653342,0.002912767523260213,0.45024260756924595,0.549757392430754,0.2,False
2020-09-24,100325.66018619934,0,0,0.0,0.0,9.648523614038914e-05,0.002918633827710743,0.45258740807928505,0.5474125919207149,0.2,False
2020-09-25,100325.66018619934,0,0,0.0,0.0,0.0006373685017221746,0.002901266699081866,0.4502367849786063,0.5497632150213937,0.2,False
2020-09-28,100325.66018619934,0,0,0.0,0.0,0.00040719245563937564,0.0028983137995119653,0.45200808140223386,0.5479919185977662,0.2,False
2020-09-29,100325.66018619934,0,0,0.0,0.0,0.000112541051175843,0.002902136877635748,0.4514511317282886,0.5485488682717115,0.2,False
2020-09-30,100325.66018619934,0,0,0.0,0.0,-0.0002105760998166642,0.0031632254793462896,0.45078386175976104,0.549216138240239,0.2,False
2020-10-01,100325.66018619934,0,0,0.0,0.0,-9.135696024023793e-05,0.003158107839422066,0.4503752113667002,0.5496247886332998,0.2,False
2020-10-02,100325.66018619934,0,0,0.0,0.0,-0.00011316843567436706,0.0031581925035858516,0.45029887160108467,0.5497011283989153,0.2,False
2020-10-05,100325.66018619934,0,0,0.0,0.0,-7.703870630098203e-05,0.0031382470237035403,0.45212414855820693,0.5478758514417931,0.2,False
2020-10-06,100325.66018619934,0,0,0.0,0.0,0.00010485375818145506,0.0029064746533277483,0.4553614676027803,0.5446385323972197,0.2,False
2020-10-07,100325.66018619934,0,0,0.0,0.0,0.00034835864916111045,0.0028919776247526632,0.45510947258341616,0.5448905274165838,0.2,False
2020-10-08,100325.66018619934,0,0,0.0,0.0,0.0003399713056814842,0.0028830594811749435,0.456175588526011,0.543824411473989,0.2,False
2020-10-09,100325.66018619934,0,0,0.0,0.0,0.0004020967979761374,0.002878278522419807,0.45631280144978364,0.5436871985502163,0.2,False
2020-10-12,100325.66018619934,0,0,0.0,0.0,0.000613613288577774,0.0028740612237610447,0.45596865452447355,0.5440313454755265,0.2,False
2020-10-13,100325.66018619934,0,0,0.0,0.0,0.0006664717893283883,0.002882436016835844,0.45679033413170333,0.5432096658682967,0.2,False
2020-10-14,100325.66018619934,0,0,0.0,0.0,0.0007614464872301899,0.0028850250931067556,0.4571941351639855,0.5428058648360146,0.2,False
2020-10-15,100325.66018619934,0,0,0.0,0.0,0.000827994826790367,0.0028874938239999356,0.4574731299273228,0.5425268700726772,0.2,False
2020-10-16,100325.66018619934,0,0,0.0,0.0,0.0009610965932683912,0.0028902219723655033,0.4577425676355899,0.54225743236441,0.2,False
2020-10-19,100325.66018619934,0,0,0.0,0.0,0.0010086423233978074,0.0029006863444794332,0.4586627460038477,0.5413372539961523,0.2,False
2020-10-20,100325.66018619934,0,0,0.0,0.0,0.0007094390760665846,0.0028983298747850992,0.4589994687892202,0.5410005312107797,0.2,False
2020-10-21,100325.66018619934,0,0,0.0,0.0,0.0009383719030573121,0.0029026846410977144,0.45956395807933514,0.5404360419206649,0.2,False
2020-10-22,100325.66018619934,0,0,0.0,0.0,0.001273881233432801,0.0028965313782581673,0.45875930058951037,0.5412406994104897,0.2,False
2020-10-23,100325.66018619934,0,0,0.0,0.0,0.0015389353998301598,0.002890356529690998,0.4580618498642894,0.5419381501357106,0.2,False
2020-10-26,100325.66018619934,0,0,0.0,0.0,0.0017692938065170854,0.0029171749768169175,0.462386312817226,0.537613687182774,0.2,False
2020-10-27,100325.66018619934,0,0,0.0,0.0,0.0011263077595920817,0.002916542917934215,0.4606028932717908,0.5393971067282092,0.2,False
2020-10-28,100325.66018619934,0,0,0.0,0.0,0.0018167403842503356,0.002990297235363118,0.4768083717731702,0.5231916282268299,0.2,False
2020-10-29,100325.66018619934,0,0,0.0,0.0,0.0018240237817806059,0.0029984737786600316,0.48031168418521897,0.519688315814781,0.2,False
2020-10-30,100325.66018619934,0,0,0.0,0.0,0.0018707765864066728,0.003004335324714782,0.4810637081540048,0.5189362918459952,0.2,False
2020-11-02,100325.66018619934,0,0,0.0,0.0,0.0012118322783580648,0.003007784184404533,0.48463014886422967,0.5153698511357703,0.2,False
2020-11-03,100325.66018619934,0,0,0.0,0.0,0.0019724296828288403,0.002963586221678802,0.47805698163799043,0.5219430183620095,0.2,False
2020-11-04,100325.66018619934,0,0,0.0,0.0,0.0015867795288698405,0.00296034491567931,0.47723622565343016,0.5227637743465698,0.2,False
2020-11-05,100325.66018619934,0,0,0.0,0.0,0.0022975112859568918,0.0029240452975186466,0.4726009075128103,0.5273990924871896,0.2,False
2020-11-06,100325.66018619934,0,0,0.0,0.0,0.0024583490335342868,0.002919830080363379,0.4716948586993047,0.5283051413006953,0.2,False
2020-11-09,100325.66018619934,0,0,0.0,0.0,0.004625734633584556,0.00365855701121663,0.4558461589565618,0.5441538410434382,0.05,False
2020-11-10,100319.51744476391,-103,95,5016.490077972412,478.3099365234375,0.0033418853629609614,0.003660565706768721,0.4532698835292704,0.5467301164707297,0.05,False
2020-11-11,100307.24459471842,-103,95,5066.3900718688965,466.4100875854492,0.003849677805860033,0.0036504896698149295,0.45174736810352484,0.5482526318964751,0.05,False
2020-11-12,100305.47640606324,-103,95,4978.479948043823,465.0199794769287,0.003398885514377448,0.0036431330813104196,0.4514591044115177,0.5485408955884823,0.05,False
2020-11-13,100289.565489241,-103,95,5020.620141983032,449.4800319671631,0.0039516387499786655,0.0036521958066202276,0.45024837947739293,0.5497516205226071,0.05,False
2020-11-16,100303.84822895062,-103,95,5104.009996414185,464.88990211486816,0.003541244833458781,0.0036570156924667905,0.4534777676142789,0.5465222323857211,0.05,False
2020-11-17,100312.64715678093,-103,95,5121.4300174713135,474.0701274871826,0.0031328169873010435,0.003666136233441688,0.4542508024622675,0.5457491975377324,0.05,False
2020-11-18,100301.5751185189,-103,95,5116.920095443726,463.3800640106201,0.003340774997299326,0.0036536540748192308,0.45478125189477314,0.5452187481052269,0.05,False
2020-11-19,100295.08252644737,-103,95,5145.830001831055,457.2699546813965,0.0034737490647483234,0.0036633609073993337,0.45470808411701874,0.5452919158829812,0.05,False
2020-11-20,100302.92736897615,-103,95,5162.300001144409,465.5001583099365,0.0031060661734262376,0.0036565235293910345,0.45477839429117417,0.5452216057088258,0.05,False
2020-11-23,100318.78909990893,-103,95,5181.379894256592,482.52000427246094,0.0025331840713562906,0.002822487139857327,0.45504036037870466,0.5449596396212953,0.2,False
2020-11-24,100299.71298345253,0,0,0.0,0.0,0.0031711492715639396,0.003654996379216022,0.45218740298016596,0.547812597019834,0.05,False
2020-11-25,100299.71298345253,0,0,0.0,0.0,0.0029367236632176622,0.003651400806305476,0.4514705417855879,0.5485294582144121,0.05,False
2020-11-27,100299.71298345253,0,0,0.0,0.0,0.002174381819670784,0.0027911454199602316,0.4498764683976326,0.5501235316023674,0.2,False
2020-11-30,100299.71298345253,0,0,0.0,0.0,0.0007813839917382402,0.0027735689784341776,0.43966129764328526,0.5603387023567148,0.2,False
2020-12-01,100299.71298345253,0,0,0.0,0.0,0.001429614305037431,0.0027462351832346224,0.43333962758252886,0.5666603724174711,0.2,False
2020-12-02,100299.71298345253,0,0,0.0,0.0,0.0012234861139705081,0.00273830177557422,0.4324825718838993,0.5675174281161006,0.2,False
2020-12-03,100299.71298345253,0,0,0.0,0.0,0.0010767140657670755,0.00273634501423235,0.43271371883041193,0.567286281169588,0.2,False
2020-12-04,100299.71298345253,0,0,0.0,0.0,0.0006829256250444473,0.00273843401311884,0.4361963033974507,0.5638036966025493,0.2,False
2020-12-07,100299.71298345253,0,0,0.0,0.0,0.0004834124056560577,0.002738804096714401,0.43653052069596493,0.5634694793040351,0.2,False
2020-12-08,100299.71298345253,0,0,0.0,0.0,0.000743854388552125,0.0027349610935229946,0.43635118924751526,0.5636488107524847,0.2,False
2020-12-09,100299.71298345253,0,0,0.0,0.0,0.00097208723814358,0.002736269550393371,0.437069864187978,0.562930135812022,0.2,False
2020-12-10,100299.71298345253,0,0,0.0,0.0,0.0008756167277019931,0.0027342476371483527,0.4377126848028094,0.5622873151971906,0.2,False
2020-12-11,100299.71298345253,0,0,0.0,0.0,0.0008784740637716968,0.002739909247051699,0.43864335644024915,0.5613566435597508,0.2,False
2020-12-14,100299.71298345253,0,0,0.0,0.0,0.0014937240832731836,0.0027595669897025753,0.4419232934860656,0.5580767065139344,0.2,False
2020-12-15,100299.71298345253,0,0,0.0,0.0,0.0014941812784758004,0.0027555124441706754,0.4435909110882469,0.5564090889117531,0.2,False
2020-12-16,100299.71298345253,0,0,0.0,0.0,0.0016534065920435835,0.0027552674323751613,0.44423458590805226,0.5557654140919477,0.2,False
2020-12-17,100299.71298345253,0,0,0.0,0.0,0.0019912043797274464,0.0027450980677259556,0.44289463749619523,0.5571053625038047,0.2,False
2020-12-18,100299.71298345253,0,0,0.0,0.0,0.001829192648611517,0.002754537706707834,0.443671123287051,0.5563288767129491,0.2,False
2020-12-21,100299.71298345253,0,0,0.0,0.0,0.0017218454674425047,0.0027634566052062493,0.4443610928385103,0.5556389071614898,0.2,False
2020-12-22,100299.71298345253,0,0,0.0,0.0,0.0013904096297907838,0.00276273354383748,0.4431579639571042,0.5568420360428958,0.2,False
2020-12-23,100299.71298345253,0,0,0.0,0.0,0.001643688855011949,0.0027519155511217842,0.441950860797654,0.558049139202346,0.2,False
2020-12-24,100299.71298345253,0,0,0.0,0.0,0.0013826662365985698,0.0027511358577042753,0.4417359388524018,0.5582640611475982,0.2,False
2020-12-28,100299.71298345253,0,0,0.0,0.0,0.0019491957937414434,0.002757859209074687,0.44386236431101683,0.5561376356889831,0.2,False
2020-12-29,100299.71298345253,0,0,0.0,0.0,0.0015440859251573402,0.002755782426872644,0.44326546860792676,0.5567345313920733,0.2,False
2020-12-30,100299.71298345253,0,0,0.0,0.0,0.0015840452692125143,0.002751682397652457,0.4431118344070116,0.5568881655929885,0.2,False
2020-12-31,100299.71298345253,0,0,0.0,0.0,0.0015717806459037446,0.00276059505973836,0.4441792251878263,0.5558207748121737,0.2,False
2021-01-04,100299.71298345253,0,0,0.0,0.0,0.0016572013474353989,0.0027583197956738627,0.4444811467755393,0.5555188532244607,0.2,False
2021-01-05,100299.71298345253,0,0,0.0,0.0,0.0013788520465017806,0.002767013490174522,0.4518770550753378,0.5481229449246622,0.2,False
2021-01-06,100299.71298345253,0,0,0.0,0.0,0.0015944928689460456,0.0027603575126738784,0.4523512113493545,0.5476487886506455,0.2,False
2021-01-07,100299.71298345253,0,0,0.0,0.0,0.0009776470704777548,0.002761520095744109,0.45440627845617726,0.5455937215438227,0.2,False
2021-01-08,100299.71298345253,0,0,0.0,0.0,0.0012879441308876595,0.0027625158842934784,0.4552295317328512,0.5447704682671488,0.2,False
2021-01-11,100299.71298345253,0,0,0.0,0.0,0.0008775650537677836,0.00276312815008536,0.4518230983149306,0.5481769016850694,0.2,False
2021-01-12,100299.71298345253,0,0,0.0,0.0,0.0008203890773874112,0.0027583676153115607,0.4516215832083247,0.5483784167916753,0.2,False
2021-01-13,100299.71298345253,0,0,0.0,0.0,0.0006782073473277062,0.0027586463385709235,0.4511559404771759,0.5488440595228241,0.2,False
2021-01-14,100299.71298345253,0,0,0.0,0.0,0.0009372526524295595,0.0027479271291386796,0.449573980135427,0.550426019864573,0.2,False
2021-01-15,100299.71298345253,0,0,0.0,0.0,0.0007630317321933754,0.0027562239754800088,0.44954117473849864,0.5504588252615014,0.2,False
2021-01-19,100299.71298345253,0,0,0.0,0.0,0.0008892647592129492,0.0027517516124781435,0.4493304322997668,0.5506695677002331,0.2,False
2021-01-20,100299.71298345253,0,0,0.0,0.0,0.001332039360131759,0.002732837914588615,0.44530242553022287,0.5546975744697771,0.2,False
2021-01-21,100299.71298345253,0,0,0.0,0.0,0.0016377022448699444,0.0027338969222694483,0.44586528999376346,0.5541347100062366,0.2,False
2021-01-22,100299.71298345253,0,0,0.0,0.0,0.0018575009914879015,0.002758474678148167,0.452074878135533,0.547925121864467,0.2,False
2021-01-25,100299.71298345253,0,0,0.0,0.0,0.0018803100681522994,0.0027609938515052493,0.4533285006902259,0.5466714993097741,0.2,False
2021-01-26,100299.71298345253,0,0,0.0,0.0,0.0020309887069006735,0.0027628571126298517,0.4544670461912549,0.5455329538087451,0.2,False
2021-01-27,100299.71298345253,0,0,0.0,0.0,0.0018320318865827066,0.0027999618536726414,0.4599310891178561,0.5400689108821439,0.2,False
2021-01-28,100299.71298345253,0,0,0.0,0.0,0.0015486620543339752,0.002803887546522374,0.46427106687402814,0.5357289331259718,0.2,False
2021-01-29,100299.71298345253,0,0,0.0,0.0,0.0008108057438427621,0.0027922870023145327,0.4538025931654184,0.5461974068345816,0.2,False
2021-02-01,100299.71298345253,0,0,0.0,0.0,0.0010894756846956395,0.002771581981730891,0.4497889409023053,0.5502110590976947,0.2,False
2021-02-02,100299.71298345253,0,0,0.0,0.0,0.0008064609396878266,0.002774967430584183,0.454861071574656,0.5451389284253441,0.2,False
2021-02-03,100299.71298345253,0,0,0.0,0.0,0.0008096123427992392,0.0027748198430092683,0.45592091606927115,0.5440790839307288,0.2,False
2021-02-04,100299.71298345253,0,0,0.0,0.0,0.0005659785920677274,0.0027747969719538433,0.45620847858314456,0.5437915214168554,0.2,False
2021-02-05,100299.71298345253,0,0,0.0,0.0,0.0005745209291731403,0.0027683040198167226,0.4568778736246495,0.5431221263753505,0.2,False
2021-02-08,100299.71298345253,0,0,0.0,0.0,0.0002521968939791234,0.0027717509863869703,0.4602719442027728,0.5397280557972273,0.2,False
2021-02-09,100299.71298345253,0,0,0.0,0.0,-0.0001716101348414696,0.0029757576375721052,0.46137931703453033,0.5386206829654696,0.2,False
2021-02-10,100299.71298345253,0,0,0.0,0.0,-0.0004256463163427749,0.0029749158432680464,0.4612293611473511,0.538770638852649,0.2,False
2021-02-11,100299.71298345253,0,0,0.0,0.0,-9.532442994960521e-05,0.00297491577447031,0.46046374487860553,0.5395362551213945,0.2,False
2021-02-12,100299.71298345253,0,0,0.0,0.0,-0.00019615820693451853,0.0029743250493894278,0.4603038259925207,0.5396961740074793,0.2,False
2021-02-16,100299.71298345253,0,0,0.0,0.0,-2.7124020053065128e-05,0.0029726998271476803,0.45956007920685743,0.5404399207931425,0.2,False
2021-02-17,100299.71298345253,0,0,0.0,0.0,4.545974140106614e-05,0.0027686304085676595,0.461056613878627,0.538943386121373,0.2,False
2021-02-18,100299.71298345253,0,0,0.0,0.0,0.0003506429304171862,0.0027684833697134946,0.4619934689174693,0.5380065310825307,0.2,False
2021-02-19,100299.71298345253,0,0,0.0,0.0,-0.00021501671540801115,0.00296042397244042,0.4646690377160947,0.5353309622839053,0.2,False
2021-02-22,100299.71298345253,0,0,0.0,0.0,-0.00017392497079284688,0.002955548355333276,0.4651445455212127,0.5348554544787874,0.2,False
2021-02-23,100299.71298345253,0,0,0.0,0.0,0.0004613022692032111,0.002766773266669782,0.46388699575299885,0.5361130042470011,0.2,False
2021-02-24,100299.71298345253,0,0,0.0,0.0,-5.404622382768524e-05,0.0029334362286384977,0.4698623093046212,0.5301376906953787,0.2,False
2021-02-25,100299.71298345253,0,0,0.0,0.0,-0.00015691201619469808,0.0029405490520623473,0.47375920123925985,0.5262407987607401,0.2,False
2021-02-26,100299.71298345253,0,0,0.0,0.0,-0.0006474910014941676,0.002970563610134213,0.46848279253337527,0.5315172074666248,0.2,False
2021-03-01,100299.71298345253,0,0,0.0,0.0,0.00011029543376597641,0.0027521422580053267,0.4567433399762974,0.5432566600237025,0.2,False
2021-03-02,100299.71298345253,0,0,0.0,0.0,-0.0008596989846902473,0.0029778213766085797,0.4560089868347963,0.5439910131652037,0.2,False
2021-03-03,100299.71298345253,0,0,0.0,0.0,-0.0007630588748587256,0.0029804409587109713,0.45715777914619743,0.5428422208538026,0.2,False
2021-03-04,100299.71298345253,0,0,0.0,0.0,-0.0004910326039577115,0.002977640512178638,0.4600049438009161,0.5399950561990838,0.2,False
2021-03-05,100299.71298345253,0,0,0.0,0.0,-0.0011832595947358314,0.0029611907763372513,0.4646054944262574,0.5353945055737426,0.2,False
2021-03-08,100299.71298345253,0,0,0.0,0.0,-0.002175901262491279,0.0029674362974835534,0.4634555465110821,0.5365444534889179,0.2,False
2021-03-09,100299.71298345253,0,0,0.0,0.0,-0.002015856396890369,0.0029603129505771835,0.4626240511821102,0.5373759488178897,0.2,False
2021-03-10,100299.71298345253,0,0,0.0,0.0,-0.00323571427861941,0.003880336394028988,0.4611676637123077,0.5388323362876923,0.05,False
2021-03-11,100299.71298345253,0,0,0.0,0.0,-0.0038546119180063293,0.0038716818194909864,0.4655925257659118,0.5344074742340882,0.05,False
2021-03-12,100299.71298345253,0,0,0.0,0.0,-0.004306180858366387,0.0038607948512809514,0.4665020670403347,0.5334979329596653,0.05,False
2021-03-15,100293.54572545104,93,-77,5017.359994888306,-326.4401226043701,-0.004372390032507755,0.0038702247095493995,0.4670062331613823,0.5329937668386178,0.05,False
2021-03-16,100293.23654249607,93,-77,5009.790145874023,-326.3100891113281,-0.004187358223217734,0.003857598074580274,0.46746179062389737,0.5325382093761026,0.05,False
2021-03-17,100275.11811119784,93,-77,5036.76985168457,-343.9899368286133,-0.0044955591186695175,0.003855737784890034,0.46853504746063185,0.5314649525393682,0.05,False
2021-03-18,100276.10592593838,93,-77,4953.500038146973,-342.5598678588867,-0.004322891651007636,0.0038510937663696868,0.4710756456765072,0.5289243543234927,0.05,False
2021-03-19,100264.67041209093,93,-77,4944.040145874023,-353.5600891113281,-0.004431409564389984,0.0038572977769214577,0.47113461871184353,0.5288653812881565,0.05,False
2021-03-22,100292.42417113081,93,-77,4948.460186004639,-324.5000724792485,-0.0034296669315131974,0.0038479482816041466,0.47106250882142536,0.5289374911785747,0.05,False
2021-03-23,100292.42073166577,93,-77,4890.369976043701,-324.07011795043945,-0.003363547932740915,0.003850548471283199,0.4721420419847908,0.5278579580152092,0.05,False
2021-03-24,100291.06230364587,93,-77,4889.440132141113,-324.99996185302734,-0.00327783019387523,0.0038511229140557684,0.47242381962348307,0.5275761803765169,0.05,False
2021-03-25,100304.39353283728,93,-77,4892.419992446899,-311.2401485443115,-0.0028392950462786167,0.002944288894745558,0.4724601887661822,0.5275398112338179,0.2,False
2021-03-26,100317.6159945793,93,-77,4956.889846801758,-297.5899887084961,-0.0023647125145755893,0.0029464008231624597,0.4675239068314594,0.5324760931685406,0.2,False
2021-03-29,100304.59432078169,0,0,0.0,0.0,-0.002475852583626604,0.002952101549300393,0.4662009035480723,0.5337990964519277,0.2,False
2021-03-30,100304.59432078169,0,0,0.0,0.0,-0.002671806560178912,0.002958186251130153,0.46490437620620756,0.5350956237937925,0.2,False
2021-03-31,100304.59432078169,0,0,0.0,0.0,-0.002694764239247172,0.002956604540221586,0.4647435896969683,0.5352564103030317,0.2,False
2021-04-01,100304.59432078169,0,0,0.0,0.0,-0.0002487589631049143,0.0029360710886425835,0.46883052101087447,0.5311694789891255,0.2,False
2021-04-05,100304.59432078169,0,0,0.0,0.0,-0.00018982392638307018,0.002939974879318613,0.4647811700666452,0.5352188299333548,0.2,False
2021-04-06,100304.59432078169,0,0,0.0,0.0,-0.0002241384738457113,0.002953090985506179,0.46125437676572806,0.538745623234272,0.2,False
2021-04-07,100304.59432078169,0,0,0.0,0.0,-0.00020426396303738193,0.0029520600928388215,0.4605103790734929,0.5394896209265071,0.2,False
2021-04-08,100304.59432078169,0,0,0.0,0.0,-0.00020374494478262185,0.0029488638600407534,0.460690864264945,0.539309135735055,0.2,False
2021-04-09,100304.59432078169,0,0,0.0,0.0,-0.00020624599967702988,0.0029463273120945454,0.4607771577426952,0.5392228422573049,0.2,False
2021-04-12,100304.59432078169,0,0,0.0,0.0,-0.0001985333152735108,0.0029486359030381376,0.46142709525774167,0.5385729047422583,0.2,False
2021-04-13,100304.59432078169,0,0,0.0,0.0,-0.00019069242813300885,0.0029452810583398535,0.461381414889507,0.538618585110493,0.2,False
2021-04-14,100304.59432078169,0,0,0.0,0.0,-0.00014891910779591053,0.0029444724451513026,0.45995152938988026,0.5400484706101197,0.2,False
2021-04-15,100304.59432078169,0,0,0.0,0.0,-8.855615257058782e-05,0.0029568227965497025,0.4511922859205079,0.548807714079492,0.2,False
2021-04-16,100304.59432078169,0,0,0.0,0.0,-9.271687445562584e-05,0.0029618393405559033,0.4493304481152919,0.5506695518847081,0.2,False
2021-04-19,100304.59432078169,0,0,0.0,0.0,-7.934759051487226e-05,0.0029610734529872964,0.4514544124498152,0.5485455875501848,0.2,False
2021-04-20,100304.59432078169,0,0,0.0,0.0,-8.161200454134659e-05,0.002961067192926994,0.45616466094839936,0.5438353390516006,0.2,False
2021-04-21,100304.59432078169,0,0,0.0,0.0,-7.422316715525955e-05,0.0029438061350939523,0.4586054878493463,0.5413945121506537,0.2,False
2021-04-22,100304.59432078169,0,0,0.0,0.0,-7.272114249310841e-05,0.0029468952593237835,0.45982770530773265,0.5401722946922674,0.2,False
2021-04-23,100304.59432078169,0,0,0.0,0.0,-4.217680349116717e-05,0.002945293571370455,0.4575768045364153,0.5424231954635848,0.2,False
2021-04-26,100304.59432078169,0,0,0.0,0.0,-6.496366105693132e-05,0.0029354008380679236,0.45967760777176886,0.5403223922282312,0.2,False
2021-04-27,100304.59432078169,0,0,0.0,0.0,-9.611585785989081e-05,0.0029394463378696932,0.45847207181879385,0.5415279281812062,0.2,False
2021-04-28,100304.59432078169,0,0,0.0,0.0,-0.0001336056374923701,0.0029147194071411377,0.4656001055557047,0.5343998944442954,0.2,False
2021-04-29,100304.59432078169,0,0,0.0,0.0,-0.00014932958340719172,0.002914050431937825,0.4661103615438738,0.5338896384561262,0.2,False
2021-04-30,100304.59432078169,0,0,0.0,0.0,-0.00017333169503639596,0.0029322580408194074,0.4627388356976331,0.5372611643023669,0.2,False
2021-05-03,100304.59432078169,0,0,0.0,0.0,-0.0009066760408612207,0.002937057215508187,0.45841452105315694,0.5415854789468431,0.2,False
2021-05-04,100304.59432078169,0,0,0.0,0.0,-0.001017700759137877,0.00294462184595808,0.456455957975221,0.543544042024779,0.2,False
2021-05-05,100304.59432078169,0,0,0.0,0.0,-0.0008557733508624134,0.0029425069735902615,0.4538443253897384,0.5461556746102616,0.2,False
2021-05-06,100304.59432078169,0,0,0.0,0.0,-0.00105743397316261,0.0029376615911809066,0.45496545446397946,0.5450345455360206,0.2,False
2021-05-07,100304.59432078169,0,0,0.0,0.0,-0.0010424793132234665,0.002927704253206495,0.45608247799622015,0.5439175220037799,0.2,False
2021-05-10,100304.59432078169,0,0,0.0,0.0,-0.000928955089563729,0.0029252419732618473,0.45651037111586806,0.543489628884132,0.2,False
2021-05-11,100304.59432078169,0,0,0.0,0.0,-0.0009788967345804693,0.0029303143791057536,0.45636709281774857,0.5436329071822514,0.2,False
2021-05-12,100304.59432078169,0,0,0.0,0.0,-0.0011653339269173276,0.0029485187615984503,0.4525045357081286,0.5474954642918715,0.2,False
2021-05-13,100304.59432078169,0,0,0.0,0.0,-0.0010614844415418015,0.0029503283868969055,0.4513777282546206,0.5486222717453795,0.2,False
2021-05-14,100304.59432078169,0,0,0.0,0.0,-0.0012166337828940145,0.0029281250538484736,0.4564911977251267,0.5435088022748733,0.2,False
2021-05-17,100304.59432078169,0,0,0.0,0.0,-0.0015408963082891058,0.0029194363094132585,0.45915264205994033,0.5408473579400597,0.2,False
2021-05-18,100304.59432078169,0,0,0.0,0.0,-0.0016292978329146225,0.0029210823790585382,0.459170967379456,0.540829032620544,0.2,False
2021-05-19,100304.59432078169,0,0,0.0,0.0,-0.0017941281822860876,0.002939927703395575,0.45492764486039383,0.5450723551396062,0.2,False
2021-05-20,100304.59432078169,0,0,0.0,0.0,-0.0013811644845765822,0.002958184763316094,0.4426026244713634,0.5573973755286366,0.2,False
2021-05-21,100304.59432078169,0,0,0.0,0.0,-0.0015618513668524453,0.002972140249151275,0.43788067371147305,0.5621193262885269,0.2,False
2021-05-24,100304.59432078169,0,0,0.0,0.0,-0.0015304697621895587,0.002969158970628113,0.43722648171858797,0.562773518281412,0.2,False
2021-05-25,100304.59432078169,0,0,0.0,0.0,-0.0012012742089540737,0.0029633149923922763,0.44009324685991885,0.5599067531400812,0.2,False
2021-05-26,100304.59432078169,0,0,0.0,0.0,-0.0012782695546025345,0.0029595238787473756,0.4411257818557693,0.5588742181442308,0.2,False
2021-05-27,100304.59432078169,0,0,0.0,0.0,-0.001295193392429522,0.0029543217378037666,0.44203594853590006,0.5579640514641,0.2,False
2021-05-28,100304.59432078169,0,0,0.0,0.0,-0.001296162309691682,0.002952784692302362,0.44220603981503886,0.5577939601849611,0.2,False
2021-06-01,100304.59432078169,0,0,0.0,0.0,-0.0007294781131866938,0.002948458604642026,0.4429043333078667,0.5570956666921333,0.2,False
2021-06-02,100304.59432078169,0,0,0.0,0.0,-0.0005901552014026134,0.0029493724938938733,0.44066910236224804,0.559330897637752,0.2,False
2021-06-03,100304.59432078169,0,0,0.0,0.0,-0.0005625742295948903,0.002948194346004539,0.4424092264024656,0.5575907735975344,0.2,False
2021-06-04,100304.59432078169,0,0,0.0,0.0,-0.0003961767996667582,0.002955692129950197,0.4365987458742468,0.5634012541257531,0.2,False
2021-06-07,100304.59432078169,0,0,0.0,0.0,-0.0004153674867676234,0.0029594576804361167,0.4351878609766039,0.5648121390233961,0.2,False
2021-06-08,100304.59432078169,0,0,0.0,0.0,-0.00035666394120865893,0.0029577280073947872,0.43549319243064816,0.5645068075693518,0.2,False
2021-06-09,100304.59432078169,0,0,0.0,0.0,-0.0004210915406491373,0.002965413869074134,0.43393888598501357,0.5660611140149865,0.2,False
2021-06-10,100304.59432078169,0,0,0.0,0.0,-0.00029066409766685826,0.0029755793422864894,0.4309169744101813,0.5690830255898187,0.2,False
2021-06-11,100304.59432078169,0,0,0.0,0.0,-0.00026908671350839205,0.002975868845976225,0.4306975931153692,0.5693024068846309,0.2,False
2021-06-14,100304.59432078169,0,0,0.0,0.0,-0.0002955915120659747,0.0029750393368106077,0.4310223357710719,0.5689776642289281,0.2,False
2021-06-15,100304.59432078169,0,0,0.0,0.0,-0.00032028848404681165,0.0029766187306050486,0.43083756710733717,0.5691624328926628,0.2,False
2021-06-16,100304.59432078169,0,0,0.0,0.0,-0.0002653758369216667,0.0029712876445607507,0.4341528062771926,0.5658471937228073,0.2,False
2021-06-17,100304.59432078169,0,0,0.0,0.0,-0.00020571509315457423,0.0029610915932379595,0.44079160742145673,0.5592083925785433,0.2,False
2021-06-18,100304.59432078169,0,0,0.0,0.0,-0.00038354474533034756,0.002996228420313465,0.4315049767652989,0.568495023234701,0.2,False
2021-06-21,100304.59432078169,0,0,0.0,0.0,-0.0003828984424610524,0.0029835625337962463,0.43326463075399857,0.5667353692460014,0.2,False
2021-06-22,100304.59432078169,0,0,0.0,0.0,-0.0004633790693575597,0.0029775283767954886,0.4344807856400154,0.5655192143599845,0.2,False
2021-06-23,100304.59432078169,0,0,0.0,0.0,-0.0005580365952877889,0.0029853974211965033,0.43257849644349,0.56742150355651,0.2,False
2021-06-24,100304.59432078169,0,0,0.0,0.0,-0.000435310609828045,0.0029893837428738024,0.43012878893739814,0.5698712110626019,0.2,False
2021-06-25,100304.59432078169,0,0,0.0,0.0,-0.00046178408186836535,0.0029876605537408375,0.4298102033816764,0.5701897966183236,0.2,False
2021-06-28,100304.59432078169,0,0,0.0,0.0,-0.00043652947928408286,0.0029869439427944837,0.4320991627610081,0.5679008372389919,0.2,False
2021-06-29,100304.59432078169,0,0,0.0,0.0,-0.0003612990382648196,0.0029854761064485383,0.4332136059267716,0.5667863940732284,0.2,False
2021-06-30,100304.59432078169,0,0,0.0,0.0,-0.000458450894195598,0.00299281803870228,0.431315756558535,0.568684243441465,0.2,False
2021-07-01,100304.59432078169,0,0,0.0,0.0,-0.000636666945712175,0.0029838035527142864,0.43417964548579707,0.5658203545142029,0.2,False
2021-07-02,100304.59432078169,0,0,0.0,0.0,-0.0004540800901247382,0.0029890850526558327,0.43061958075501916,0.5693804192449808,0.2,False
2021-07-06,100304.59432078169,0,0,0.0,0.0,-0.0005231534520673037,0.003001647043398871,0.428316385654327,0.5716836143456729,0.2,False
2021-07-07,100304.59432078169,0,0,0.0,0.0,-0.00027207130096341237,0.0030107509866003235,0.42341314639495164,0.5765868536050484,0.2,False
2021-07-08,100304.59432078169,0,0,0.0,0.0,-0.0002689841302239373,0.0030086992000499754,0.4280026722210425,0.5719973277789575,0.2,False
2021-07-09,100304.59432078169,0,0,0.0,0.0,-0.0002433912934107646,0.0029876386022140555,0.4330156237472869,0.5669843762527131,0.2,False
2021-07-12,100304.59432078169,0,0,0.0,0.0,-0.0002512265879730653,0.002985265449669291,0.4340304858084278,0.5659695141915722,0.2,False
2021-07-13,100304.59432078169,0,0,0.0,0.0,-0.00027836744635354344,0.0029880773150992826,0.4339613323363947,0.5660386676636053,0.2,False
2021-07-14,100304.59432078169,0,0,0.0,0.0,-0.00010182287376288533,0.002986762091224387,0.43497046554836744,0.5650295344516325,0.2,False
2021-07-15,100304.59432078169,0,0,0.0,0.0,-0.0001779101953849936,0.002994780510237468,0.43327557475821044,0.5667244252417896,0.2,False
2021-07-16,100304.59432078169,0,0,0.0,0.0,-7.667475329294983e-05,0.002985851255266666,0.4390649020054963,0.5609350979945037,0.2,False
2021-07-19,100304.59432078169,0,0,0.0,0.0,-2.198369754363836e-05,0.002970858829975154,0.45189384922787307,0.548106150772127,0.2,False
2021-07-20,100304.59432078169,0,0,0.0,0.0,-8.01239932795014e-05,0.0029392534221312065,0.4613353131211096,0.5386646868788905,0.2,False
2021-07-21,100304.59432078169,0,0,0.0,0.0,-0.00014753946144780995,0.002907069874272472,0.4703175687501269,0.5296824312498731,0.2,False
2021-07-22,100304.59432078169,0,0,0.0,0.0,-0.00014168726153555942,0.0029029051370475863,0.4721799996948141,0.5278200003051858,0.2,False
2021-07-23,100304.59432078169,0,0,0.0,0.0,-0.00011093007982283816,0.002898766807052795,0.4722807166717016,0.5277192833282984,0.2,False
2021-07-26,100304.59432078169,0,0,0.0,0.0,-6.638441285207384e-05,0.0028975671674879755,0.4722701643532202,0.5277298356467798,0.2,False
2021-07-27,100304.59432078169,0,0,0.0,0.0,-2.1666111178641003e-05,0.0028988623695232023,0.47265367358763416,0.5273463264123659,0.2,False
2021-07-28,100304.59432078169,0,0,0.0,0.0,-0.00022061647227303386,0.002894137707641064,0.47424658822116733,0.5257534117788327,0.2,False
2021-07-29,100304.59432078169,0,0,0.0,0.0,-0.00025051491141036425,0.0028823222557562865,0.4760547483896079,0.5239452516103922,0.2,False
2021-07-30,100304.59432078169,0,0,0.0,0.0,-0.00038311267486349773,0.0028933211311235225,0.4736861475503653,0.5263138524496347,0.2,False
2021-08-02,100304.59432078169,0,0,0.0,0.0,-0.00011733972960511902,0.0028963153524032953,0.47137348691581565,0.5286265130841843,0.2,False
2021-08-03,100304.59432078169,0,0,0.0,0.0,3.6851395453375975e-05,0.002735423696500789,0.46852660764477727,0.5314733923552227,0.2,False
2021-08-04,100304.59432078169,0,0,0.0,0.0,7.538194920487753e-05,0.00273729601752074,0.4682150592406389,0.5317849407593611,0.2,False
2021-08-05,100304.59432078169,0,0,0.0,0.0,0.00010071158603359449,0.0027299758690339385,0.46810782488537755,0.5318921751146224,0.2,False
2021-08-06,100304.59432078169,0,0,0.0,0.0,8.035678902838375e-05,0.0027308811775477154,0.4681111581111628,0.5318888418888372,0.2,False
2021-08-09,100304.59432078169,0,0,0.0,0.0,8.321567178647181e-05,0.002732216942932843,0.46814972757274315,0.5318502724272569,0.2,False
2021-08-10,100304.59432078169,0,0,0.0,0.0,6.649595967858987e-05,0.002730488049807963,0.46911701552905855,0.5308829844709415,0.2,False
2021-08-11,100304.59432078169,0,0,0.0,0.0,7.786489106597037e-05,0.002730282787037693,0.4695091338176517,0.5304908661823483,0.2,False
2021-08-12,100304.59432078169,0,0,0.0,0.0,7.390074426669369e-05,0.002730780681625302,0.4695046843191698,0.5304953156808302,0.2,False
2021-08-13,100304.59432078169,0,0,0.0,0.0,0.0002548730901559932,0.0027231872586149365,0.46778488366617693,0.5322151163338231,0.2,False
2021-08-16,100304.59432078169,0,0,0.0,0.0,0.00016923279498604353,0.0027197426741817415,0.46441726089626606,0.535582739103734,0.2,False
2021-08-17,100304.59432078169,0,0,0.0,0.0,-0.0001412139554618858,0.002960625909753519,0.44695914975719403,0.5530408502428059,0.2,False
2021-08-18,100304.59432078169,0,0,0.0,0.0,-0.00017193344605772817,0.0029738945299637273,0.4433220281784875,0.5566779718215125,0.2,False
2021-08-19,100304.59432078169,0,0,0.0,0.0,0.00011143087885972482,0.00272609245360446,0.45760166712637923,0.5423983328736208,0.2,False
2021-08-20,100304.59432078169,0,0,0.0,0.0,-1.0978482340634277e-05,0.0029312475239846873,0.4634120032371903,0.5365879967628098,0.2,False
2021-08-23,100304.59432078169,0,0,0.0,0.0,-0.00028345601343970325,0.002882499155782205,0.47965823206147506,0.5203417679385249,0.2,False
2021-08-24,100304.59432078169,0,0,0.0,0.0,-0.0002376755252965308,0.0028732476916424206,0.4820812796268807,0.5179187203731193,0.2,False
2021-08-25,100304.59432078169,0,0,0.0,0.0,-0.00018277920473267867,0.002868889514543588,0.4823015297413502,0.5176984702586498,0.2,False
2021-08-26,100304.59432078169,0,0,0.0,0.0,-5.384143260024412e-05,0.00286658208207764,0.4865323947277151,0.5134676052722849,0.2,False
2021-08-27,100304.59432078169,0,0,0.0,0.0,-5.822770078097893e-07,0.0028594773538400775,0.4859355368104577,0.5140644631895424,0.2,False
2021-08-30,100304.59432078169,0,0,0.0,0.0,5.728422741450937e-05,0.0027868689461870355,0.48599524639343344,0.5140047536065666,0.2,False
2021-08-31,100304.59432078169,0,0,0.0,0.0,0.00011235153043825259,0.00279126278935605,0.48658866245172355,0.5134113375482765,0.2,False
2021-09-01,100304.59432078169,0,0,0.0,0.0,0.00015198395878603604,0.002778761100367596,0.48444226159706616,0.5155577384029338,0.2,False
2021-09-02,100304.59432078169,0,0,0.0,0.0,8.263849208816703e-05,0.002779415311065035,0.4868930488920684,0.5131069511079316,0.2,False
2021-09-03,100304.59432078169,0,0,0.0,0.0,0.00015424069471827332,0.0027752975456602556,0.48658613634531,0.51341386365469,0.2,False
2021-09-07,100304.59432078169,0,0,0.0,0.0,0.0002958238689191154,0.002796483153601164,0.4918630726335438,0.5081369273664562,0.2,False
2021-09-08,100304.59432078169,0,0,0.0,0.0,0.0003122931999808493,0.002805818131904049,0.49343018128222327,0.5065698187177767,0.2,False
2021-09-09,100304.59432078169,0,0,0.0,0.0,6.087719119243336e-05,0.0027950773375021547,0.4894392046950613,0.5105607953049387,0.2,False
2021-09-10,100304.59432078169,0,0,0.0,0.0,6.187326196060545e-05,0.0027999282573293325,0.48881366848351754,0.5111863315164824,0.2,False
2021-09-13,100304.59432078169,0,0,0.0,0.0,0.00016791558633058712,0.0027880966807685022,0.48617817674812397,0.5138218232518761,0.2,False
2021-09-14,100304.59432078169,0,0,0.0,0.0,0.0001284865898473392,0.002787789162690341,0.48444355026640784,0.5155564497335922,0.2,False
2021-09-15,100304.59432078169,0,0,0.0,0.0,4.829871780358417e-05,0.0027914617186176956,0.488380298015376,0.511619701984624,0.2,False
2021-09-16,100304.59432078169,0,0,0.0,0.0,0.00017961410468844032,0.0028086025144086284,0.4925674612671613,0.5074325387328387,0.2,False
2021-09-17,100304.59432078169,0,0,0.0,0.0,7.335555927044006e-05,0.0028052536362097574,0.48711015168782645,0.5128898483121735,0.2,False
2021-09-20,100304.59432078169,0,0,0.0,0.0,-2.1543259133469443e-05,0.0029033775776553007,0.480110049778592,0.519889950221408,0.2,False
2021-09-21,100304.59432078169,0,0,0.0,0.0,0.00013376560003006008,0.002777206998276741,0.47421213618762764,0.5257878638123723,0.2,False
2021-09-22,100304.59432078169,0,0,0.0,0.0,1.0765004648465e-05,0.002779359391549807,0.47786964370982965,0.5221303562901703,0.2,False
2021-09-23,100304.59432078169,0,0,0.0,0.0,6.078200601206222e-05,0.002770624159025446,0.4770778599669085,0.5229221400330915,0.2,False
2021-09-24,100304.59432078169,0,0,0.0,0.0,-5.932208510049e-05,0.002901435202201135,0.4742847690318068,0.5257152309681932,0.2,False
2021-09-27,100304.59432078169,0,0,0.0,0.0,-0.00010053409024321916,0.0028972286349420507,0.4749340207294171,0.525065979270583,0.2,False
2021-09-28,100304.59432078169,0,0,0.0,0.0,-0.00029370270380054656,0.0029365714709464136,0.4648220464505377,0.5351779535494623,0.2,False
2021-09-29,100304.59432078169,0,0,0.0,0.0,-0.00022615870079754658,0.002941763820372174,0.46345851297792645,0.5365414870220735,0.2,False
2021-09-30,100304.59432078169,0,0,0.0,0.0,-8.008256533745859e-05,0.0029453141816883845,0.4614669656474253,0.5385330343525747,0.2,False
2021-10-01,100304.59432078169,0,0,0.0,0.0,-0.00019213826603297338,0.002935343395122998,0.46344043694768317,0.5365595630523168,0.2,False
2021-10-04,100304.59432078169,0,0,0.0,0.0,-8.693974858856835e-05,0.002934458893263387,0.46305006521055336,0.5369499347894466,0.2,False
2021-10-05,100304.59432078169,0,0,0.0,0.0,1.4985315477548525e-05,0.002730807184130588,0.4611804680596673,0.5388195319403327,0.2,False
2021-10-06,100304.59432078169,0,0,0.0,0.0,-0.00013406482675112154,0.0029416168780971442,0.45935819773605147,0.5406418022639485,0.2,False
2021-10-07,100304.59432078169,0,0,0.0,0.0,-0.00020672079709159474,0.0029216001277463243,0.46345696609954823,0.5365430339004518,0.2,False
2021-10-08,100304.59432078169,0,0,0.0,0.0,-0.00035386223233747243,0.002915137748990772,0.46573923845601206,0.5342607615439879,0.2,False
2021-10-11,100304.59432078169,0,0,0.0,0.0,-0.0002431537466446778,0.0029119555310071804,0.4665600816368191,0.5334399183631808,0.2,False
2021-10-12,100304.59432078169,0,0,0.0,0.0,-0.00017313196935143035,0.0029102588359337734,0.4660301717970773,0.5339698282029227,0.2,False
2021-10-13,100304.59432078169,0,0,0.0,0.0,-0.0003460905907388678,0.0028973512770779724,0.4693966370370191,0.5306033629629809,0.2,False
2021-10-14,100304.59432078169,0,0,0.0,0.0,-0.0004386364417437106,0.002879875723727518,0.4732778850659386,0.5267221149340614,0.2,False
2021-10-15,100304.59432078169,0,0,0.0,0.0,-0.0005062221624509545,0.0028734248210784577,0.47483959180728424,0.5251604081927157,0.2,False
2021-10-18,100304.59432078169,0,0,0.0,0.0,-0.0006750228504890077,0.002877059519380759,0.47407860299447235,0.5259213970055276,0.2,False
2021-10-19,100304.59432078169,0,0,0.0,0.0,-0.00044987025416581535,0.002881075730790301,0.4693903546725574,0.5306096453274426,0.2,False
2021-10-20,100304.59432078169,0,0,0.0,0.0,-0.00040372057267278196,0.002879632488983117,0.46797701680281106,0.532022983197189,0.2,False
2021-10-21,100304.59432078169,0,0,0.0,0.0,-0.0005356653375958675,0.0028900261168336447,0.4654999319938723,0.5345000680061277,0.2,False
2021-10-22,100304.59432078169,0,0,0.0,0.0,-0.00037354499928000907,0.002889862775476629,0.46405369259838547,0.5359463074016145,0.2,False
2021-10-25,100304.59432078169,0,0,0.0,0.0,-0.00021954860148534202,0.002889796775185339,0.46286636566528855,0.5371336343347115,0.2,False
2021-10-26,100304.59432078169,0,0,0.0,0.0,-2.3720407771458154e-05,0.002886187511392925,0.46620055901278273,0.5337994409872173,0.2,False
2021-10-27,100304.59432078169,0,0,0.0,0.0,0.0001389579224710969,0.0027235228914345424,0.47034199698644263,0.5296580030135574,0.2,False
2021-10-28,100304.59432078169,0,0,0.0,0.0,8.864886850292093e-06,0.0027330951725696344,0.47649616415100254,0.5235038358489974,0.2,False
2021-10-29,100304.59432078169,0,0,0.0,0.0,-8.089313993571982e-05,0.0028662614253039806,0.47543249855004505,0.5245675014499549,0.2,False
2021-11-01,100304.59432078169,0,0,0.0,0.0,-0.00035317138409756544,0.0028536188316903395,0.4795659377903152,0.5204340622096848,0.2,False
2021-11-02,100304.59432078169,0,0,0.0,0.0,-0.00040882359397332625,0.002859939655116283,0.4789888678846606,0.5210111321153394,0.2,False
2021-11-03,100304.59432078169,0,0,0.0,0.0,-0.0003782836223412791,0.0028592384757288617,0.4784332653494171,0.5215667346505829,0.2,False
2021-11-04,100304.59432078169,0,0,0.0,0.0,-0.00037137573592087585,0.002861617917632836,0.47853482545936427,0.5214651745406358,0.2,False
2021-11-05,100304.59432078169,0,0,0.0,0.0,-0.00031195721896044404,0.0028591199293929318,0.477562047730213,0.5224379522697871,0.2,False
2021-11-08,100304.59432078169,0,0,0.0,0.0,-0.000380227193132248,0.002854468174471128,0.47787465852536337,0.5221253414746366,0.2,False
2021-11-09,100304.59432078169,0,0,0.0,0.0,-0.0005560451587922903,0.0028662005307436875,0.47541167445711313,0.5245883255428869,0.2,False
2021-11-10,100304.59432078169,0,0,0.0,0.0,-0.0005754087606929931,0.0028727369432625,0.4746217748217089,0.525378225178291,0.2,False
2021-11-11,100304.59432078169,0,0,0.0,0.0,-0.0006444432204393233,0.002877605666603272,0.47377413777817245,0.5262258622218275,0.2,False
2021-11-12,100304.59432078169,0,0,0.0,0.0,-0.0007404563300483596,0.002860162455586003,0.47780383389587205,0.5221961661041279,0.2,False
2021-11-15,100304.59432078169,0,0,0.0,0.0,-0.0006101846284990029,0.0028569994385045554,0.4793095945104457,0.5206904054895543,0.2,False
2021-11-16,100304.59432078169,0,0,0.0,0.0,-0.0006534137877908519,0.002860924479221319,0.4787603300792096,0.5212396699207904,0.2,False
2021-11-17,100304.59432078169,0,0,0.0,0.0,-0.0007933379129020058,0.0028853032385065887,0.471955708149192,0.5280442918508079,0.2,False
2021-11-18,100304.59432078169,0,0,0.0,0.0,-0.0007758671629938994,0.0028869471933466663,0.4706089084457675,0.5293910915542325,0.2,False
2021-11-19,100304.59432078169,0,0,0.0,0.0,-0.0006834099550866792,0.002886706082345364,0.47351788537770156,0.5264821146222984,0.2,False
2021-11-22,100304.59432078169,0,0,0.0,0.0,-0.0004581237678789289,0.0028746241651440296,0.4795587993418556,0.5204412006581445,0.2,False
2021-11-23,100304.59432078169,0,0,0.0,0.0,-0.0003247943886639995,0.002880567528298975,0.47504021954886716,0.5249597804511328,0.2,False
2021-11-24,100304.59432078169,0,0,0.0,0.0,-0.00047652726758092614,0.002882175416671858,0.474483818585319,0.5255161814146809,0.2,False
2021-11-26,100304.59432078169,0,0,0.0,0.0,-0.0005891779479916833,0.002927155229641533,0.46485486591491976,0.5351451340850802,0.2,False
2021-11-29,100304.59432078169,0,0,0.0,0.0,-0.0004607871642454833,0.0029317656083519368,0.460705298711619,0.539294701288381,0.2,False
2021-11-30,100304.59432078169,0,0,0.0,0.0,-0.00021679061511842531,0.0029094008197401663,0.47484901725611095,0.525150982743889,0.2,False
2021-12-01,100304.59432078169,0,0,0.0,0.0,-6.261853284630056e-05,0.0029022513600223724,0.4817437130067925,0.5182562869932075,0.2,False
2021-12-02,100304.59432078169,0,0,0.0,0.0,-7.374962306021518e-05,0.0028824454789321305,0.48495619683014207,0.5150438031698579,0.2,False
2021-12-03,100304.59432078169,0,0,0.0,0.0,-0.00010928421729012817,0.0028924629267744134,0.4836416853776761,0.5163583146223238,0.2,False
2021-12-06,100304.59432078169,0,0,0.0,0.0,-0.00015567581976427063,0.0028737087517420198,0.487940252217326,0.512059747782674,0.2,False
2021-12-07,100304.59432078169,0,0,0.0,0.0,-0.0002045232116407742,0.0028472825001094756,0.4935517895517233,0.5064482104482767,0.2,False
2021-12-08,100304.59432078169,0,0,0.0,0.0,-2.7722017961374667e-05,0.0028432975643409935,0.49382421591865,0.50617578408135,0.2,False
2021-12-09,100304.59432078169,0,0,0.0,0.0,3.576256911059984e-05,0.0028230023189323057,0.49615738827022765,0.5038426117297723,0.2,False
2021-12-10,100304.59432078169,0,0,0.0,0.0,6.863525346878178e-05,0.002824566662420588,0.49654950683582216,0.5034504931641779,0.2,False
2021-12-13,100304.59432078169,0,0,0.0,0.0,0.0001356844296911364,0.002859397893363444,0.5004757138748933,0.4995242861251067,0.2,False
2021-12-14,100304.59432078169,0,0,0.0,0.0,0.00014895504766639718,0.002864087836499193,0.5014645327261308,0.4985354672738692,0.2,False
2021-12-15,100304.59432078169,0,0,0.0,0.0,0.00017029414945472193,0.0028552187114861865,0.5004579870542083,0.4995420129457917,0.2,False
2021-12-16,100304.59432078169,0,0,0.0,0.0,7.742014333825704e-05,0.002856417461232801,0.4998981598627831,0.5001018401372169,0.2,False
2021-12-17,100304.59432078169,0,0,0.0,0.0,7.615402470287109e-05,0.002862530213489291,0.4994528965654483,0.5005471034345517,0.2,False
2021-12-20,100304.59432078169,0,0,0.0,0.0,0.0002354740535414375,0.0028786730893385964,0.5040657544847109,0.4959342455152891,0.2,False
2021-12-21,100304.59432078169,0,0,0.0,0.0,0.00017050681149672725,0.0028849245835334044,0.5109260989712922,0.48907390102870785,0.2,False
2021-12-22,100304.59432078169,0,0,0.0,0.0,0.00018302201227136263,0.002874312361456498,0.5108535515680545,0.48914644843194555,0.2,False
2021-12-23,100304.59432078169,0,0,0.0,0.0,0.00014840207243874945,0.00287462788183711,0.51198235200383,0.48801764799617,0.2,False
2021-12-27,100304.59432078169,0,0,0.0,0.0,0.000119167772347736,0.0028724810815388296,0.5131248415265968,0.48687515847340324,0.2,False
2021-12-28,100304.59432078169,0,0,0.0,0.0,0.00011215190281810336,0.0028740872239739973,0.5131939857871295,0.4868060142128705,0.2,False
2021-12-29,100304.59432078169,0,0,0.0,0.0,0.0001905063514985949,0.0028719133582448143,0.5131142309548227,0.48688576904517733,0.2,False
2021-12-30,100304.59432078169,0,0,0.0,0.0,0.00016104980140564798,0.0028743372668911726,0.5132935587132803,0.4867064412867197,0.2,False
2021-12-31,100304.59432078169,0,0,0.0,0.0,4.2930044628157626e-05,0.0028739629371801133,0.5122576277291329,0.48774237227086714,0.2,False
2022-01-03,100304.59432078169,0,0,0.0,0.0,4.5708248830633355e-05,0.002873775302547575,0.5122458266343719,0.4877541733656281,0.2,False
2022-01-04,100304.59432078169,0,0,0.0,0.0,0.0005286633344366006,0.0028609176788299924,0.5089610099576372,0.49103899004236284,0.2,False
2022-01-05,100304.59432078169,0,0,0.0,0.0,0.0005204301114754761,0.0028651013366444216,0.507583709393612,0.49241629060638803,0.2,False
2022-01-06,100304.59432078169,0,0,0.0,0.0,5.324448030158753e-05,0.0028435037819055826,0.49926233458441416,0.5007376654155858,0.2,False
2022-01-07,100304.59432078169,0,0,0.0,0.0,4.9214949693999004e-06,0.002839245801482588,0.4984727210956132,0.5015272789043868,0.2,False
2022-01-10,100304.59432078169,0,0,0.0,0.0,-5.575075822487494e-05,0.0028527627496613764,0.49699028243638466,0.5030097175636153,0.2,False
2022-01-11,100304.59432078169,0,0,0.0,0.0,-0.00015360246941591014,0.0028332576143394856,0.501232948119391,0.498767051880609,0.2,False
2022-01-12,100304.59432078169,0,0,0.0,0.0,-0.00021497100535387655,0.002819732936906837,0.5038520202247047,0.49614797977529534,0.2,False
2022-01-13,100304.59432078169,0,0,0.0,0.0,-0.00010549751379670956,0.002817068259316028,0.5067025324792646,0.49329746752073544,0.2,False
2022-01-14,100304.59432078169,0,0,0.0,0.0,-0.00034633247116324945,0.0028285864973506395,0.5031770922379198,0.49682290776208016,0.2,False
2022-01-18,100304.59432078169,0,0,0.0,0.0,-0.0005869838382349267,0.0028572887089886663,0.4941190185237437,0.5058809814762564,0.2,False
2022-01-19,100304.59432078169,0,0,0.0,0.0,-0.0004277562392305488,0.002862146292485278,0.49170141640921183,0.5082985835907882,0.2,False
2022-01-20,100304.59432078169,0,0,0.0,0.0,-0.0003734062328087068,0.0028654207785173374,0.4926989015626631,0.507301098437337,0.2,False
2022-01-21,100304.59432078169,0,0,0.0,0.0,-0.0003632734168082528,0.0028840092016948773,0.49281043777524114,0.5071895622247589,0.2,False
2022-01-24,100304.59432078169,0,0,0.0,0.0,-0.00037100111766716614,0.0028890640845485155,0.4926281133287551,0.5073718866712449,0.2,False
2022-01-25,100304.59432078169,0,0,0.0,0.0,-0.000485223967195958,0.0028876766964320492,0.4935472237889537,0.5064527762110462,0.2,False
2022-01-26,100304.59432078169,0,0,0.0,0.0,-0.0004963111077639281,0.0028937137523926456,0.4933416082758866,0.5066583917241134,0.2,False
2022-01-27,100304.59432078169,0,0,0.0,0.0,-0.000688848767558787,0.0029270770420460864,0.4837417300284855,0.5162582699715146,0.2,False
2022-01-28,100304.59432078169,0,0,0.0,0.0,-0.0007057916906563425,0.0029267697325246833,0.48247415174104724,0.5175258482589528,0.2,False
2022-01-31,100304.59432078169,0,0,0.0,0.0,-0.0008609816985061403,0.0028900191352006174,0.49306627110448237,0.5069337288955176,0.2,False
2022-02-01,100304.59432078169,0,0,0.0,0.0,-0.0012400132320130387,0.002880202389633406,0.49368074245990146,0.5063192575400985,0.2,False
2022-02-02,100304.59432078169,0,0,0.0,0.0,-0.0011253543169708591,0.002879498564360477,0.4926744269078076,0.5073255730921924,0.2,False
2022-02-03,100304.59432078169,0,0,0.0,0.0,-0.0009023843682338063,0.0028742801063138383,0.4984019232534311,0.5015980767465689,0.2,False
2022-02-04,100304.59432078169,0,0,0.0,0.0,-0.0008987158398385188,0.0028690170706536467,0.4995631011333527,0.5004368988666472,0.2,False
2022-02-07,100304.59432078169,0,0,0.0,0.0,-0.0007837050112079467,0.0028688338682243152,0.4977647539459176,0.5022352460540824,0.2,False
2022-02-08,100304.59432078169,0,0,0.0,0.0,-0.0004790624535484797,0.0028838713836265265,0.48746388628480875,0.5125361137151913,0.2,False
2022-02-09,100304.59432078169,0,0,0.0,0.0,-0.00041933892751768077,0.0028822708006521094,0.4831977925952312,0.5168022074047688,0.2,False
2022-02-10,100304.59432078169,0,0,0.0,0.0,-0.00038260630924783173,0.0028891845737327696,0.48318150626865547,0.5168184937313445,0.2,False
2022-02-11,100304.59432078169,0,0,0.0,0.0,-0.0005196130733920134,0.002899919259278332,0.4809405704826981,0.5190594295173019,0.2,False
2022-02-14,100304.59432078169,0,0,0.0,0.0,-0.0002693860280119447,0.0028959583653939336,0.48264322034332113,0.5173567796566789,0.2,False
2022-02-15,100304.59432078169,0,0,0.0,0.0,-0.00010848643668603872,0.0028984617385708015,0.47787025271900363,0.5221297472809964,0.2,False
2022-02-16,100304.59432078169,0,0,0.0,0.0,0.00019795541505179866,0.0027682914822741308,0.4742246403811856,0.5257753596188144,0.2,False
2022-02-17,100304.59432078169,0,0,0.0,0.0,0.00032742047433661635,0.002784761873685673,0.47748238285881617,0.5225176171411838,0.2,False
2022-02-18,100304.59432078169,0,0,0.0,0.0,0.00042618612504170974,0.0028026605692640784,0.48095577331617295,0.5190442266838271,0.2,False
2022-02-22,100304.59432078169,0,0,0.0,0.0,0.0006633587719255541,0.002801256881861308,0.48149784201596907,0.518502157984031,0.2,False
2022-02-23,100304.59432078169,0,0,0.0,0.0,0.0006735215488534184,0.0028090298794322603,0.4818194845613062,0.5181805154386938,0.2,False
2022-02-24,100304.59432078169,0,0,0.0,0.0,0.0006163191428687334,0.002809824548404275,0.48088483084202993,0.5191151691579701,0.2,False
2022-02-25,100304.59432078169,0,0,0.0,0.0,0.00040545122160864114,0.002841496435033729,0.4964959246272179,0.5035040753727821,0.2,False
2022-02-28,100304.59432078169,0,0,0.0,0.0,0.00023392544467107512,0.0028472966570247146,0.49844628715817424,0.5015537128418257,0.2,False
2022-03-01,100304.59432078169,0,0,0.0,0.0,0.0005582003967092569,0.0028649114897553074,0.5019104577728577,0.4980895422271423,0.2,False
2022-03-02,100304.59432078169,0,0,0.0,0.0,0.0008385422968688027,0.002815705877862909,0.4909287467346949,0.5090712532653051,0.2,False
2022-03-03,100304.59432078169,0,0,0.0,0.0,0.0006561849624504905,0.002807947107721403,0.4867432729287382,0.5132567270712618,0.2,False
2022-03-04,100304.59432078169,0,0,0.0,0.0,0.0010919140402877393,0.0027821660182502897,0.4806093609532814,0.5193906390467187,0.2,False
2022-03-07,100304.59432078169,0,0,0.0,0.0,0.0008633753761010871,0.0027776501564239905,0.4747844418997894,0.5252155581002106,0.2,False
2022-03-08,100304.59432078169,0,0,0.0,0.0,0.0006821885768474764,0.002772772419558857,0.47078602751170895,0.529213972488291,0.2,False
2022-03-09,100304.59432078169,0,0,0.0,0.0,0.0007109305669007348,0.0027625001344289443,0.47138607892611417,0.5286139210738858,0.2,False
2022-03-10,100304.59432078169,0,0,0.0,0.0,0.0007780255664478547,0.0027563176916400004,0.4712156614946472,0.5287843385053528,0.2,False
2022-03-11,100304.59432078169,0,0,0.0,0.0,0.0006122821402415347,0.002755569201823962,0.46948143531564007,0.53051856468436,0.2,False
2022-03-14,100304.59432078169,0,0,0.0,0.0,0.0007331809536752233,0.0027723841256796235,0.47225318100332025,0.5277468189966797,0.2,False
2022-03-15,100304.59432078169,0,0,0.0,0.0,0.0008856603485928548,0.0027659948345657936,0.47161863327273673,0.5283813667272632,0.2,False
2022-03-16,100304.59432078169,0,0,0.0,0.0,0.0012992162275980701,0.0027175410936414834,0.4610957321581243,0.5389042678418756,0.2,False
2022-03-17,100304.59432078169,0,0,0.0,0.0,0.0009516187731795412,0.002722392453783219,0.46609670539405645,0.5339032946059435,0.2,False
2022-03-18,100304.59432078169,0,0,0.0,0.0,0.0012227260412473924,0.002715923604480068,0.46514650467813573,0.5348534953218642,0.2,False
2022-03-21,100304.59432078169,0,0,0.0,0.0,0.0008538425465490111,0.0027153796216731222,0.4667572891082135,0.5332427108917865,0.2,False
2022-03-22,100304.59432078169,0,0,0.0,0.0,0.0010663880972932988,0.0027079978347276166,0.46562736003649463,0.5343726399635054,0.2,False
2022-03-23,100304.59432078169,0,0,0.0,0.0,0.001322358590076557,0.002715423447788822,0.467552339826251,0.532447660173749,0.2,False
2022-03-24,100304.59432078169,0,0,0.0,0.0,0.0016162395704758029,0.0027051205286929797,0.465352145569014,0.5346478544309861,0.2,False
2022-03-25,100304.59432078169,0,0,0.0,0.0,0.0014165017193952815,0.0027034460659799953,0.4665283438982433,0.5334716561017567,0.2,False
2022-03-28,100304.59432078169,0,0,0.0,0.0,0.001387183305629866,0.0027083230022049566,0.4669909712752826,0.5330090287247173,0.2,False
2022-03-29,100304.59432078169,0,0,0.0,0.0,0.001533479151066716,0.002697072907464106,0.46570414374839714,0.5342958562516029,0.2,False
2022-03-30,100304.59432078169,0,0,0.0,0.0,0.0014501830497000469,0.0026963295084973986,0.46534427218588625,0.5346557278141137,0.2,False
2022-03-31,100304.59432078169,0,0,0.0,0.0,0.0014228876670086363,0.002703566939755957,0.46637875873686885,0.5336212412631312,0.2,False
2022-04-01,100304.59432078169,0,0,0.0,0.0,0.001423748107825518,0.002698735775197112,0.46528974680202073,0.5347102531979793,0.2,False
2022-04-04,100304.59432078169,0,0,0.0,0.0,0.0013029574728800172,0.002697719297887102,0.4667693161774313,0.5332306838225687,0.2,False
2022-04-05,100304.59432078169,0,0,0.0,0.0,0.0012951590930201744,0.002706255650084713,0.46789159220109483,0.5321084077989051,0.2,False
2022-04-06,100304.59432078169,0,0,0.0,0.0,0.0013283046211712854,0.0027170333953421056,0.47037246478138434,0.5296275352186157,0.2,False
2022-04-07,100304.59432078169,0,0,0.0,0.0,0.0013091233136859075,0.0027213578796159064,0.47103099838543994,0.5289690016145601,0.2,False
2022-04-08,100304.59432078169,0,0,0.0,0.0,0.0012139166981140013,0.0027217312790451063,0.4711837182974366,0.5288162817025635,0.2,False
2022-04-11,100304.59432078169,0,0,0.0,0.0,0.0011139375237373547,0.0027217627869865315,0.46981448635897377,0.5301855136410263,0.2,False
2022-04-12,100304.59432078169,0,0,0.0,0.0,0.0012392035565702137,0.0027226984152718525,0.470049307467639,0.5299506925323609,0.2,False
2022-04-13,100304.59432078169,0,0,0.0,0.0,0.0010979207690232041,0.002727183831106078,0.47296340529286374,0.5270365947071363,0.2,False
2022-04-14,100304.59432078169,0,0,0.0,0.0,0.0010431965786560165,0.002728198576705034,0.4731640012209606,0.5268359987790394,0.2,False
2022-04-18,100304.59432078169,0,0,0.0,0.0,0.0009384280837652568,0.002728361103218901,0.4726039158296494,0.5273960841703507,0.2,False
2022-04-19,100304.59432078169,0,0,0.0,0.0,0.0010051843186142703,0.002715855664049889,0.47089650204701866,0.5291034979529814,0.2,False
2022-04-20,100304.59432078169,0,0,0.0,0.0,0.0009415112104131285,0.0027163710921403166,0.4718583867632636,0.5281416132367365,0.2,False
2022-04-21,100304.59432078169,0,0,0.0,0.0,0.0009576893767028182,0.0027450828841660167,0.47746050205882995,0.52253949794117,0.2,False
2022-04-22,100304.59432078169,0,0,0.0,0.0,0.0008179981323772882,0.002756146365974943,0.47379467332281394,0.526205326677186,0.2,False
2022-04-25,100304.59432078169,0,0,0.0,0.0,0.0006559475299375082,0.0027519311397248628,0.46921247831968577,0.5307875216803142,0.2,False
2022-04-26,100304.59432078169,0,0,0.0,0.0,0.0006975812747627417,0.0027765594733916103,0.4725720140814073,0.5274279859185926,0.2,False
2022-04-27,100304.59432078169,0,0,0.0,0.0,0.0007963570081990584,0.0027699146719330266,0.4716712002298769,0.5283287997701231,0.2,False
2022-04-28,100304.59432078169,0,0,0.0,0.0,0.0006732077518862929,0.002776931787279976,0.47872286697305794,0.5212771330269421,0.2,False
2022-04-29,100304.59432078169,0,0,0.0,0.0,0.0007528820648113395,0.0028089361490596094,0.48488548900992506,0.515114510990075,0.2,False
2022-05-02,100304.59432078169,0,0,0.0,0.0,0.00018817057043184408,0.0028141007580410114,0.4860738724056354,0.5139261275943646,0.2,False
2022-05-03,100304.59432078169,0,0,0.0,0.0,0.00017600715776730575,0.0028112494016381243,0.4881792577337625,0.5118207422662375,0.2,False
2022-05-04,100304.59432078169,0,0,0.0,0.0,0.00017870619771613006,0.0027992472532048004,0.4889646889250791,0.5110353110749208,0.2,False
2022-05-05,100304.59432078169,0,0,0.0,0.0,0.00015352158443071004,0.0028121378120240597,0.4856091680028009,0.514390831997199,0.2,False
2022-05-06,100304.59432078169,0,0,0.0,0.0,0.00011701354433936903,0.0028117327214431547,0.48265607747049755,0.5173439225295025,0.2,False
2022-05-09,100304.59432078169,0,0,0.0,0.0,0.00013735783819422644,0.002856162815955691,0.489503519003731,0.510496480996269,0.2,False
2022-05-10,100304.59432078169,0,0,0.0,0.0,0.000163549492779654,0.002862283410090352,0.4909044950121827,0.5090955049878173,0.2,False
2022-05-11,100304.59432078169,0,0,0.0,0.0,0.00014486705584747467,0.0028664623201410584,0.4913771796132987,0.5086228203867014,0.2,False
2022-05-12,100304.59432078169,0,0,0.0,0.0,0.00010146824686554452,0.002865692529027381,0.48818897918887033,0.5118110208111297,0.2,False
2022-05-13,100304.59432078169,0,0,0.0,0.0,0.00012778804043535376,0.0028275895181940707,0.4829385100824977,0.5170614899175023,0.2,False
2022-05-16,100304.59432078169,0,0,0.0,0.0,0.00010251118768281626,0.0028225311036313445,0.4833032861055924,0.5166967138944076,0.2,False
2022-05-17,100304.59432078169,0,0,0.0,0.0,0.00010197955134767069,0.002813406456644062,0.4838574827432477,0.5161425172567523,0.2,False
2022-05-18,100304.59432078169,0,0,0.0,0.0,0.00010121277837946152,0.002835457439778102,0.48506752422089194,0.5149324757791081,0.2,False
2022-05-19,100304.59432078169,0,0,0.0,0.0,0.00010657283237112553,0.002826903849294697,0.48503782485248065,0.5149621751475193,0.2,False
2022-05-20,100304.59432078169,0,0,0.0,0.0,0.00015379553354263133,0.0028212726077785103,0.4838606641522069,0.516139335847793,0.2,False
2022-05-23,100304.59432078169,0,0,0.0,0.0,0.00013262471015784748,0.002818079196585726,0.4861263883620382,0.5138736116379619,0.2,False
2022-05-24,100304.59432078169,0,0,0.0,0.0,0.00016687398464439044,0.0028262657641406814,0.4877143925838056,0.5122856074161943,0.2,False
2022-05-25,100304.59432078169,0,0,0.0,0.0,0.0001562981164959138,0.0028231610357963206,0.488355514682135,0.511644485317865,0.2,False
2022-05-26,100304.59432078169,0,0,0.0,0.0,0.0001145700954560138,0.00282546742685413,0.49021896687155425,0.5097810331284458,0.2,False
2022-05-27,100304.59432078169,0,0,0.0,0.0,0.00013555254934519522,0.0028089189323945584,0.4883889729580575,0.5116110270419425,0.2,False
2022-05-31,100304.59432078169,0,0,0.0,0.0,6.134185271671134e-05,0.002805276586425971,0.48670516539475867,0.5132948346052413,0.2,False
2022-06-01,100304.59432078169,0,0,0.0,0.0,0.00023780139135015733,0.0028066257358017655,0.486307865435387,0.513692134564613,0.2,False
2022-06-02,100304.59432078169,0,0,0.0,0.0,0.0002518421961397154,0.0027876069720567816,0.4861815534895684,0.5138184465104316,0.2,False
2022-06-03,100304.59432078169,0,0,0.0,0.0,0.0002498767163445916,0.0028004286463635558,0.48661265227010686,0.5133873477298931,0.2,False
2022-06-06,100304.59432078169,0,0,0.0,0.0,0.00017906488309617972,0.0028007854014525466,0.4867938134945064,0.5132061865054935,0.2,False
2022-06-07,100304.59432078169,0,0,0.0,0.0,4.1392068297666804e-05,0.002800806834230702,0.48763721800139465,0.5123627819986054,0.2,False
2022-06-08,100304.59432078169,0,0,0.0,0.0,-5.57340281358542e-05,0.002880617035809677,0.48505881085566105,0.514941189144339,0.2,False
2022-06-09,100304.59432078169,0,0,0.0,0.0,-0.00013254087504949895,0.002923495687268739,0.4813826228017278,0.5186173771982723,0.2,False
2022-06-10,100304.59432078169,0,0,0.0,0.0,-0.00019475181091337985,0.002945497329557295,0.47864685277304403,0.5213531472269559,0.2,False
2022-06-13,100304.59432078169,0,0,0.0,0.0,-0.00028692311866355193,0.002986061985541846,0.47396073004362727,0.5260392699563727,0.2,False
2022-06-14,100304.59432078169,0,0,0.0,0.0,-0.0002283284556765021,0.0029945944837559027,0.4740744922247012,0.5259255077752988,0.2,False
2022-06-15,100304.59432078169,0,0,0.0,0.0,-0.00010184040947881731,0.0029916266472083384,0.46982281520947977,0.5301771847905202,0.2,False
2022-06-16,100304.59432078169,0,0,0.0,0.0,4.355114218908028e-05,0.0028792198714044964,0.47815424119217387,0.5218457588078261,0.2,False
2022-06-17,100304.59432078169,0,0,0.0,0.0,-2.243504559347964e-05,0.003004817928894183,0.478579652069992,0.521420347930008,0.2,False
2022-06-21,100304.59432078169,0,0,0.0,0.0,-6.534597019332163e-05,0.0029772889810673045,0.4822043329641442,0.5177956670358558,0.2,False
2022-06-22,100304.59432078169,0,0,0.0,0.0,-1.611843609057665e-05,0.0029817359427302082,0.4841254760780516,0.5158745239219484,0.2,False
2022-06-23,100304.59432078169,0,0,0.0,0.0,0.00018467600586304298,0.002916695838972343,0.48755202839906203,0.512447971600938,0.2,False
2022-06-24,100304.59432078169,0,0,0.0,0.0,0.0001910482301601942,0.0028986749616444997,0.4887431377767049,0.5112568622232951,0.2,False
2022-06-27,100304.59432078169,0,0,0.0,0.0,2.65351832489955e-05,0.0029044211810085752,0.49122986676472047,0.5087701332352795,0.2,False
2022-06-28,100304.59432078169,0,0,0.0,0.0,2.1836380799691068e-05,0.002907028786736379,0.49172835720142066,0.5082716427985794,0.2,False
2022-06-29,100304.59432078169,0,0,0.0,0.0,9.19425509842415e-05,0.00291362914479209,0.492370395109849,0.507629604890151,0.2,False
2022-06-30,100304.59432078169,0,0,0.0,0.0,7.051594130073972e-05,0.002920634309538686,0.4921849486311239,0.5078150513688762,0.2,False
2022-07-01,100304.59432078169,0,0,0.0,0.0,-0.00016236665125325914,0.002957311031840582,0.49402106009793867,0.5059789399020613,0.2,False
2022-07-05,100304.59432078169,0,0,0.0,0.0,3.029296024173739e-05,0.00295568749567343,0.49947389176269247,0.5005261082373076,0.2,False
2022-07-06,100304.59432078169,0,0,0.0,0.0,0.0002198479067570194,0.002952157360428641,0.4994068970238507,0.5005931029761492,0.2,False
2022-07-07,100304.59432078169,0,0,0.0,0.0,0.00019258133764198446,0.002940347316053656,0.5003097891207864,0.4996902108792136,0.2,False
2022-07-08,100304.59432078169,0,0,0.0,0.0,0.00012635628549204103,0.002942668241464907,0.500455496768519,0.49954450323148103,0.2,False
2022-07-11,100304.59432078169,0,0,0.0,0.0,-7.095417960467269e-05,0.0029686358303814657,0.4949197020299051,0.5050802979700949,0.2,False
2022-07-12,100304.59432078169,0,0,0.0,0.0,0.0001185078891938394,0.0029406653054030235,0.49360954659725326,0.5063904534027468,0.2,False
2022-07-13,100304.59432078169,0,0,0.0,0.0,0.00012946625643514364,0.002939166093396202,0.4932499669515903,0.5067500330484097,0.2,False
2022-07-14,100304.59432078169,0,0,0.0,0.0,0.00042440228739180463,0.0029780776316119177,0.5016886008791821,0.4983113991208179,0.2,False
2022-07-15,100304.59432078169,0,0,0.0,0.0,0.0005616749885591491,0.0029560025144360663,0.499358543964959,0.500641456035041,0.2,False
2022-07-18,100304.59432078169,0,0,0.0,0.0,0.0002989285955488756,0.0029629908796688672,0.5031018814800495,0.49689811851995047,0.2,False
2022-07-19,100304.59432078169,0,0,0.0,0.0,0.00024984630655472824,0.0029529815811165042,0.5055527534335253,0.49444724656647465,0.2,False
2022-07-20,100304.59432078169,0,0,0.0,0.0,0.00016932769667403507,0.0029529945429225823,0.5063652987170021,0.4936347012829979,0.2,False
2022-07-21,100304.59432078169,0,0,0.0,0.0,0.0002847287948172135,0.0029454842095220455,0.5052863601207305,0.49471363987926953,0.2,False
2022-07-22,100304.59432078169,0,0,0.0,0.0,0.00039491665154443547,0.00294744779632236,0.5054977051603045,0.49450229483969554,0.2,False
2022-07-25,100304.59432078169,0,0,0.0,0.0,0.0003682280914489039,0.002941610898091674,0.5060691381653126,0.4939308618346874,0.2,False
2022-07-26,100304.59432078169,0,0,0.0,0.0,0.00035091449126437675,0.0029486170672023936,0.5057902750840485,0.4942097249159515,0.2,False
2022-07-27,100304.59432078169,0,0,0.0,0.0,0.0004485675670216509,0.002919816536979115,0.5023177525856887,0.49768224741431133,0.2,False
2022-07-28,100304.59432078169,0,0,0.0,0.0,0.00035293435598396676,0.0029154559407615376,0.5024856874181588,0.4975143125818412,0.2,False
2022-07-29,100304.59432078169,0,0,0.0,0.0,0.0003501257582703832,0.0029065795289556695,0.5026149385858479,0.49738506141415206,0.2,False
2022-08-01,100304.59432078169,0,0,0.0,0.0,0.0005087251729498979,0.0029130518571080445,0.5040516324172313,0.4959483675827687,0.2,False
2022-08-02,100304.59432078169,0,0,0.0,0.0,0.0003483028732632278,0.0029140511705404966,0.502233664300667,0.49776633569933304,0.2,False
2022-08-03,100304.59432078169,0,0,0.0,0.0,0.00031728628192914714,0.002911168028052701,0.502097322837253,0.49790267716274705,0.2,False
2022-08-04,100304.59432078169,0,0,0.0,0.0,0.0003193172690896133,0.002911915488411085,0.5020695423723265,0.4979304576276735,0.2,False
2022-08-05,100304.59432078169,0,0,0.0,0.0,0.0002623409046063033,0.002914920458214849,0.501600427638941,0.49839957236105903,0.2,False
2022-08-08,100304.59432078169,0,0,0.0,0.0,0.0002775549657263633,0.0029074083009621586,0.5013747733926772,0.4986252266073228,0.2,False
2022-08-09,100304.59432078169,0,0,0.0,0.0,0.0002367655284562706,0.0029118990066809023,0.5009610627544661,0.49903893724553394,0.2,False
2022-08-10,100304.59432078169,0,0,0.0,0.0,0.00029665728722032237,0.00288855038407338,0.49934418029748234,0.5006558197025177,0.2,False
2022-08-11,100304.59432078169,0,0,0.0,0.0,0.0001496089223231627,0.002886700443280891,0.4993633545454762,0.5006366454545238,0.2,False
2022-08-12,100304.59432078169,0,0,0.0,0.0,0.00012313583259767211,0.0028798155296287996,0.49958632897201805,0.500413671027982,0.2,False
2022-08-15,100304.59432078169,0,0,0.0,0.0,8.621823789672629e-05,0.002886107181260738,0.49924548277132313,0.5007545172286769,0.2,False
2022-08-16,100304.59432078169,0,0,0.0,0.0,-0.00010376827084687981,0.002882735260426446,0.5006720826888352,0.49932791731116477,0.2,False
2022-08-17,100304.59432078169,0,0,0.0,0.0,-0.00016869936563465828,0.0028920023990460383,0.5001313258661745,0.4998686741338255,0.2,False
2022-08-18,100304.59432078169,0,0,0.0,0.0,-0.00012346256245431323,0.0028889579429736325,0.49985970149652637,0.5001402985034736,0.2,False
2022-08-19,100304.59432078169,0,0,0.0,0.0,-0.00016086257341900922,0.002899439944405864,0.49938222979313823,0.5006177702068617,0.2,False
2022-08-22,100304.59432078169,0,0,0.0,0.0,-0.00016338976674960094,0.002907730787648936,0.4994230502446907,0.5005769497553093,0.2,False
2022-08-23,100304.59432078169,0,0,0.0,0.0,-0.00034728429598417305,0.0029016749928073996,0.5004106222543585,0.4995893777456415,0.2,False
2022-08-24,100304.59432078169,0,0,0.0,0.0,-0.00024027876524541515,0.0028999840535409273,0.500512777256638,0.499487222743362,0.2,False
2022-08-25,100304.59432078169,0,0,0.0,0.0,-6.75897650122985e-05,0.002896929791396358,0.49753704805494936,0.5024629519450506,0.2,False
2022-08-26,100304.59432078169,0,0,0.0,0.0,9.301242524777162e-05,0.002909107362086577,0.5009723194573557,0.49902768054264435,0.2,False
2022-08-29,100304.59432078169,0,0,0.0,0.0,-4.591226105870442e-05,0.0029041174805309318,0.5014431907642304,0.4985568092357696,0.2,False
2022-08-30,100304.59432078169,0,0,0.0,0.0,0.00027518528861479174,0.002945390047185959,0.5080376926500749,0.4919623073499251,0.2,False
2022-08-31,100304.59432078169,0,0,0.0,0.0,0.0004654934404572465,0.0029598196994315407,0.5111156657726944,0.4888843342273056,0.2,False
2022-09-01,100304.59432078169,0,0,0.0,0.0,0.000507525113031999,0.002970532319765636,0.5118964170071453,0.4881035829928547,0.2,False
2022-09-02,100304.59432078169,0,0,0.0,0.0,0.00026522796020031107,0.002973517041579314,0.5138225627960448,0.48617743720395523,0.2,False
2022-09-06,100304.59432078169,0,0,0.0,0.0,0.00016537958479707706,0.002980704305273243,0.5127419163127312,0.48725808368726875,0.2,False
2022-09-07,100304.59432078169,0,0,0.0,0.0,-0.00024183757247346827,0.00290106516050011,0.5156500108236878,0.4843499891763122,0.2,False
2022-09-08,100304.59432078169,0,0,0.0,0.0,-0.000296697448892531,0.002891207551719514,0.5165588697649429,0.4834411302350571,0.2,False
2022-09-09,100304.59432078169,0,0,0.0,0.0,-7.208792315852491e-05,0.002890057868679028,0.508024850641582,0.491975149358418,0.2,False
2022-09-12,100304.59432078169,0,0,0.0,0.0,-0.00018772129020144842,0.002883411991523001,0.5075428895666406,0.4924571104333594,0.2,False
2022-09-13,100304.59432078169,0,0,0.0,0.0,-0.0005911065807565221,0.002939951174212977,0.49470655594186275,0.5052934440581373,0.2,False
2022-09-14,100304.59432078169,0,0,0.0,0.0,-0.0008238997424679846,0.0029458034970591207,0.4925984089583495,0.5074015910416505,0.2,False
2022-09-15,100304.59432078169,0,0,0.0,0.0,-0.0006128831481771749,0.002949819207950635,0.4940181030545963,0.5059818969454037,0.2,False
2022-09-16,100304.59432078169,0,0,0.0,0.0,-0.00044851418810351015,0.0029530415221304717,0.49566305578729764,0.5043369442127024,0.2,False
2022-09-19,100304.59432078169,0,0,0.0,0.0,-0.0005330110294599886,0.002943903152816021,0.4969570230650925,0.5030429769349075,0.2,False
2022-09-20,100304.59432078169,0,0,0.0,0.0,-0.0002662191449529349,0.002945163695930232,0.500627302053359,0.49937269794664096,0.2,False
2022-09-21,100304.59432078169,0,0,0.0,0.0,-0.0003615481950755698,0.0029625452214053134,0.49974935468110276,0.5002506453188973,0.2,False
2022-09-22,100304.59432078169,0,0,0.0,0.0,-4.599422730192884e-05,0.002964704479683378,0.501016591842722,0.49898340815727804,0.2,False
2022-09-23,100304.59432078169,0,0,0.0,0.0,-0.00018357972213290185,0.003001665221863176,0.4972545095783666,0.5027454904216334,0.2,False
2022-09-26,100304.59432078169,0,0,0.0,0.0,0.0001359129409236943,0.003005472704785234,0.49926743784833816,0.5007325621516618,0.2,False
2022-09-27,100304.59432078169,0,0,0.0,0.0,-0.00011549958512148536,0.00301075453333821,0.4994353208389836,0.5005646791610163,0.2,False
2022-09-28,100304.59432078169,0,0,0.0,0.0,-3.588754236305376e-05,0.002992380122384691,0.4977042300819602,0.5022957699180398,0.2,False
2022-09-29,100304.59432078169,0,0,0.0,0.0,0.00013385865929629824,0.002993924414566905,0.49861297124641885,0.5013870287535811,0.2,False
2022-09-30,100304.59432078169,0,0,0.0,0.0,-0.00014347442892259998,0.003017858341898791,0.4960673830600173,0.5039326169399827,0.2,False
2022-10-03,100304.59432078169,0,0,0.0,0.0,-0.00045501262215080047,0.002974674097423056,0.503606663573866,0.49639333642613404,0.2,False
2022-10-04,100304.59432078169,0,0,0.0,0.0,-0.0005382330938842192,0.002942231615147843,0.5059988653833769,0.4940011346166231,0.2,False
2022-10-05,100304.59432078169,0,0,0.0,0.0,-7.073049167025607e-05,0.0029433616214856228,0.5085728379581069,0.4914271620418931,0.2,False
2022-10-06,100304.59432078169,0,0,0.0,0.0,0.00023106913333809703,0.003012839919674393,0.5118031247736975,0.4881968752263025,0.2,False
2022-10-07,100304.59432078169,0,0,0.0,0.0,0.000360640332308912,0.003032221810692389,0.5132378199519055,0.48676218004809446,0.2,False
2022-10-10,100304.59432078169,0,0,0.0,0.0,0.00028378658670423436,0.0030416121232639255,0.5129911708591333,0.48700882914086674,0.2,False
2022-10-11,100304.59432078169,0,0,0.0,0.0,0.0002665207596979726,0.0030512956114890043,0.5125999936114729,0.4874000063885271,0.2,False
2022-10-12,100304.59432078169,0,0,0.0,0.0,0.0003778815547095456,0.0030507061497496153,0.5124382656818491,0.48756173431815086,0.2,False
2022-10-13,100304.59432078169,0,0,0.0,0.0,0.00023427823150095025,0.0030355794248031983,0.5143819813907027,0.4856180186092973,0.2,False
2022-10-14,100304.59432078169,0,0,0.0,0.0,0.00016373180876681938,0.0030535453304898043,0.513224210000415,0.48677578999958504,0.2,False
2022-10-17,100304.59432078169,0,0,0.0,0.0,-9.117605568590223e-05,0.0029589478661699374,0.5159408477874328,0.48405915221256723,0.2,False
2022-10-18,100304.59432078169,0,0,0.0,0.0,-0.00023722021374442186,0.00295068241684379,0.5170517211533779,0.48294827884662206,0.2,False
2022-10-19,100304.59432078169,0,0,0.0,0.0,-0.00018472838579393575,0.0029568957082986027,0.5173780060663836,0.4826219939336164,0.2,False
2022-10-20,100304.59432078169,0,0,0.0,0.0,-2.032657253441362e-05,0.002957409442571467,0.5175683821961975,0.4824316178038025,0.2,False
2022-10-21,100304.59432078169,0,0,0.0,0.0,-6.146322380752074e-05,0.002939601179283054,0.5172115769993212,0.4827884230006788,0.2,False
2022-10-24,100304.59432078169,0,0,0.0,0.0,-0.00028178939870488975,0.0029449131776078607,0.5166152699692758,0.48338473003072424,0.2,False
2022-10-25,100304.59432078169,0,0,0.0,0.0,-0.0001637874076660444,0.0029343480185371243,0.5147026073539858,0.48529739264601424,0.2,False
2022-10-26,100304.59432078169,0,0,0.0,0.0,-0.00023175291604245633,0.0029252730037891703,0.5145713226167384,0.48542867738326156,0.2,False
2022-10-27,100304.59432078169,0,0,0.0,0.0,-0.0006209925241485464,0.0029266882812835236,0.5144236380737764,0.48557636192622355,0.2,False
2022-10-28,100304.59432078169,0,0,0.0,0.0,-0.0007100211129295284,0.0029254462220148682,0.5145049878361199,0.48549501216388014,0.2,False
2022-10-31,100304.59432078169,0,0,0.0,0.0,-0.0007147178096533022,0.0029260044071920586,0.5145002564205043,0.48549974357949566,0.2,False
2022-11-01,100304.59432078169,0,0,0.0,0.0,-0.0003411808492076047,0.002925802870328253,0.5120877247425601,0.48791227525743985,0.2,False
2022-11-02,100304.59432078169,0,0,0.0,0.0,-0.0003098174985735577,0.0029411733564942842,0.511448201688112,0.488551798311888,0.2,False
2022-11-03,100304.59432078169,0,0,0.0,0.0,-0.0007157216113936498,0.002955538334039282,0.509061470806627,0.490938529193373,0.2,False
2022-11-04,100304.59432078169,0,0,0.0,0.0,0.00015911922568190263,0.0029202291029983072,0.4913247798019516,0.5086752201980485,0.2,False
2022-11-07,100304.59432078169,0,0,0.0,0.0,-0.00013847987530725672,0.0029708836732102437,0.4877976850020413,0.5122023149979587,0.2,False
2022-11-08,100304.59432078169,0,0,0.0,0.0,-0.00015012848488716966,0.0029660050620042714,0.48724836504277275,0.5127516349572272,0.2,False
2022-11-09,100304.59432078169,0,0,0.0,0.0,2.5122268722951723e-06,0.0029213006532625933,0.48918254980329673,0.5108174501967033,0.2,False
2022-11-10,100304.59432078169,0,0,0.0,0.0,0.0005087683329225162,0.0028594065228443127,0.4825568463203682,0.5174431536796318,0.2,False
2022-11-11,100304.59432078169,0,0,0.0,0.0,0.0010885983508939292,0.0028372821612675588,0.479138395058381,0.520861604941619,0.2,False
2022-11-14,100304.59432078169,0,0,0.0,0.0,0.0011079810909001848,0.0028462707108656824,0.47893270298572965,0.5210672970142703,0.2,False
2022-11-15,100304.59432078169,0,0,0.0,0.0,0.001576834472543042,0.002832602468809182,0.47768393483927885,0.5223160651607212,0.2,False
2022-11-16,100304.59432078169,0,0,0.0,0.0,0.0013805886292044807,0.0028376710072727882,0.4770261717535499,0.5229738282464501,0.2,False
2022-11-17,100304.59432078169,0,0,0.0,0.0,0.00140064095227077,0.002837989877798547,0.4769770341471641,0.5230229658528359,0.2,False
2022-11-18,100304.59432078169,0,0,0.0,0.0,0.001550608702173639,0.002837645991003554,0.4769846883028187,0.5230153116971813,0.2,False
2022-11-21,100304.59432078169,0,0,0.0,0.0,0.0011855765913054174,0.002839353204822612,0.47587041653923184,0.5241295834607682,0.2,False
2022-11-22,100304.59432078169,0,0,0.0,0.0,0.0009493555475636045,0.0028343231823601,0.4778389014849607,0.5221610985150393,0.2,False
2022-11-23,100304.59432078169,0,0,0.0,0.0,0.0014182864707215244,0.0028245181860832996,0.4770923865205834,0.5229076134794166,0.2,False
2022-11-25,100304.59432078169,0,0,0.0,0.0,0.0013558147409746715,0.002822602996993337,0.477003141352239,0.522996858647761,0.2,False
2022-11-28,100304.59432078169,0,0,0.0,0.0,0.001278185461105022,0.0028350763172460026,0.47747440939405233,0.5225255906059476,0.2,False
2022-11-29,100304.59432078169,0,0,0.0,0.0,0.0018159124825562582,0.002830190035956608,0.4771985773508794,0.5228014226491207,0.2,False
2022-11-30,100304.59432078169,0,0,0.0,0.0,0.0021802707698016692,0.0028071811289462315,0.4745865797731918,0.5254134202268081,0.2,False
2022-12-01,100304.59432078169,0,0,0.0,0.0,0.0028913499985905003,0.0037120619687135543,0.47427349731634105,0.525726502683659,0.05,False
2022-12-02,100304.59432078169,0,0,0.0,0.0,0.002902489887825004,0.0037213837723764276,0.4744761514120701,0.5255238485879299,0.05,False
2022-12-05,100304.59432078169,0,0,0.0,0.0,0.002910444939197444,0.0037135030808139054,0.47625460627696486,0.5237453937230352,0.05,False
2022-12-06,100304.59432078169,0,0,0.0,0.0,0.0034660903457520856,0.0037171000411178445,0.479288143179944,0.5207118568200559,0.05,False
2022-12-07,100304.59432078169,0,0,0.0,0.0,0.0034272143955481676,0.003718228957987425,0.47990462783887045,0.5200953721611296,0.05,False
2022-12-08,100304.59432078169,0,0,0.0,0.0,0.0030700948124050926,0.0037282155172023174,0.4804974107648882,0.5195025892351117,0.05,False
2022-12-09,100304.59432078169,0,0,0.0,0.0,0.003224946265500696,0.0037377565341390165,0.4812132862741498,0.5187867137258502,0.05,False
2022-12-12,100304.59432078169,0,0,0.0,0.0,0.002904177148121632,0.003730499793748143,0.481617346933004,0.5183826530669959,0.05,False
2022-12-13,100304.59432078169,0,0,0.0,0.0,0.003180792062926888,0.0037239516257392712,0.48062226739220276,0.5193777326077973,0.05,False
2022-12-14,100304.59432078169,0,0,0.0,0.0,0.00309678518742648,0.003731772011697673,0.4805798000681977,0.5194201999318022,0.05,False
2022-12-15,100304.59432078169,0,0,0.0,0.0,0.0023483441418243275,0.0028557827777344357,0.4748073525940211,0.5251926474059789,0.2,False
2022-12-16,100304.59432078169,0,0,0.0,0.0,0.002567702342471493,0.00286109183206888,0.4749000507995267,0.5250999492004733,0.2,False
2022-12-19,100304.59432078169,0,0,0.0,0.0,0.0027887625483874914,0.0028663065969099398,0.4756695088942884,0.5243304911057116,0.2,False
2022-12-20,100304.59432078169,0,0,0.0,0.0,0.0019264561901832335,0.0028689928169153313,0.4764938229572994,0.5235061770427005,0.2,False
2022-12-21,100304.59432078169,0,0,0.0,0.0,0.001977524099418572,0.002858170913010364,0.4769279020776644,0.5230720979223356,0.2,False
2022-12-22,100304.59432078169,0,0,0.0,0.0,0.0017360180384054982,0.0028664715412145226,0.47595772318385465,0.5240422768161453,0.2,False
2022-12-23,100304.59432078169,0,0,0.0,0.0,0.0017241417931509316,0.0028600686056488877,0.4764244797693735,0.5235755202306265,0.2,False
2022-12-27,100304.59432078169,0,0,0.0,0.0,0.001600362861204668,0.0028567370159285465,0.4768773663601885,0.5231226336398115,0.2,False
2022-12-28,100304.59432078169,0,0,0.0,0.0,0.0017625551144116185,0.0028767058018414502,0.4798270599841658,0.5201729400158341,0.2,False
2022-12-29,100304.59432078169,0,0,0.0,0.0,0.001413452592322682,0.002880316309130876,0.48411216695304193,0.5158878330469581,0.2,False
2022-12-30,100304.59432078169,0,0,0.0,0.0,0.0014497017517195578,0.002887045534633215,0.48530252202744567,0.5146974779725544,0.2,False
2023-01-03,100304.59432078169,0,0,0.0,0.0,0.00017150686720495152,0.00288943687023142,0.4839328916432624,0.5160671083567376,0.2,False
2023-01-04,100304.59432078169,0,0,0.0,0.0,0.00020893863739110846,0.002865286137212623,0.4816268132715298,0.5183731867284702,0.2,False
2023-01-05,100304.59432078169,0,0,0.0,0.0,0.00016607910227673292,0.00286862747305055,0.4796368077779093,0.5203631922220907,0.2,False
2023-01-06,100304.59432078169,0,0,0.0,0.0,0.00023690137482178253,0.002831903723153427,0.474204491968939,0.525795508031061,0.2,False
2023-01-09,100304.59432078169,0,0,0.0,0.0,0.00018229650421378943,0.0028259094357906784,0.4734599358617353,0.5265400641382647,0.2,False
2023-01-10,100304.59432078169,0,0,0.0,0.0,0.00019631966644499267,0.002828150557226841,0.4734146406583907,0.5265853593416093,0.2,False
2023-01-11,100304.59432078169,0,0,0.0,0.0,0.0002147371053919839,0.0028179856680903524,0.4730443990052755,0.5269556009947245,0.2,False
2023-01-12,100304.59432078169,0,0,0.0,0.0,0.0002597378220437634,0.002800030540364884,0.4711918213520144,0.5288081786479857,0.2,False
2023-01-13,100304.59432078169,0,0,0.0,0.0,0.00028120439281978274,0.0027937668389348643,0.4705617825603756,0.5294382174396244,0.2,False
2023-01-17,100304.59432078169,0,0,0.0,0.0,0.0002773206183332471,0.002792360200851755,0.4704710554745908,0.5295289445254092,0.2,False
2023-01-18,100304.59432078169,0,0,0.0,0.0,0.00026060364268505517,0.002798057792189783,0.47062398126025096,0.529376018739749,0.2,False
2023-01-19,100304.59432078169,0,0,0.0,0.0,0.00029584403006113584,0.0027935224711054044,0.4701657582164332,0.5298342417835669,0.2,False
2023-01-20,100304.59432078169,0,0,0.0,0.0,0.00028425682061992513,0.002786378840759181,0.47126564585248987,0.5287343541475101,0.2,False
2023-01-23,100304.59432078169,0,0,0.0,0.0,0.0002769168943746325,0.002785485250827635,0.4716769483484131,0.5283230516515869,0.2,False
2023-01-24,100304.59432078169,0,0,0.0,0.0,0.00028410512096135545,0.0027845681783996573,0.47181781274089185,0.5281821872591081,0.2,False
2023-01-25,100304.59432078169,0,0,0.0,0.0,0.0003538603702868614,0.002780801492345669,0.4714752249032104,0.5285247750967896,0.2,False
2023-01-26,100304.59432078169,0,0,0.0,0.0,0.0003103246534625706,0.002779519283022041,0.47292792665673444,0.5270720733432656,0.2,False
2023-01-27,100304.59432078169,0,0,0.0,0.0,0.0002661468859156186,0.0027789087895371276,0.47250148105422435,0.5274985189457757,0.2,False
2023-01-30,100304.59432078169,0,0,0.0,0.0,0.0002693074905864862,0.002791117940287809,0.4741755773845054,0.5258244226154947,0.2,False
2023-01-31,100304.59432078169,0,0,0.0,0.0,0.00019531949996425574,0.0027967565395937547,0.47944333835650355,0.5205566616434965,0.2,False
2023-02-01,100304.59432078169,0,0,0.0,0.0,0.0,0.002901876253941394,0.4795494362345562,0.5204505637654437,0.2,False
2023-02-02,100304.59432078169,0,0,0.0,0.0,0.0,0.0029069961950382696,0.478169721181704,0.521830278818296,0.2,False
2023-02-03,100304.59432078169,0,0,0.0,0.0,0.0,0.002928459910465425,0.47268375842748767,0.5273162415725123,0.2,False
2023-02-06,100304.59432078169,0,0,0.0,0.0,0.0,0.002936262595016612,0.47265044637074183,0.5273495536292582,0.2,False
2023-02-07,100304.59432078169,0,0,0.0,0.0,0.0,0.0029265271740891293,0.47366920684769465,0.5263307931523054,0.2,False
2023-02-08,100304.59432078169,0,0,0.0,0.0,0.0,0.002931628468796509,0.4735514693421421,0.5264485306578579,0.2,False
2023-02-09,100304.59432078169,0,0,0.0,0.0,0.0,0.0029331661224683897,0.47426645742335416,0.5257335425766458,0.2,False
2023-02-10,100304.59432078169,0,0,0.0,0.0,0.0,0.002927090650149307,0.4760523978780682,0.5239476021219318,0.2,False
2023-02-13,100304.59432078169,0,0,0.0,0.0,0.0,0.0029220117943388997,0.47478646279813747,0.5252135372018625,0.2,False
2023-02-14,100304.59432078169,0,0,0.0,0.0,0.0,0.0029251241195684522,0.4745435108550711,0.5254564891449289,0.2,False
2023-02-15,100304.59432078169,0,0,0.0,0.0,0.0,0.0029544663577656853,0.4655761490206657,0.5344238509793343,0.2,False
2023-02-16,100304.59432078169,0,0,0.0,0.0,0.0,0.002954719650429056,0.46706417098831243,0.5329358290116876,0.2,False
2023-02-17,100304.59432078169,0,0,0.0,0.0,0.0,0.002960336515594954,0.4673035096986509,0.5326964903013491,0.2,False
2023-02-21,100304.59432078169,0,0,0.0,0.0,0.0,0.002953986553476728,0.4739024470270119,0.5260975529729881,0.2,False
2023-02-22,100304.59432078169,0,0,0.0,0.0,0.0,0.002953001172165857,0.4753191654942559,0.5246808345057441,0.2,False
2023-02-23,100304.59432078169,0,0,0.0,0.0,0.0,0.0029528218851350005,0.47563353415145765,0.5243664658485423,0.2,False
2023-02-24,100304.59432078169,0,0,0.0,0.0,0.0,0.002978699652187577,0.4683478510821385,0.5316521489178615,0.2,False
2023-02-27,100304.59432078169,0,0,0.0,0.0,0.0,0.002977236734468185,0.467246562731473,0.532753437268527,0.2,False
2023-02-28,100304.59432078169,0,0,0.0,0.0,0.0,0.002980477385225603,0.4676749272984836,0.5323250727015164,0.2,False
2023-03-01,100304.59432078169,0,0,0.0,0.0,0.0,0.0029782359452694153,0.46665093653609696,0.5333490634639031,0.2,False
2023-03-02,100304.59432078169,0,0,0.0,0.0,0.0,0.0029770478541934963,0.4669148505944514,0.5330851494055486,0.2,False
2023-03-03,100304.59432078169,0,0,0.0,0.0,0.0,0.0029672700254009263,0.46599544879104743,0.5340045512089526,0.2,False
2023-03-06,100304.59432078169,0,0,0.0,0.0,0.0,0.0029763786243659383,0.46448845468259325,0.5355115453174067,0.2,False
2023-03-07,100304.59432078169,0,0,0.0,0.0,0.0,0.002984405980720117,0.46792673789650363,0.5320732621034964,0.2,False
2023-03-08,100304.59432078169,0,0,0.0,0.0,0.0,0.002984204133541899,0.46699617248627856,0.5330038275137214,0.2,False
2023-03-09,100304.59432078169,0,0,0.0,0.0,0.0,0.0029859656417895314,0.4704178582887212,0.5295821417112788,0.2,False
2023-03-10,100304.59432078169,0,0,0.0,0.0,0.0,0.002997757176075413,0.4707222381112772,0.5292777618887228,0.2,False
2023-03-13,100304.59432078169,0,0,0.0,0.0,0.0,0.003002141890454479,0.47045671749825746,0.5295432825017425,0.2,False
2023-03-14,100304.59432078169,0,0,0.0,0.0,0.0,0.002996654506888718,0.46854292889582216,0.5314570711041778,0.2,False
2023-03-15,100304.59432078169,0,0,0.0,0.0,0.0,0.0030178275600389872,0.46741054208917504,0.532589457910825,0.2,False
2023-03-16,100304.59432078169,0,0,0.0,0.0,0.0,0.003008601942708393,0.4681418100853986,0.5318581899146013,0.2,False
2023-03-17,100304.59432078169,0,0,0.0,0.0,0.0,0.0030086119020100743,0.46989857028760623,0.5301014297123938,0.2,False
2023-03-20,100304.59432078169,0,0,0.0,0.0,0.0,0.0029913619183263352,0.47374276549235717,0.5262572345076428,0.2,False
2023-03-21,100304.59432078169,0,0,0.0,0.0,0.0,0.002988231306479197,0.4746244931191185,0.5253755068808815,0.2,False
2023-03-22,100304.59432078169,0,0,0.0,0.0,0.0,0.0029897489696309927,0.4751499479399012,0.5248500520600988,0.2,False
2023-03-23,100304.59432078169,0,0,0.0,0.0,0.0,0.0029940500593035346,0.4753271148482117,0.5246728851517883,0.2,False
2023-03-24,100304.59432078169,0,0,0.0,0.0,0.0,0.002992217376769143,0.47556099462746954,0.5244390053725305,0.2,False
2023-03-27,100304.59432078169,0,0,0.0,0.0,0.0,0.0029787238757924836,0.4787910888922426,0.5212089111077574,0.2,False
2023-03-28,100304.59432078169,0,0,0.0,0.0,0.0,0.0029743385272710046,0.47816740548900777,0.5218325945109923,0.2,False
2023-03-29,100304.59432078169,0,0,0.0,0.0,0.0,0.002961613790459093,0.48022798478817136,0.5197720152118286,0.2,False
2023-03-30,100304.59432078169,0,0,0.0,0.0,0.0,0.0029569199590750066,0.47854647610631224,0.5214535238936877,0.2,False
2023-03-31,100304.59432078169,0,0,0.0,0.0,0.0,0.0029511022865343246,0.47992422556541325,0.5200757744345867,0.2,False
2023-04-03,100304.59432078169,0,0,0.0,0.0,0.0,0.002932771036300786,0.48212913174437855,0.5178708682556215,0.2,False
2023-04-04,100304.59432078169,0,0,0.0,0.0,0.0,0.0029389953179458548,0.4811993182874587,0.5188006817125412,0.2,False
2023-04-05,100304.59432078169,0,0,0.0,0.0,0.0,0.0029409572988643986,0.48211651786175935,0.5178834821382406,0.2,False
2023-04-06,100304.59432078169,0,0,0.0,0.0,0.0,0.0029394765796507756,0.4823250181750858,0.5176749818249142,0.2,False
2023-04-10,100304.59432078169,0,0,0.0,0.0,0.0,0.0029398469864580536,0.4823006728956659,0.5176993271043341,0.2,False
2023-04-11,100304.59432078169,0,0,0.0,0.0,0.0,0.0029321605013051806,0.4826627378322908,0.5173372621677093,0.2,False
2023-04-12,100304.59432078169,0,0,0.0,0.0,0.0,0.002930009883215096,0.48234330158998556,0.5176566984100144,0.2,False
2023-04-13,100304.59432078169,0,0,0.0,0.0,0.0,0.0029198703768939507,0.48257154167590455,0.5174284583240955,0.2,False
2023-04-14,100304.59432078169,0,0,0.0,0.0,0.0,0.0029303699741545434,0.47964438232939743,0.5203556176706026,0.2,False
2023-04-17,100304.59432078169,0,0,0.0,0.0,0.0,0.0029327119032519777,0.47901557936029815,0.5209844206397019,0.2,False
2023-04-18,100304.59432078169,0,0,0.0,0.0,0.0,0.002930101808791164,0.47857857019892586,0.5214214298010742,0.2,False
2023-04-19,100304.59432078169,0,0,0.0,0.0,0.0,0.0029307045577034617,0.4795035976593933,0.5204964023406067,0.2,False
2023-04-20,100304.59432078169,0,0,0.0,0.0,0.0,0.002929097985826697,0.4807983553431275,0.5192016446568726,0.2,False
2023-04-21,100304.59432078169,0,0,0.0,0.0,0.0,0.002941931452248613,0.4772277568754671,0.522772243124533,0.2,False
2023-04-24,100304.59432078169,0,0,0.0,0.0,0.0,0.0029434099704346143,0.47620966388954744,0.5237903361104526,0.2,False
2023-04-25,100304.59432078169,0,0,0.0,0.0,0.0,0.0029448744822783038,0.4808371513805614,0.5191628486194386,0.2,False
2023-04-26,100304.59432078169,0,0,0.0,0.0,0.0,0.0029443647467384563,0.48186476573718934,0.5181352342628107,0.2,False
2023-04-27,100304.59432078169,0,0,0.0,0.0,0.0,0.002936602594965932,0.48218197664900886,0.5178180233509911,0.2,False
2023-04-28,100304.59432078169,0,0,0.0,0.0,0.0,0.002925962215093484,0.48522828849535277,0.5147717115046473,0.2,False
2023-05-01,100304.59432078169,0,0,0.0,0.0,0.0,0.0029257374252828865,0.48575336277332987,0.5142466372266701,0.2,False
2023-05-02,100304.59432078169,0,0,0.0,0.0,0.0,0.0029190835804702984,0.4924983300540385,0.5075016699459616,0.2,False
2023-05-03,100304.59432078169,0,0,0.0,0.0,0.0,0.002923442056663459,0.49281368912051116,0.5071863108794888,0.2,False
2023-05-04,100304.59432078169,0,0,0.0,0.0,0.0,0.00292152796064103,0.4929643013956227,0.5070356986043774,0.2,False
2023-05-05,100304.59432078169,0,0,0.0,0.0,0.0,0.0029048979911313524,0.492219914672853,0.507780085327147,0.2,False
2023-05-08,100304.59432078169,0,0,0.0,0.0,0.0,0.0029031834593350896,0.4921346651627973,0.5078653348372026,0.2,False
2023-05-09,100304.59432078169,0,0,0.0,0.0,0.0,0.0029082797134420734,0.49105220110165293,0.5089477988983471,0.2,False
2023-05-10,100304.59432078169,0,0,0.0,0.0,0.0,0.0029073909703926375,0.4914352386605878,0.5085647613394122,0.2,False
2023-05-11,100304.59432078169,0,0,0.0,0.0,0.0,0.0029130772792583547,0.4926826836135616,0.5073173163864384,0.2,False
2023-05-12,100304.59432078169,0,0,0.0,0.0,0.0,0.002915173865331322,0.4931069512488886,0.5068930487511114,0.2,False
2023-05-15,100304.59432078169,0,0,0.0,0.0,0.0,0.0029048183758951145,0.49402441714125117,0.5059755828587489,0.2,False
2023-05-16,100304.59432078169,0,0,0.0,0.0,0.0,0.0029191656807453213,0.49316222275770427,0.5068377772422957,0.2,False
2023-05-17,100304.59432078169,0,0,0.0,0.0,0.0,0.0029168858547289,0.49152382650127135,0.5084761734987286,0.2,False
2023-05-18,100304.59432078169,0,0,0.0,0.0,0.0,0.0029229342360827227,0.49111054211662347,0.5088894578833765,0.2,False
2023-05-19,100304.59432078169,0,0,0.0,0.0,0.0,0.0029222949703134227,0.4891575322867716,0.5108424677132284,0.2,False
2023-05-22,100304.59432078169,0,0,0.0,0.0,0.0,0.0029227115677061865,0.48881355587130704,0.511186444128693,0.2,False
2023-05-23,100304.59432078169,0,0,0.0,0.0,0.0,0.002930884035329503,0.48883548803862137,0.5111645119613786,0.2,False
2023-05-24,100304.59432078169,0,0,0.0,0.0,0.0,0.002946567967290895,0.48859238442335934,0.5114076155766407,0.2,False
2023-05-25,100304.59432078169,0,0,0.0,0.0,0.0,0.002953217879110966,0.48870270834542784,0.5112972916545722,0.2,False
2023-05-26,100304.59432078169,0,0,0.0,0.0,0.0,0.002955027105752504,0.4830968896176049,0.5169031103823951,0.2,False
2023-05-30,100304.59432078169,0,0,0.0,0.0,0.0,0.002963614404124978,0.4822552661109062,0.5177447338890938,0.2,False
2023-05-31,100304.59432078169,0,0,0.0,0.0,0.0,0.0029861600175281767,0.47656607202911566,0.5234339279708844,0.2,False
2023-06-01,100304.59432078169,0,0,0.0,0.0,0.0,0.0029933070252678913,0.4681427539673904,0.5318572460326096,0.2,False
2023-06-02,100304.59432078169,0,0,0.0,0.0,0.0,0.0029652056327696156,0.4743390595376536,0.5256609404623465,0.2,False
2023-06-05,100304.59432078169,0,0,0.0,0.0,0.0,0.002966895324335918,0.4756592153382541,0.5243407846617458,0.2,False
2023-06-06,100304.59432078169,0,0,0.0,0.0,0.0,0.002957878798938696,0.47716179679256704,0.522838203207433,0.2,False
2023-06-07,100304.59432078169,0,0,0.0,0.0,0.0,0.0029785757085979163,0.47496876200251986,0.5250312379974802,0.2,False
2023-06-08,100304.59432078169,0,0,0.0,0.0,0.0,0.0029886929480544494,0.4685293796425585,0.5314706203574415,0.2,False
2023-06-09,100304.59432078169,0,0,0.0,0.0,0.0,0.002991121742117027,0.46725806379849866,0.5327419362015013,0.2,False
2023-06-12,100304.59432078169,0,0,0.0,0.0,0.0,0.002991435958581738,0.46658991575549935,0.5334100842445006,0.2,False
2023-06-13,100304.59432078169,0,0,0.0,0.0,0.0,0.0029890756795836176,0.46437740860051424,0.5356225913994858,0.2,False
2023-06-14,100304.59432078169,0,0,0.0,0.0,0.0,0.0029886837763101123,0.4637045348917258,0.5362954651082742,0.2,False
2023-06-15,100304.59432078169,0,0,0.0,0.0,0.0,0.002987710254539648,0.45936915535495465,0.5406308446450454,0.2,False
2023-06-16,100304.59432078169,0,0,0.0,0.0,0.0,0.002988020836205484,0.4583168784873332,0.5416831215126667,0.2,False
2023-06-20,100304.59432078169,0,0,0.0,0.0,0.0,0.0029790255043637324,0.4645997005702543,0.5354002994297458,0.2,False
2023-06-21,100304.59432078169,0,0,0.0,0.0,0.0,0.0029783414612594913,0.46541568734121774,0.5345843126587823,0.2,False
2023-06-22,100304.59432078169,0,0,0.0,0.0,0.0,0.0030156859683707405,0.4532352948658253,0.5467647051341746,0.2,False
2023-06-23,100304.59432078169,0,0,0.0,0.0,0.0,0.003059520991329403,0.44067915001528685,0.5593208499847131,0.2,False
2023-06-26,100304.59432078169,0,0,0.0,0.0,0.0,0.0030500898355638943,0.4433456074445207,0.5566543925554793,0.2,False
2023-06-27,100304.59432078169,0,0,0.0,0.0,0.0,0.0030414905083903307,0.4438218200522789,0.5561781799477211,0.2,False
2023-06-28,100304.59432078169,0,0,0.0,0.0,0.0,0.0030458346289336377,0.4433667191814973,0.5566332808185027,0.2,False
2023-06-29,100304.59432078169,0,0,0.0,0.0,0.0,0.0030415247182998296,0.4439222595715725,0.5560777404284275,0.2,False
2023-06-30,100304.59432078169,0,0,0.0,0.0,0.0,0.0030278628525261973,0.44651484391734464,0.5534851560826554,0.2,False
2023-07-03,100304.59432078169,0,0,0.0,0.0,0.0,0.0030217136681217763,0.4474244575141623,0.5525755424858376,0.2,False
2023-07-05,100304.59432078169,0,0,0.0,0.0,0.0,0.003020507597940439,0.45148807429065724,0.5485119257093427,0.2,False
2023-07-06,100304.59432078169,0,0,0.0,0.0,0.0,0.0030306835326177808,0.4535058505827792,0.5464941494172209,0.2,False
2023-07-07,100304.59432078169,0,0,0.0,0.0,0.0,0.0030250539803544064,0.4539382460673536,0.5460617539326464,0.2,False
2023-07-10,100304.59432078169,0,0,0.0,0.0,0.0,0.0030282059077282953,0.45363046692965286,0.5463695330703471,0.2,False
2023-07-11,100304.59432078169,0,0,0.0,0.0,0.0,0.003030129131550949,0.44916038346718273,0.5508396165328173,0.2,False
2023-07-12,100304.59432078169,0,0,0.0,0.0,0.0,0.003034129614309171,0.4424522937646677,0.5575477062353322,0.2,False
2023-07-13,100304.59432078169,0,0,0.0,0.0,0.0,0.0030327148223554196,0.4367704671649492,0.5632295328350507,0.2,False
2023-07-14,100304.59432078169,0,0,0.0,0.0,0.0,0.003034887692914402,0.4374668849675112,0.5625331150324888,0.2,False
2023-07-17,100304.59432078169,0,0,0.0,0.0,0.0,0.003037812011708107,0.4369279816667588,0.5630720183332412,0.2,False
2023-07-18,100304.59432078169,0,0,0.0,0.0,0.0,0.003029007790978582,0.43834918416171564,0.5616508158382844,0.2,False
2023-07-19,100304.59432078169,0,0,0.0,0.0,0.0,0.003028092419937197,0.43861401883905865,0.5613859811609414,0.2,False
2023-07-20,100304.59432078169,0,0,0.0,0.0,0.0,0.0030277418501295323,0.4394367245449814,0.5605632754550186,0.2,False
2023-07-21,100304.59432078169,0,0,0.0,0.0,0.0,0.0030285648825419485,0.4392058979463256,0.5607941020536744,0.2,False
2023-07-24,100304.59432078169,0,0,0.0,0.0,0.0,0.0030247846367701197,0.4398796775036825,0.5601203224963175,0.2,False
2023-07-25,100304.59432078169,0,0,0.0,0.0,0.0,0.0030244368447466335,0.43845919247395365,0.5615408075260464,0.2,False
2023-07-26,100304.59432078169,0,0,0.0,0.0,0.0,0.0030248248433956027,0.43816237104916417,0.5618376289508358,0.2,False
2023-07-27,100304.59432078169,0,0,0.0,0.0,0.0,0.0030273854179679815,0.43977429434403814,0.5602257056559619,0.2,False
2023-07-28,100304.59432078169,0,0,0.0,0.0,0.0,0.003025500072890107,0.4399799676980947,0.5600200323019053,0.2,False
2023-07-31,100304.59432078169,0,0,0.0,0.0,0.0,0.003020640879438309,0.4401077286088752,0.5598922713911247,0.2,False
2023-08-01,100304.59432078169,0,0,0.0,0.0,0.0,0.003036333883183902,0.43774471804631315,0.5622552819536868,0.2,False
2023-08-02,100304.59432078169,0,0,0.0,0.0,0.0,0.003047797435253174,0.43973054325523997,0.56026945674476,0.2,False
2023-08-03,100304.59432078169,0,0,0.0,0.0,0.0,0.003045403651997841,0.4409998474855681,0.5590001525144319,0.2,False
2023-08-04,100304.59432078169,0,0,0.0,0.0,0.0,0.0030447900932605043,0.44060073779675485,0.5593992622032451,0.2,False
2023-08-07,100304.59432078169,0,0,0.0,0.0,0.0,0.003043012593760013,0.44060580193849463,0.5593941980615054,0.2,False
2023-08-08,100304.59432078169,0,0,0.0,0.0,0.0,0.0030452722680627273,0.44122696086216573,0.5587730391378343,0.2,False
2023-08-09,100304.59432078169,0,0,0.0,0.0,0.0,0.0030423517657544655,0.4414580921992747,0.5585419078007253,0.2,False
2023-08-10,100304.59432078169,0,0,0.0,0.0,0.0,0.003043283021432977,0.44164299616548647,0.5583570038345136,0.2,False
2023-08-11,100304.59432078169,0,0,0.0,0.0,0.0,0.003049161268247044,0.4398081856168816,0.5601918143831184,0.2,False
2023-08-14,100304.59432078169,0,0,0.0,0.0,0.0,0.003049938069411697,0.4405500639714322,0.5594499360285679,0.2,False
2023-08-15,100304.59432078169,0,0,0.0,0.0,0.0,0.0030296001759636676,0.45555475465977824,0.5444452453402218,0.2,False
2023-08-16,100304.59432078169,0,0,0.0,0.0,0.0,0.003031562548996318,0.4561465697219056,0.5438534302780944,0.2,False
2023-08-17,100304.59432078169,0,0,0.0,0.0,0.0,0.003038664294077303,0.45536799347241075,0.5446320065275893,0.2,False
2023-08-18,100304.59432078169,0,0,0.0,0.0,0.0,0.0030408300575017707,0.45504861349982123,0.5449513865001787,0.2,False
2023-08-21,100304.59432078169,0,0,0.0,0.0,0.0,0.0030408398995374498,0.45449905405518876,0.5455009459448112,0.2,False
2023-08-22,100304.59432078169,0,0,0.0,0.0,0.0,0.0030439568617339333,0.45506438705994035,0.5449356129400597,0.2,False
2023-08-23,100304.59432078169,0,0,0.0,0.0,0.0,0.00303924026923216,0.45215220557805785,0.5478477944219422,0.2,False
2023-08-24,100304.59432078169,0,0,0.0,0.0,0.0,0.003066042605806699,0.4453194629837915,0.5546805370162085,0.2,False
2023-08-25,100304.59432078169,0,0,0.0,0.0,0.0,0.0030717665569888497,0.4415890727871925,0.5584109272128075,0.2,False
2023-08-28,100304.59432078169,0,0,0.0,0.0,0.0,0.00306266247340017,0.4425727699378995,0.5574272300621005,0.2,False
2023-08-29,100304.59432078169,0,0,0.0,0.0,0.0,0.00304498159814842,0.444736736757905,0.5552632632420951,0.2,False
2023-08-30,100304.59432078169,0,0,0.0,0.0,0.0,0.0030398109928838663,0.4452019979692157,0.5547980020307843,0.2,False
2023-08-31,100304.59432078169,0,0,0.0,0.0,0.0,0.003038648257943153,0.44523215362740803,0.554767846372592,0.2,False
2023-09-01,100304.59432078169,0,0,0.0,0.0,0.0,0.0030332693937140088,0.4469502258615316,0.5530497741384683,0.2,False
2023-09-05,100304.59432078169,0,0,0.0,0.0,0.0,0.0030348182785068143,0.4492484256169489,0.5507515743830511,0.2,False
2023-09-06,100304.59432078169,0,0,0.0,0.0,0.0,0.0030344421956376645,0.45150394368712854,0.5484960563128715,0.2,False
2023-09-07,100304.59432078169,0,0,0.0,0.0,0.0,0.003035513529172419,0.4538688281698308,0.5461311718301691,0.2,False
2023-09-08,100304.59432078169,0,0,0.0,0.0,0.0,0.0030346537955020006,0.4542813429502484,0.5457186570497516,0.2,False
2023-09-11,100304.59432078169,0,0,0.0,0.0,0.0,0.0030321401450704266,0.45121967245787503,0.548780327542125,0.2,False
2023-09-12,100304.59432078169,0,0,0.0,0.0,0.0,0.0030319939934427844,0.45084324758988803,0.549156752410112,0.2,False
2023-09-13,100304.59432078169,0,0,0.0,0.0,0.0,0.003034160642044516,0.45055771926753335,0.5494422807324666,0.2,False
2023-09-14,100304.59432078169,0,0,0.0,0.0,0.0,0.003014103279184529,0.45340655994542106,0.5465934400545789,0.2,False
2023-09-15,100304.59432078169,0,0,0.0,0.0,0.0,0.003013641065706369,0.45343102322053086,0.5465689767794691,0.2,False
2023-09-18,100304.59432078169,0,0,0.0,0.0,0.0,0.003016432163320205,0.4536870152364298,0.5463129847635702,0.2,False
2023-09-19,100304.59432078169,0,0,0.0,0.0,0.0,0.0030107985751357943,0.45755111413234945,0.5424488858676506,0.2,False
2023-09-20,100304.59432078169,0,0,0.0,0.0,0.0,0.0030122791411758935,0.4579588406540433,0.5420411593459566,0.2,False
2023-09-21,100304.59432078169,0,0,0.0,0.0,0.0,0.0030519337765138052,0.4499972807250072,0.5500027192749928,0.2,False
2023-09-22,100304.59432078169,0,0,0.0,0.0,0.0,0.0030632510426303093,0.4423893462481467,0.5576106537518533,0.2,False
2023-09-25,100304.59432078169,0,0,0.0,0.0,0.0,0.0030648593073445913,0.44168205220393975,0.5583179477960603,0.2,False
2023-09-26,100304.59432078169,0,0,0.0,0.0,0.0,0.0030622717864742357,0.44715622703140595,0.552843772968594,0.2,False
2023-09-27,100304.59432078169,0,0,0.0,0.0,0.0,0.0030629271526854095,0.4487198641280229,0.5512801358719771,0.2,False
2023-09-28,100304.59432078169,0,0,0.0,0.0,0.0,0.0030611166531992824,0.44475997029927467,0.5552400297007254,0.2,False
2023-09-29,100304.59432078169,0,0,0.0,0.0,0.0,0.0030639750203557492,0.44541028269641875,0.5545897173035812,0.2,False
2023-10-02,100304.59432078169,0,0,0.0,0.0,0.0,0.003061274934085575,0.4539322177000189,0.5460677822999811,0.2,False
2023-10-03,100304.59432078169,0,0,0.0,0.0,0.0,0.003066151392540202,0.4559861935748858,0.5440138064251142,0.2,False
2023-10-04,100304.59432078169,0,0,0.0,0.0,0.0,0.0030674616001733117,0.4550885760072998,0.5449114239927002,0.2,False
2023-10-05,100304.59432078169,0,0,0.0,0.0,0.0,0.0030591953783703583,0.4559074075404423,0.5440925924595577,0.2,False
2023-10-06,100304.59432078169,0,0,0.0,0.0,0.0,0.003054375203366109,0.4531802883363725,0.5468197116636275,0.2,False
2023-10-09,100304.59432078169,0,0,0.0,0.0,0.0,0.0030408335201590037,0.4575737155052422,0.5424262844947578,0.2,False
2023-10-10,100304.59432078169,0,0,0.0,0.0,0.0,0.003033219277241157,0.45707873382490305,0.542921266175097,0.2,False
2023-10-11,100304.59432078169,0,0,0.0,0.0,0.0,0.0030270554637262274,0.4590452077394981,0.5409547922605019,0.2,False
2023-10-12,100304.59432078169,0,0,0.0,0.0,0.0,0.0030560006866387117,0.45241695628880124,0.5475830437111988,0.2,False
2023-10-13,100304.59432078169,0,0,0.0,0.0,0.0,0.0030603152203674193,0.4509718011041902,0.5490281988958098,0.2,False
2023-10-16,100304.59432078169,0,0,0.0,0.0,0.0,0.0030522028518644817,0.45062241215493265,0.5493775878450673,0.2,False
2023-10-17,100304.59432078169,0,0,0.0,0.0,0.0,0.003050937026170505,0.4500636964667858,0.5499363035332142,0.2,False
2023-10-18,100304.59432078169,0,0,0.0,0.0,0.0,0.003051761714989237,0.45521598483674364,0.5447840151632564,0.2,False
2023-10-19,100304.59432078169,0,0,0.0,0.0,0.0,0.003061651200492374,0.454003230980303,0.545996769019697,0.2,False
2023-10-20,100304.59432078169,0,0,0.0,0.0,0.0,0.0030768553543203073,0.4519827714017781,0.5480172285982219,0.2,False
2023-10-23,100304.59432078169,0,0,0.0,0.0,0.0,0.0030786701687964477,0.4512524428735201,0.5487475571264799,0.2,False
2023-10-24,100304.59432078169,0,0,0.0,0.0,0.0,0.003085205293355913,0.4469308280366936,0.5530691719633064,0.2,False
2023-10-25,100304.59432078169,0,0,0.0,0.0,0.0,0.0031006560126991913,0.44359247999321966,0.5564075200067804,0.2,False
2023-10-26,100304.59432078169,0,0,0.0,0.0,0.0,0.0031033584858765426,0.44333670004682435,0.5566632999531756,0.2,False
2023-10-27,100304.59432078169,0,0,0.0,0.0,0.0,0.003103563516799782,0.44597628162087,0.55402371837913,0.2,False
2023-10-30,100304.59432078169,0,0,0.0,0.0,0.0,0.003088014755550414,0.4482138472856456,0.5517861527143544,0.2,False
2023-10-31,100304.59432078169,0,0,0.0,0.0,0.0,0.0030906683668374983,0.44862688332957984,0.5513731166704201,0.2,False
2023-11-01,100304.59432078169,0,0,0.0,0.0,0.0,0.0030878869439527196,0.44506267035819197,0.5549373296418081,0.2,False
2023-11-02,100304.59432078169,0,0,0.0,0.0,0.0,0.002978746519302763,0.48250666833865824,0.5174933316613417,0.2,False
2023-11-03,100304.59432078169,0,0,0.0,0.0,0.0,0.002947592604731489,0.4918011909242624,0.5081988090757377,0.2,False
2023-11-06,100304.59432078169,0,0,0.0,0.0,0.0,0.0029453851629798198,0.4939520613952925,0.5060479386047074,0.2,False
2023-11-07,100304.59432078169,0,0,0.0,0.0,0.0,0.002952023430202276,0.49525917196997726,0.5047408280300227,0.2,False
2023-11-08,100304.59432078169,0,0,0.0,0.0,0.0,0.0029506001345851905,0.49564159194847507,0.5043584080515249,0.2,False
2023-11-09,100304.59432078169,0,0,0.0,0.0,0.0,0.002954651921906827,0.49514587558341633,0.5048541244165836,0.2,False
2023-11-10,100304.59432078169,0,0,0.0,0.0,0.0,0.0029546308715154607,0.4953350729157045,0.5046649270842956,0.2,False
2023-11-13,100304.59432078169,0,0,0.0,0.0,0.0,0.0029493873653888233,0.49535921433513175,0.5046407856648683,0.2,False
2023-11-14,100304.59432078169,0,0,0.0,0.0,0.0,0.0029578257286771385,0.4830428582914167,0.5169571417085833,0.2,False
2023-11-15,100304.59432078169,0,0,0.0,0.0,0.0,0.002961203178447748,0.4805598765822907,0.5194401234177093,0.2,False
2023-11-16,100304.59432078169,0,0,0.0,0.0,0.0,0.002970934861085696,0.4788085015017562,0.5211914984982438,0.2,False
2023-11-17,100304.59432078169,0,0,0.0,0.0,0.0,0.002964394256030992,0.47922643000225285,0.5207735699977472,0.2,False
2023-11-20,100304.59432078169,0,0,0.0,0.0,0.0,0.002960208564026382,0.47856717112906555,0.5214328288709345,0.2,False
2023-11-21,100304.59432078169,0,0,0.0,0.0,0.0,0.0029610853453489825,0.4789183332919707,0.5210816667080294,0.2,False
2023-11-22,100304.59432078169,0,0,0.0,0.0,0.0,0.002963519713191667,0.47844177537231725,0.5215582246276828,0.2,False
2023-11-24,100304.59432078169,0,0,0.0,0.0,0.0,0.002961025869903491,0.47757127558145807,0.5224287244185419,0.2,False
2023-11-27,100304.59432078169,0,0,0.0,0.0,0.0,0.0029697054467829696,0.47634577143806556,0.5236542285619344,0.2,False
2023-11-28,100304.59432078169,0,0,0.0,0.0,0.0,0.0029689673543139236,0.4735953914011056,0.5264046085988944,0.2,False
2023-11-29,100304.59432078169,0,0,0.0,0.0,0.0,0.0029746502184724477,0.4720957397111148,0.5279042602888853,0.2,False
2023-11-30,100304.59432078169,0,0,0.0,0.0,0.0,0.0029659657430943253,0.4738804512819059,0.5261195487180941,0.2,False
2023-12-01,100304.59432078169,0,0,0.0,0.0,0.0,0.0029631391859932547,0.46945278952464387,0.5305472104753561,0.2,False
2023-12-04,100304.59432078169,0,0,0.0,0.0,0.0,0.0029896670583694023,0.4617742811395203,0.5382257188604798,0.2,False
2023-12-05,100304.59432078169,0,0,0.0,0.0,0.0,0.0030003281354607854,0.45903141636216943,0.5409685836378306,0.2,False
2023-12-06,100304.59432078169,0,0,0.0,0.0,0.0,0.003002699830796061,0.45788696321049394,0.5421130367895061,0.2,False
2023-12-07,100304.59432078169,0,0,0.0,0.0,0.0,0.0030028595180212015,0.45606179077759607,0.5439382092224039,0.2,False
2023-12-08,100304.59432078169,0,0,0.0,0.0,0.0,0.0030015159763173488,0.45588562848768843,0.5441143715123116,0.2,False
2023-12-11,100304.59432078169,0,0,0.0,0.0,0.0,0.0030006185298157074,0.455770189108414,0.544229810891586,0.2,False
2023-12-12,100304.59432078169,0,0,0.0,0.0,0.0,0.002996869035811499,0.45742784683184273,0.5425721531681573,0.2,False
2023-12-13,100304.59432078169,0,0,0.0,0.0,0.0,0.0029844970946705154,0.4541876949773358,0.5458123050226642,0.2,False
2023-12-14,100304.59432078169,0,0,0.0,0.0,0.0,0.0029747709416896003,0.45433174987741076,0.5456682501225892,0.2,False
2023-12-15,100304.59432078169,0,0,0.0,0.0,0.0,0.0029748771327814914,0.45631739553139056,0.5436826044686094,0.2,False
2023-12-18,100304.59432078169,0,0,0.0,0.0,0.0,0.0029718356203776043,0.4564470737516551,0.543552926248345,0.2,False
2023-12-19,100304.59432078169,0,0,0.0,0.0,0.0,0.002966546147106849,0.4534216534891042,0.5465783465108958,0.2,False
2023-12-20,100304.59432078169,0,0,0.0,0.0,0.0,0.002985541046507304,0.4537226417489205,0.5462773582510795,0.2,False
2023-12-21,100304.59432078169,0,0,0.0,0.0,0.0,0.0029763146897730675,0.45212919651755046,0.5478708034824495,0.2,False
2023-12-22,100304.59432078169,0,0,0.0,0.0,0.0,0.0029737327958086254,0.4525638038401625,0.5474361961598375,0.2,False
2023-12-26,100304.59432078169,0,0,0.0,0.0,0.0,0.0029627453308268977,0.45444611067410656,0.5455538893258934,0.2,False
2023-12-27,100304.59432078169,0,0,0.0,0.0,0.0,0.0029595488128496953,0.4548366737041651,0.5451633262958349,0.2,False
2023-12-28,100304.59432078169,0,0,0.0,0.0,0.0,0.0029597715678085557,0.45566396645669094,0.5443360335433091,0.2,False
2023-12-29,100304.59432078169,0,0,0.0,0.0,0.0,0.0029658950611188123,0.4539785463171707,0.5460214536828293,0.2,False
2024-01-02,100304.59432078169,0,0,0.0,0.0,0.0007674811969358623,0.0027367318471110246,0.45622348049408873,0.5437765195059112,0.2,False
2024-01-03,100304.59432078169,0,0,0.0,0.0,0.000578624769733469,0.0027355612067830326,0.4535398027057958,0.5464601972942043,0.2,False
2024-01-04,100304.59432078169,0,0,0.0,0.0,0.00045546199543117276,0.002730324900255747,0.4521922921091837,0.5478077078908163,0.2,False
2024-01-05,100304.59432078169,0,0,0.0,0.0,0.0003530452376954512,0.0027287559997372854,0.45179075841676936,0.5482092415832307,0.2,False
2024-01-08,100304.59432078169,0,0,0.0,0.0,0.0003360988246654227,0.002726764437226317,0.45237271043870436,0.5476272895612957,0.2,False
2024-01-09,100304.59432078169,0,0,0.0,0.0,0.00027936710992787023,0.002731962863040168,0.45233988072311687,0.5476601192768831,0.2,False
2024-01-10,100304.59432078169,0,0,0.0,0.0,0.00019138944088296765,0.002731532270780819,0.452014947098186,0.547985052901814,0.2,False
2024-01-11,100304.59432078169,0,0,0.0,0.0,0.0002671423899605538,0.002737422029609615,0.45324445547616443,0.5467555445238356,0.2,False
2024-01-12,100304.59432078169,0,0,0.0,0.0,0.0002759877625459677,0.0027372432925859658,0.45348629379001515,0.5465137062099849,0.2,False
2024-01-16,100304.59432078169,0,0,0.0,0.0,-7.539329312509551e-05,0.0030262826429908215,0.4389203071213447,0.5610796928786552,0.2,False
2024-01-17,100304.59432078169,0,0,0.0,0.0,-2.4781153213778956e-05,0.0030331040563898286,0.4405072187232743,0.5594927812767256,0.2,False
2024-01-18,100304.59432078169,0,0,0.0,0.0,6.550388646299822e-05,0.002711270778167961,0.43962628418260197,0.560373715817398,0.2,False
2024-01-19,100304.59432078169,0,0,0.0,0.0,1.9698412666512497e-05,0.002712091505585192,0.44225905830482337,0.5577409416951766,0.2,False
2024-01-22,100304.59432078169,0,0,0.0,0.0,7.042559785606162e-05,0.002714671349094374,0.443244295979155,0.5567557040208451,0.2,False
2024-01-23,100304.59432078169,0,0,0.0,0.0,0.0001368963695077421,0.0027111486219078304,0.4426826230151136,0.5573173769848865,0.2,False
2024-01-24,100304.59432078169,0,0,0.0,0.0,0.0002081377389398291,0.0027119520156166275,0.4431181868316207,0.5568818131683793,0.2,False
2024-01-25,100304.59432078169,0,0,0.0,0.0,0.00017117191509245214,0.00271146731658283,0.4443557405269111,0.5556442594730888,0.2,False
2024-01-26,100304.59432078169,0,0,0.0,0.0,0.0001473884822523355,0.0027095419734017964,0.44473321995986653,0.5552667800401334,0.2,False
2024-01-29,100304.59432078169,0,0,0.0,0.0,0.00016225172649524775,0.002706481513353905,0.4449796713407791,0.5550203286592209,0.2,False
2024-01-30,100304.59432078169,0,0,0.0,0.0,4.029153672922992e-05,0.0027049248895864267,0.44457811923464385,0.5554218807653561,0.2,False
2024-01-31,100304.59432078169,0,0,0.0,0.0,0.00014444733480839403,0.002728119569128807,0.45083722454287817,0.5491627754571218,0.2,False
2024-02-01,100304.59432078169,0,0,0.0,0.0,0.0002368605081525129,0.002732462606234538,0.4531612381028514,0.5468387618971486,0.2,False
2024-02-02,100304.59432078169,0,0,0.0,0.0,0.0002204738617800579,0.0027414724588875642,0.4542761006866026,0.5457238993133974,0.2,False
2024-02-05,100304.59432078169,0,0,0.0,0.0,0.0004810835550042725,0.0027746769991416906,0.46261584002833106,0.5373841599716689,0.2,False
2024-02-06,100304.59432078169,0,0,0.0,0.0,0.0006400560165097207,0.002767731699986897,0.46304116750368596,0.536958832496314,0.2,False
2024-02-07,100304.59432078169,0,0,0.0,0.0,0.0003156792746666078,0.002768057644512891,0.46262304143640376,0.5373769585635962,0.2,False
2024-02-08,100304.59432078169,0,0,0.0,0.0,0.00025369677452365575,0.002767914342968309,0.4624423090242299,0.5375576909757701,0.2,False
2024-02-09,100304.59432078169,0,0,0.0,0.0,0.0003263770962918036,0.0027627029897054024,0.4620894852422056,0.5379105147577944,0.2,False
2024-02-12,100304.59432078169,0,0,0.0,0.0,0.00011547173873618631,0.0027611843626559464,0.46209998229323235,0.5379000177067677,0.2,False
2024-02-13,100304.59432078169,0,0,0.0,0.0,0.0003284534650521954,0.002832131153448513,0.4788931332856746,0.5211068667143254,0.2,False
2024-02-14,100304.59432078169,0,0,0.0,0.0,0.00027611488943873956,0.0028366756683263715,0.4844663855631404,0.5155336144368596,0.2,False
2024-02-15,100304.59432078169,0,0,0.0,0.0,-1.0720549390804064e-05,0.002886640980942629,0.4920328170911162,0.5079671829088839,0.2,False
2024-02-16,100304.59432078169,0,0,0.0,0.0,-3.5549309837191725e-05,0.0028824028985692815,0.4935384814924248,0.5064615185075751,0.2,False
2024-02-20,100304.59432078169,0,0,0.0,0.0,0.00020631532988087491,0.0028538856774110908,0.494509866728932,0.505490133271068,0.2,False
2024-02-21,100304.59432078169,0,0,0.0,0.0,-1.524634501466771e-06,0.0028864556840541055,0.4938496232310026,0.5061503767689974,0.2,False
2024-02-22,100304.59432078169,0,0,0.0,0.0,-5.723976727447787e-07,0.0028789746528194407,0.49371639197564504,0.5062836080243549,0.2,False
2024-02-23,100304.59432078169,0,0,0.0,0.0,-0.00011384068990525728,0.0028774265049920107,0.4939261768006738,0.5060738231993263,0.2,False
2024-02-26,100304.59432078169,0,0,0.0,0.0,-9.473060861694725e-05,0.002878910057625854,0.4941722026533357,0.5058277973466643,0.2,False
2024-02-27,100304.59432078169,0,0,0.0,0.0,0.00040075265101886576,0.002844856403550596,0.4935353558676864,0.5064646441323136,0.2,False
2024-02-28,100304.59432078169,0,0,0.0,0.0,6.524948310689559e-05,0.002840195982835977,0.48991775773735163,0.5100822422626483,0.2,False
2024-02-29,100304.59432078169,0,0,0.0,0.0,0.00019795829940244097,0.0028304195987485445,0.48818017860701723,0.5118198213929828,0.2,False
2024-03-01,100304.59432078169,0,0,0.0,0.0,0.00024837617212720726,0.0028192568385968795,0.4869241774436245,0.5130758225563755,0.2,False
2024-03-04,100304.59432078169,0,0,0.0,0.0,1.9015301880625237e-05,0.0028177634728706207,0.4849420068174142,0.5150579931825858,0.2,False
2024-03-05,100304.59432078169,0,0,0.0,0.0,-7.377828722836908e-05,0.002899060828262196,0.4842104838996429,0.5157895161003572,0.2,False
2024-03-06,100304.59432078169,0,0,0.0,0.0,0.00037746134988225646,0.0027867940292928143,0.47698403794553706,0.523015962054463,0.2,False
2024-03-07,100304.59432078169,0,0,0.0,0.0,0.00046913188328074164,0.0027710599177073465,0.47517711897441317,0.5248228810255868,0.2,False
2024-03-08,100304.59432078169,0,0,0.0,0.0,0.0007108839512833448,0.00277527005292424,0.47620207176655666,0.5237979282334433,0.2,False
2024-03-11,100304.59432078169,0,0,0.0,0.0,-0.00020144259777045523,0.0029258254313046243,0.46785838999797236,0.5321416100020276,0.2,False
2024-03-12,100304.59432078169,0,0,0.0,0.0,-0.0003539785626491827,0.002928139233612576,0.46613049852300686,0.5338695014769932,0.2,False
2024-03-13,100304.59432078169,0,0,0.0,0.0,-0.000434455039336301,0.002922054878649826,0.46676311926230485,0.5332368807376952,0.2,False
2024-03-14,100304.59432078169,0,0,0.0,0.0,-0.0009316449845171039,0.00294689011515035,0.4597723497846446,0.5402276502153553,0.2,False
2024-03-15,100304.59432078169,0,0,0.0,0.0,-0.0010908557933294023,0.0029541997089683066,0.4579761459976188,0.5420238540023812,0.2,False
2024-03-18,100304.59432078169,0,0,0.0,0.0,-0.000948514215469156,0.0029536450825525776,0.45761838031661634,0.5423816196833837,0.2,False
2024-03-19,100304.59432078169,0,0,0.0,0.0,-0.0008562833743503383,0.0029535747264202855,0.4575655061680604,0.5424344938319396,0.2,False
2024-03-20,100304.59432078169,0,0,0.0,0.0,-0.0009650952700110706,0.00293678437185223,0.4607805762699193,0.5392194237300807,0.2,False
2024-03-21,100304.59432078169,0,0,0.0,0.0,-0.0008672459554838366,0.0029347832604200525,0.4618187594122244,0.5381812405877756,0.2,False
2024-03-22,100304.59432078169,0,0,0.0,0.0,-0.0006430152206224897,0.0029309774100401806,0.4660106366195101,0.53398936338049,0.2,False
2024-03-25,100304.59432078169,0,0,0.0,0.0,-0.0003933665474072668,0.0029284406258636496,0.4665430825893555,0.5334569174106445,0.2,False
2024-03-26,100304.59432078169,0,0,0.0,0.0,-0.00045381286723423836,0.0029294696753310277,0.4665048435198363,0.5334951564801638,0.2,False
2024-03-27,100304.59432078169,0,0,0.0,0.0,-0.00010211453845758812,0.0029326214336040063,0.46217763074656926,0.5378223692534307,0.2,False
2024-03-28,100304.59432078169,0,0,0.0,0.0,-0.00041055622393444604,0.0029301444320224846,0.4619772306532584,0.5380227693467416,0.2,False
2024-04-01,100304.59432078169,0,0,0.0,0.0,-0.0005075515530712662,0.0029333003545930735,0.46165338606127365,0.5383466139387263,0.2,False
2024-04-02,100304.59432078169,0,0,0.0,0.0,-0.00036421402743083204,0.002933201301342176,0.4628563793011739,0.537143620698826,0.2,False
2024-04-03,100304.59432078169,0,0,0.0,0.0,-0.00048260039291045533,0.002928380783480984,0.46352838659866513,0.5364716134013349,0.2,False
2024-04-04,100304.59432078169,0,0,0.0,0.0,-0.0005410678156804947,0.002931525813934425,0.46359677585031456,0.5364032241496854,0.2,False
2024-04-05,100304.59432078169,0,0,0.0,0.0,-0.0006202263178423505,0.002925870299935047,0.46457100332778195,0.5354289966722181,0.2,False
2024-04-08,100304.59432078169,0,0,0.0,0.0,-0.00036825560769346315,0.0029254390086586187,0.4638234196398503,0.5361765803601497,0.2,False
2024-04-09,100304.59432078169,0,0,0.0,0.0,-0.0002940102353289645,0.0029220893978782925,0.4633412748911675,0.5366587251088325,0.2,False
2024-04-10,100304.59432078169,0,0,0.0,0.0,-0.0007594989017214761,0.002952820050889264,0.4554632664339004,0.5445367335660996,0.2,False
2024-04-11,100304.59432078169,0,0,0.0,0.0,-0.000305986825967453,0.0029544905166982442,0.4552955917837199,0.5447044082162801,0.2,False
2024-04-12,100304.59432078169,0,0,0.0,0.0,-0.0004351795904718475,0.0029633807233448686,0.45671775379619367,0.5432822462038063,0.2,False
2024-04-15,100304.59432078169,0,0,0.0,0.0,-0.00042593816018563597,0.002964132402456441,0.4578642441107403,0.5421357558892597,0.2,False
2024-04-16,100304.59432078169,0,0,0.0,0.0,-0.0011962420233778714,0.003000655112258954,0.4471490134892834,0.5528509865107166,0.2,False
2024-04-17,100304.59432078169,0,0,0.0,0.0,-0.0007875803361135866,0.003008481554528755,0.4414875096990177,0.5585124903009824,0.2,False
2024-04-18,100304.59432078169,0,0,0.0,0.0,-0.001357780543303518,0.0030175194722111003,0.4383506871392232,0.5616493128607768,0.2,False
2024-04-19,100304.59432078169,0,0,0.0,0.0,-0.0015586094773832899,0.0030113266967347744,0.43984748765175785,0.5601525123482421,0.2,False
2024-04-22,100304.59432078169,0,0,0.0,0.0,-0.0012016861292034693,0.003012180207173336,0.4371715057277619,0.5628284942722381,0.2,False
2024-04-23,100304.59432078169,0,0,0.0,0.0,-0.0011796695186420026,0.003003727342550155,0.4380346526023032,0.5619653473976969,0.2,False
2024-04-24,100304.59432078169,0,0,0.0,0.0,-0.0009625265742197168,0.0029990691501798755,0.44160848696845184,0.5583915130315482,0.2,False
2024-04-25,100304.59432078169,0,0,0.0,0.0,-0.0014340080461582095,0.0030007159177301954,0.4415789711361775,0.5584210288638225,0.2,False
2024-04-26,100304.59432078169,0,0,0.0,0.0,-0.0012552120858493878,0.0030006613488934336,0.44079203776755765,0.5592079622324424,0.2,False
2024-04-29,100304.59432078169,0,0,0.0,0.0,-0.0008343799060761975,0.0030023890179062675,0.43780506279334536,0.5621949372066546,0.2,False
2024-04-30,100304.59432078169,0,0,0.0,0.0,-0.00102288641753138,0.0030130173050575445,0.44016750151839923,0.5598324984816008,0.2,False
2024-05-01,100304.59432078169,0,0,0.0,0.0,-0.0010400006051365328,0.003010765717520272,0.4404431383526097,0.5595568616473903,0.2,False
2024-05-02,100304.59432078169,0,0,0.0,0.0,-0.0006060204190137949,0.003009959058796592,0.43616939813324807,0.5638306018667519,0.2,False
2024-05-03,100304.59432078169,0,0,0.0,0.0,-0.00014074903556023983,0.0030144820212078933,0.4315079103396556,0.5684920896603445,0.2,False
2024-05-06,100304.59432078169,0,0,0.0,0.0,-0.00036109073757500704,0.002995097337687135,0.43674218006592663,0.5632578199340734,0.2,False
2024-05-07,100304.59432078169,0,0,0.0,0.0,0.0003013119083560077,0.0026589158636962087,0.4363267592942986,0.5636732407057015,0.2,False
2024-05-08,100304.59432078169,0,0,0.0,0.0,0.00015153594146639205,0.0026595450673077784,0.4357501428805673,0.5642498571194328,0.2,False
2024-05-09,100304.59432078169,0,0,0.0,0.0,-0.00044989065271350016,0.002986140940889763,0.4391117044150292,0.5608882955849708,0.2,False
2024-05-10,100304.59432078169,0,0,0.0,0.0,-0.00032746593287306605,0.0029862178995076765,0.44025089408555634,0.5597491059144437,0.2,False
2024-05-13,100304.59432078169,0,0,0.0,0.0,-0.00010799665841952914,0.002984097736961849,0.4408111937909942,0.5591888062090058,0.2,False
2024-05-14,100304.59432078169,0,0,0.0,0.0,0.00017428303647805813,0.0026692305759085104,0.4401091096681402,0.5598908903318598,0.2,False
2024-05-15,100304.59432078169,0,0,0.0,0.0,0.0007711014706507407,0.0026451190630896095,0.4345813398981638,0.5654186601018363,0.2,False
2024-05-16,100304.59432078169,0,0,0.0,0.0,0.001005715052935231,0.0026405526315901174,0.43311874816437,0.56688125183563,0.2,False
2024-05-17,100304.59432078169,0,0,0.0,0.0,0.0007942107476120258,0.0026418283640283154,0.43493645982696655,0.5650635401730335,0.2,False
2024-05-20,100304.59432078169,0,0,0.0,0.0,0.0003806318573540549,0.002638479712464851,0.4332351770155142,0.5667648229844858,0.2,False
2024-05-21,100304.59432078169,0,0,0.0,0.0,0.0005861381318683984,0.0026391089780484663,0.4335460835511583,0.5664539164488417,0.2,False
2024-05-22,100304.59432078169,0,0,0.0,0.0,-2.6304962051037502e-05,0.003016400619561243,0.42551111031873246,0.5744888896812675,0.2,False
2024-05-23,100304.59432078169,0,0,0.0,0.0,0.00016858373605516306,0.0026373395605661814,0.42780268433334334,0.5721973156666567,0.2,False
2024-05-24,100304.59432078169,0,0,0.0,0.0,4.929907194647263e-05,0.002641680975498189,0.4320709646737805,0.5679290353262195,0.2,False
2024-05-28,100304.59432078169,0,0,0.0,0.0,-2.7937236892554564e-05,0.003001248276577894,0.4328429286754138,0.5671570713245861,0.2,False
2024-05-29,100304.59432078169,0,0,0.0,0.0,0.0002314088371353838,0.0027056682243997063,0.4481305647477306,0.5518694352522694,0.2,False
2024-05-30,100304.59432078169,0,0,0.0,0.0,0.00016804156176637453,0.002715184736573072,0.45370373384645024,0.5462962661535498,0.2,False
2024-05-31,100304.59432078169,0,0,0.0,0.0,-0.00016815105379933173,0.0029324426970770974,0.4618415753182173,0.5381584246817828,0.2,False
2024-06-03,100304.59432078169,0,0,0.0,0.0,0.0008941154464303929,0.0027421684064442386,0.4652855948558254,0.5347144051441746,0.2,False
2024-06-04,100304.59432078169,0,0,0.0,0.0,0.0010295938404523556,0.002753818071536529,0.46777530198253225,0.5322246980174677,0.2,False
2024-06-05,100304.59432078169,0,0,0.0,0.0,0.00145318144222111,0.0027403672547739004,0.4654381238482737,0.5345618761517263,0.2,False
2024-06-06,100304.59432078169,0,0,0.0,0.0,0.0015688311786387903,0.0027352345959394523,0.46472599351353017,0.5352740064864698,0.2,False
2024-06-07,100304.59432078169,0,0,0.0,0.0,0.0014787854670755298,0.002745739381175546,0.46570606852118285,0.5342939314788171,0.2,False
2024-06-10,100304.59432078169,0,0,0.0,0.0,0.001404380555535807,0.002746809483242829,0.4660643193460629,0.533935680653937,0.2,False
2024-06-11,100304.59432078169,0,0,0.0,0.0,0.0011959426068737953,0.0027604624040146893,0.4649168478525214,0.5350831521474786,0.2,False
2024-06-12,100304.59432078169,0,0,0.0,0.0,0.001817399409027412,0.002735430681370697,0.4597471764924481,0.5402528235075519,0.2,False
2024-06-13,100304.59432078169,0,0,0.0,0.0,0.0023675800995222357,0.002758334314164148,0.4652946971419989,0.5347053028580011,0.2,False
2024-06-14,100304.59432078169,0,0,0.0,0.0,0.0019147503420960162,0.0027613764352880446,0.46453964732403963,0.5354603526759604,0.2,False
2024-06-17,100304.59432078169,0,0,0.0,0.0,0.0022399755203997675,0.002759686139544272,0.46416729963115416,0.5358327003688459,0.2,False
2024-06-18,100304.59432078169,0,0,0.0,0.0,0.002939124319284509,0.003668597707060133,0.46005973054301735,0.5399402694569826,0.05,False
2024-06-20,100304.59432078169,0,0,0.0,0.0,0.002868698697037725,0.0036676662914624653,0.45924903554196583,0.5407509644580342,0.05,False
2024-06-21,100304.59432078169,0,0,0.0,0.0,0.002597626065617669,0.002739866115516036,0.45838346386018514,0.5416165361398149,0.2,False
2024-06-24,100304.59432078169,0,0,0.0,0.0,0.0016926597816429348,0.0027691965910055186,0.47092713211100246,0.5290728678889975,0.2,False
2024-06-25,100304.59432078169,0,0,0.0,0.0,0.0019469399329735103,0.0027760736495425604,0.47356517940266674,0.5264348205973333,0.2,False
2024-06-26,100304.59432078169,0,0,0.0,0.0,0.0012708702265994925,0.0027670556624858574,0.46844486406805225,0.5315551359319477,0.2,False
2024-06-27,100304.59432078169,0,0,0.0,0.0,0.001345318547413607,0.002759735462920685,0.4676677139602654,0.5323322860397346,0.2,False
2024-06-28,100304.59432078169,0,0,0.0,0.0,0.0014658677564146256,0.0027622134124439513,0.46802196561451015,0.5319780343854899,0.2,False
2024-07-01,100304.59432078169,0,0,0.0,0.0,0.0011524226909929883,0.0027665755862502145,0.4683419069946021,0.5316580930053979,0.2,False
2024-07-02,100304.59432078169,0,0,0.0,0.0,0.0007384296066187685,0.0027779684228489672,0.473900239984524,0.526099760015476,0.2,False
2024-07-03,100304.59432078169,0,0,0.0,0.0,0.0008106517865334653,0.0027704127101822397,0.47544148969038447,0.5245585103096155,0.2,False
2024-07-05,100304.59432078169,0,0,0.0,0.0,0.0014344783391063308,0.0027718091975294365,0.476182978280014,0.523817021719986,0.2,False
2024-07-08,100304.59432078169,0,0,0.0,0.0,0.0008477185877649114,0.0027625376720105455,0.4719844057165156,0.5280155942834843,0.2,False
2024-07-09,100304.59432078169,0,0,0.0,0.0,0.001076252668116248,0.0027637272772160575,0.47171346512439755,0.5282865348756025,0.2,False
2024-07-10,100304.59432078169,0,0,0.0,0.0,0.0010284562388898006,0.0027633248944181213,0.47523901126319495,0.524760988736805,0.2,False
2024-07-11,100304.59432078169,0,0,0.0,0.0,0.0008893508878677199,0.0027660988201667633,0.4772724028893787,0.5227275971106213,0.2,False
2024-07-12,100304.59432078169,0,0,0.0,0.0,0.0013263668868178707,0.002743274720503993,0.47171992302405014,0.5282800769759499,0.2,False
2024-07-15,100304.59432078169,0,0,0.0,0.0,0.0010976437461926469,0.002737707999178161,0.46942664426880765,0.5305733557311924,0.2,False
2024-07-16,100304.59432078169,0,0,0.0,0.0,0.0005848375787742108,0.0027464941474483425,0.47393468904364056,0.5260653109563594,0.2,False
2024-07-17,100304.59432078169,0,0,0.0,0.0,0.0005665337773648361,0.002756251511044729,0.4755567942392922,0.5244432057607078,0.2,False
2024-07-18,100304.59432078169,0,0,0.0,0.0,0.0003298774366330363,0.002753098611148921,0.4726982043332793,0.5273017956667208,0.2,False
2024-07-19,100304.59432078169,0,0,0.0,0.0,8.20511481914433e-05,0.002751985738430925,0.47019443529036703,0.5298055647096329,0.2,False
2024-07-22,100304.59432078169,0,0,0.0,0.0,-0.000118250611050787,0.0029009755626003488,0.47144056095300757,0.5285594390469924,0.2,False
2024-07-23,100304.59432078169,0,0,0.0,0.0,-6.126220302265825e-05,0.002900235548601549,0.47316443219875604,0.526835567801244,0.2,False
2024-07-24,100304.59432078169,0,0,0.0,0.0,-0.00051878171500245,0.0029293686206933556,0.464601334939642,0.5353986650603579,0.2,False
2024-07-25,100304.59432078169,0,0,0.0,0.0,-0.0006894477690254368,0.0029393335670520023,0.46196889368075433,0.5380311063192457,0.2,False
2024-07-26,100304.59432078169,0,0,0.0,0.0,-0.00039551270079376784,0.0029421741764159115,0.4569633479723905,0.5430366520276095,0.2,False
2024-07-29,100304.59432078169,0,0,0.0,0.0,-0.0005924267419674384,0.0029504069800618295,0.45458307336434334,0.5454169266356567,0.2,False
2024-07-30,100304.59432078169,0,0,0.0,0.0,-0.00042408612589808027,0.002951500787945181,0.4529286730955878,0.5470713269044122,0.2,False
2024-07-31,100304.59432078169,0,0,0.0,0.0,-0.0004517077219306131,0.002935006874253256,0.4564646232744489,0.5435353767255511,0.2,False
2024-08-01,100304.59432078169,0,0,0.0,0.0,-0.0006284576203500334,0.0029337403955516377,0.46298865274075046,0.5370113472592495,0.2,False
2024-08-02,100304.59432078169,0,0,0.0,0.0,-0.0002613089607587671,0.0029158518826225,0.4755377164842474,0.5244622835157526,0.2,False
2024-08-05,100304.59432078169,0,0,0.0,0.0,-0.0012051951030763526,0.0029720135220177722,0.460214790551014,0.539785209448986,0.2,False
2024-08-06,100304.59432078169,0,0,0.0,0.0,-0.0010129457950251743,0.0029702471129693635,0.45660632308531685,0.5433936769146832,0.2,False
2024-08-07,100304.59432078169,0,0,0.0,0.0,-0.0010817697010093962,0.0029706495952959463,0.45584240498166445,0.5441575950183355,0.2,False
2024-08-08,100304.59432078169,0,0,0.0,0.0,-0.0007106711494950002,0.002965620464142397,0.45290302791204845,0.5470969720879515,0.2,False
2024-08-09,100304.59432078169,0,0,0.0,0.0,-0.0005218666675324234,0.002962476996647102,0.4516709387747141,0.5483290612252859,0.2,False
2024-08-12,100304.59432078169,0,0,0.0,0.0,-0.0007281341271587521,0.0029645772461913333,0.45142111003110513,0.5485788899688948,0.2,False
2024-08-13,100304.59432078169,0,0,0.0,0.0,-0.0006175518023952858,0.002953650489364747,0.4520806251715378,0.5479193748284622,0.2,False
2024-08-14,100304.59432078169,0,0,0.0,0.0,-0.0013520113555223646,0.002953993502249234,0.4518429300870831,0.5481570699129169,0.2,False
2024-08-15,100304.59432078169,0,0,0.0,0.0,-0.001472136844088808,0.002943819364971784,0.4536358810117662,0.5463641189882338,0.2,False
2024-08-16,100304.59432078169,0,0,0.0,0.0,-0.0010841620223378708,0.002941460730415842,0.45221125569978743,0.5477887443002125,0.2,False
2024-08-19,100304.59432078169,0,0,0.0,0.0,-0.0003991903831640847,0.0029467626531581147,0.4463771326317948,0.5536228673682052,0.2,False
2024-08-20,100304.59432078169,0,0,0.0,0.0,-0.0005739768714276845,0.002953637404906943,0.4447155249623713,0.5552844750376287,0.2,False
2024-08-21,100304.59432078169,0,0,0.0,0.0,-0.00020233217209511417,0.0029551298101872046,0.4427268319578295,0.5572731680421705,0.2,False
2024-08-22,100304.59432078169,0,0,0.0,0.0,-0.0005500291274689882,0.002964028333512224,0.4406078729151916,0.5593921270848083,0.2,False
2024-08-23,100304.59432078169,0,0,0.0,0.0,-0.0001796067616894604,0.0029517496251822667,0.4391934076525992,0.5608065923474008,0.2,False
2024-08-26,100304.59432078169,0,0,0.0,0.0,-0.0005021425907214702,0.0029519311493056578,0.43878198869893414,0.5612180113010659,0.2,False
2024-08-27,100304.59432078169,0,0,0.0,0.0,-0.0005830326895761269,0.0029556387800100275,0.43862222403200185,0.5613777759679981,0.2,False
2024-08-28,100304.59432078169,0,0,0.0,0.0,-0.00016983300365950725,0.0029493699079146288,0.44133643526925,0.5586635647307501,0.2,False
2024-08-29,100304.59432078169,0,0,0.0,0.0,0.00018693618056026285,0.0026370074292022894,0.44051938876193647,0.5594806112380635,0.2,False
2024-08-30,100304.59432078169,0,0,0.0,0.0,-0.0006608572142771171,0.0029528265681709803,0.4388606884288778,0.5611393115711222,0.2,False
2024-09-03,100304.59432078169,0,0,0.0,0.0,-0.0004434605369851591,0.002946156689094348,0.44607813956193815,0.5539218604380618,0.2,False
2024-09-04,100304.59432078169,0,0,0.0,0.0,-0.000664394537902136,0.0029405316192924144,0.44747530652367346,0.5525246934763266,0.2,False
2024-09-05,100304.59432078169,0,0,0.0,0.0,-0.0002185058786455549,0.002939422599236145,0.44791541602087875,0.5520845839791213,0.2,False
2024-09-06,100304.59432078169,0,0,0.0,0.0,-0.000603231193317764,0.0029544923683581456,0.4456312829273094,0.5543687170726905,0.2,False
2024-09-09,100304.59432078169,0,0,0.0,0.0,-0.000223054755131518,0.002952810344520736,0.4425863013583906,0.5574136986416094,0.2,False
2024-09-10,100304.59432078169,0,0,0.0,0.0,-0.00018286606841571142,0.0029556925966166482,0.44265366256147515,0.5573463374385248,0.2,False
2024-09-11,100304.59432078169,0,0,0.0,0.0,-0.0005843941091167918,0.002939952967110852,0.44683028151758564,0.5531697184824144,0.2,False
2024-09-12,100304.59432078169,0,0,0.0,0.0,-5.6326443065654026e-05,0.0029398754196056417,0.4436338237467015,0.5563661762532985,0.2,False
2024-09-13,100304.59432078169,0,0,0.0,0.0,-0.0005083510025471976,0.0029420146223600283,0.44240212447894883,0.5575978755210511,0.2,False
2024-09-16,100304.59432078169,0,0,0.0,0.0,4.4220308240556296e-05,0.0026198029969165845,0.4386157774040808,0.5613842225959191,0.2,False
2024-09-17,100304.59432078169,0,0,0.0,0.0,-0.00014206275363929177,0.0029508634490032623,0.43736490178707416,0.5626350982129258,0.2,False
2024-09-18,100304.59432078169,0,0,0.0,0.0,3.348315082133269e-05,0.002625709008190405,0.43830739585151196,0.561692604148488,0.2,False
2024-09-19,100304.59432078169,0,0,0.0,0.0,0.0006337962675308578,0.0026012361209191335,0.43393436665383534,0.5660656333461647,0.2,False
2024-09-20,100304.59432078169,0,0,0.0,0.0,-9.030917308036014e-05,0.002963062715739204,0.4289503637301528,0.5710496362698472,0.2,False
2024-09-23,100304.59432078169,0,0,0.0,0.0,-0.00013146397192435985,0.002961568863327388,0.4283121783749296,0.5716878216250705,0.2,False
2024-09-24,100304.59432078169,0,0,0.0,0.0,-5.95374358617027e-05,0.002957334307280992,0.42846513492063326,0.5715348650793668,0.2,False
2024-09-25,100304.59432078169,0,0,0.0,0.0,-0.0007714558878876497,0.002975124854573408,0.42332482405369753,0.5766751759463025,0.2,False
2024-09-26,100304.59432078169,0,0,0.0,0.0,0.0001688267966189672,0.0025402851606834654,0.4152302713666313,0.5847697286333686,0.2,False
2024-09-27,100304.59432078169,0,0,0.0,0.0,0.0006892284068633355,0.0025391655226632386,0.41519634572815534,0.5848036542718447,0.2,False
2024-09-30,100304.59432078169,0,0,0.0,0.0,0.0007005151061150103,0.00254086146538718,0.4151891684821057,0.5848108315178944,0.2,False
2024-10-01,100304.59432078169,0,0,0.0,0.0,-1.0719968765316074e-05,0.0029928059835088805,0.41276924300490847,0.5872307569950915,0.2,False
2024-10-02,100304.59432078169,0,0,0.0,0.0,2.144681802435158e-05,0.0025334208747674,0.4124829630338379,0.5875170369661621,0.2,False
2024-10-03,100304.59432078169,0,0,0.0,0.0,-0.0004113795414867313,0.00300282361797195,0.4109329786401233,0.5890670213598768,0.2,False
2024-10-04,100304.59432078169,0,0,0.0,0.0,-0.0013241041113463687,0.0030063310601159323,0.40937900552283474,0.5906209944771652,0.2,False
2024-10-07,100304.59432078169,0,0,0.0,0.0,-0.001114516423637983,0.0030060192120282317,0.41115201868395657,0.5888479813160434,0.2,False
2024-10-08,100304.59432078169,0,0,0.0,0.0,-0.000811037815529843,0.0029994237798290067,0.4144332631283071,0.5855667368716929,0.2,False
2024-10-09,100304.59432078169,0,0,0.0,0.0,-0.001387370142791562,0.0029974956590360577,0.4153588380278454,0.5846411619721545,0.2,False
2024-10-10,100304.59432078169,0,0,0.0,0.0,-0.0011689234488573294,0.002996201656949666,0.41526076983692345,0.5847392301630765,0.2,False
2024-10-11,100304.59432078169,0,0,0.0,0.0,-0.001027086250550408,0.002993165577834497,0.4149907710822707,0.5850092289177293,0.2,False
2024-10-14,100304.59432078169,0,0,0.0,0.0,-0.0009577042956545926,0.0029940588727433407,0.4149888918031337,0.5850111081968663,0.2,False
2024-10-15,100304.59432078169,0,0,0.0,0.0,-0.0011727173885965883,0.0029968881638855827,0.4147160893418668,0.5852839106581331,0.2,False
2024-10-16,100304.59432078169,0,0,0.0,0.0,-0.0016171058551094992,0.0029845917381996576,0.418067138434437,0.581932861565563,0.2,False
2024-10-17,100304.59432078169,0,0,0.0,0.0,-0.001624271539399634,0.0029828538360537737,0.41884042145529454,0.5811595785447055,0.2,False
2024-10-18,100304.59432078169,0,0,0.0,0.0,-0.0016156906470522114,0.002980374852208785,0.4191051397006331,0.5808948602993669,0.2,False
2024-10-21,100304.59432078169,0,0,0.0,0.0,-0.0020873264261689743,0.0029910218149412035,0.4168011108659399,0.58319888913406,0.2,False
2024-10-22,100304.59432078169,0,0,0.0,0.0,-0.002326924886722551,0.002993743897366786,0.4159478810235207,0.5840521189764794,0.2,False
2024-10-23,100304.59432078169,0,0,0.0,0.0,-0.00255611022630379,0.00300064956829347,0.41585901641570805,0.5841409835842919,0.2,False
2024-10-24,100304.59432078169,0,0,0.0,0.0,-0.0019011933989305121,0.0030005058428559045,0.41479136536892364,0.5852086346310763,0.2,False
2024-10-25,100304.59432078169,0,0,0.0,0.0,-0.0018914846888000668,0.0030021410226542602,0.41631087942890477,0.5836891205710952,0.2,False
2024-10-28,100304.59432078169,0,0,0.0,0.0,-0.0019997542165849647,0.0029941768812404954,0.41827090422660024,0.5817290957733998,0.2,False
2024-10-29,100304.59432078169,0,0,0.0,0.0,-0.002127122596946948,0.0029960536410723704,0.41847850943520887,0.5815214905647912,0.2,False
2024-10-30,100304.59432078169,0,0,0.0,0.0,-0.002338751891652379,0.0030009279833537413,0.4176937219471605,0.5823062780528395,0.2,False
2024-10-31,100304.59432078169,0,0,0.0,0.0,-0.0018544251002488936,0.0029802854053709218,0.42925484120914853,0.5707451587908514,0.2,False
2024-11-01,100304.59432078169,0,0,0.0,0.0,-0.0011678394742647856,0.0029749452856494764,0.43095640315195255,0.5690435968480474,0.2,False
2024-11-04,100304.59432078169,0,0,0.0,0.0,-0.0013431603810166988,0.002969735946507012,0.43305956413036195,0.566940435869638,0.2,False
2024-11-05,100304.59432078169,0,0,0.0,0.0,-0.0011243066567993322,0.002961508577905959,0.43221709537786446,0.5677829046221355,0.2,False
2024-11-06,100304.59432078169,0,0,0.0,0.0,-0.001618472038985199,0.0029649338933012215,0.43124236125722754,0.5687576387427724,0.2,False
2024-11-07,100304.59432078169,0,0,0.0,0.0,-0.0008715673690323206,0.002993773363993835,0.41357276011884236,0.5864272398811576,0.2,False
2024-11-08,100304.59432078169,0,0,0.0,0.0,-0.0012427582000943825,0.0030186246924375293,0.40722405987887206,0.5927759401211279,0.2,False
2024-11-11,100304.59432078169,0,0,0.0,0.0,-0.0014131415940765862,0.0030181866493501353,0.406394886527554,0.593605113472446,0.2,False
2024-11-12,100304.59432078169,0,0,0.0,0.0,-0.002503130734979143,0.003035298095502856,0.4,0.6,0.2,False
2024-11-13,100304.59432078169,0,0,0.0,0.0,-0.002207635151434323,0.0030362035418719274,0.4,0.6,0.2,False
2024-11-14,100304.59432078169,0,0,0.0,0.0,-0.0019415370418558364,0.0030378405370661316,0.4,0.6,0.2,False
2024-11-15,100304.59432078169,0,0,0.0,0.0,-0.001475461288562947,0.0030335520680382345,0.4026262576574138,0.5973737423425862,0.2,False
2024-11-18,100304.59432078169,0,0,0.0,0.0,-0.001184787206025191,0.003030734413873062,0.4006695663418965,0.5993304336581036,0.2,False
2024-11-19,100304.59432078169,0,0,0.0,0.0,-0.0010499173142536251,0.0030283815901871,0.4,0.6,0.2,False
2024-11-20,100304.59432078169,0,0,0.0,0.0,-0.0011851462871910446,0.0030315668329120916,0.4,0.6,0.2,False
2024-11-21,100304.59432078169,0,0,0.0,0.0,-0.0014437816120675994,0.0029947265816386423,0.4119871416427852,0.5880128583572148,0.2,False
2024-11-22,100304.59432078169,0,0,0.0,0.0,-0.0012951923188577676,0.002988382164675414,0.4144214706308617,0.5855785293691382,0.2,False
2024-11-25,100304.59432078169,0,0,0.0,0.0,-0.0011709820790444258,0.0029860363450639822,0.4155598772408992,0.5844401227591007,0.2,False
2024-11-26,100304.59432078169,0,0,0.0,0.0,-0.0013672314276484685,0.002994663590621741,0.41405042908676354,0.5859495709132365,0.2,False
2024-11-27,100304.59432078169,0,0,0.0,0.0,-0.001122250051044636,0.002995704766698077,0.41141836540923094,0.5885816345907691,0.2,False
2024-11-29,100304.59432078169,0,0,0.0,0.0,-0.0012043581085192361,0.002984259063847099,0.41406390049867614,0.5859360995013239,0.2,False
2024-12-02,100304.59432078169,0,0,0.0,0.0,-0.00031767313596807846,0.0029819669899888127,0.41580902892245536,0.5841909710775446,0.2,False
2024-12-03,100304.59432078169,0,0,0.0,0.0,-0.0003083551231642054,0.0029839256240721023,0.41671409340002635,0.5832859065999736,0.2,False
2024-12-04,100304.59432078169,0,0,0.0,0.0,-0.0003515623543634041,0.00298548515027404,0.41573603583876606,0.5842639641612339,0.2,False
2024-12-05,100304.59432078169,0,0,0.0,0.0,-0.0004376685021587047,0.0029830847191000365,0.41744189906440055,0.5825581009355995,0.2,False
2024-12-06,100304.59432078169,0,0,0.0,0.0,-0.0004755362765957198,0.0029873909884005245,0.41770041222538096,0.5822995877746191,0.2,False
2024-12-09,100304.59432078169,0,0,0.0,0.0,-0.0002832948290927345,0.0029992469929876493,0.41208895620017705,0.587911043799823,0.2,False
2024-12-10,100304.59432078169,0,0,0.0,0.0,-0.0004102186077410999,0.003026694216785502,0.40287567184527207,0.5971243281547279,0.2,False
2024-12-11,100304.59432078169,0,0,0.0,0.0,-0.00043695076922248917,0.0030262717968994163,0.4020658035812164,0.5979341964187836,0.2,False
2024-12-12,100304.59432078169,0,0,0.0,0.0,-0.00044164945401910455,0.003019898805408161,0.40888026287516166,0.5911197371248383,0.2,False
2024-12-13,100304.59432078169,0,0,0.0,0.0,-0.0004293507472820533,0.0030173564364383183,0.410936829913946,0.589063170086054,0.2,False
2024-12-16,100304.59432078169,0,0,0.0,0.0,-0.0003390612726778438,0.0030161827690819557,0.41231075187234845,0.5876892481276516,0.2,False
2024-12-17,100304.59432078169,0,0,0.0,0.0,-0.00023440417037357477,0.0030210552571843853,0.4138357959294692,0.5861642040705308,0.2,False
2024-12-18,100304.59432078169,0,0,0.0,0.0,-0.0002675118696197696,0.003010228934160994,0.42707852413850783,0.5729214758614922,0.2,False
2024-12-19,100304.59432078169,0,0,0.0,0.0,-0.00026593348109948576,0.003006732412059002,0.43021746663578375,0.5697825333642162,0.2,False
2024-12-20,100304.59432078169,0,0,0.0,0.0,-0.0003592814727513227,0.0029970357758451745,0.43373342220542893,0.566266577794571,0.2,False
2024-12-23,100304.59432078169,0,0,0.0,0.0,-0.0002638517817891565,0.0029998459445801156,0.4296011483057184,0.5703988516942816,0.2,False
2024-12-24,100304.59432078169,0,0,0.0,0.0,-0.00029375160373281355,0.002994214662090463,0.43112267844978197,0.5688773215502181,0.2,False
2024-12-26,100304.59432078169,0,0,0.0,0.0,-0.00022158107814662764,0.0029941491486579616,0.43023935996412155,0.5697606400358785,0.2,False
2024-12-27,100304.59432078169,0,0,0.0,0.0,-0.00027149359235937453,0.0030038367519644605,0.42849303101058256,0.5715069689894174,0.2,False
2024-12-30,100304.59432078169,0,0,0.0,0.0,-0.0002657175995127061,0.003006778440571059,0.4283164721061371,0.5716835278938629,0.2,False
2024-12-31,100304.59432078169,0,0,0.0,0.0,-0.00036299095722715056,0.0030053891857759903,0.42932022695316996,0.57067977304683,0.2,False
2025-01-02,100304.59432078169,0,0,0.0,0.0,-0.0004616477468741423,0.0030018292954745803,0.4292906769293052,0.5707093230706948,0.2,False
2025-01-03,100304.59432078169,0,0,0.0,0.0,-0.0003615625009360104,0.0030034461199757606,0.42594453389998904,0.574055466100011,0.2,False
2025-01-06,100304.59432078169,0,0,0.0,0.0,-0.00035688235242999593,0.0030013389957478246,0.4259302944554262,0.5740697055445738,0.2,False
2025-01-07,100304.59432078169,0,0,0.0,0.0,-0.00031811663099124213,0.003002622075783372,0.42736396766979,0.57263603233021,0.2,False
2025-01-08,100304.59432078169,0,0,0.0,0.0,-0.00030259847681462034,0.002996478017223238,0.4280899719410521,0.571910028058948,0.2,False
2025-01-10,100304.59432078169,0,0,0.0,0.0,-0.00033096062555572456,0.0029976441165051335,0.4332995990711275,0.5667004009288725,0.2,False
2025-01-13,100304.59432078169,0,0,0.0,0.0,-0.00020087341659617575,0.002995207659237175,0.4342619448289534,0.5657380551710466,0.2,False
2025-01-14,100304.59432078169,0,0,0.0,0.0,-0.0002168001233121615,0.002988963705706726,0.4357304881626428,0.5642695118373572,0.2,False
2025-01-15,100304.59432078169,0,0,0.0,0.0,-0.00013826834987194542,0.002984787070066768,0.4345219283455343,0.5654780716544656,0.2,False
2025-01-16,100304.59432078169,0,0,0.0,0.0,-0.00010523079645518394,0.002983325913033663,0.4344494236173253,0.5655505763826747,0.2,False
2025-01-17,100304.59432078169,0,0,0.0,0.0,-0.00021037520428616866,0.002984138277799263,0.43460364500342247,0.5653963549965775,0.2,False
2025-01-21,100304.59432078169,0,0,0.0,0.0,-0.00010812519836709188,0.0029741284170447945,0.43285997902322587,0.5671400209767741,0.2,False
2025-01-22,100304.59432078169,0,0,0.0,0.0,-8.864485991034005e-05,0.0029766986364578043,0.43307332307825325,0.5669266769217467,0.2,False
2025-01-23,100304.59432078169,0,0,0.0,0.0,-0.00021018620656124338,0.002966486461149103,0.4367135153582571,0.5632864846417429,0.2,False
2025-01-24,100304.59432078169,0,0,0.0,0.0,-0.00017389743519261887,0.002961509015565338,0.43717666133425664,0.5628233386657433,0.2,False
2025-01-27,100304.59432078169,0,0,0.0,0.0,-5.088157414812834e-05,0.002955720277585329,0.44070048234429243,0.5592995176557076,0.2,False
2025-01-28,100304.59432078169,0,0,0.0,0.0,-0.0001144246415133781,0.0029574576777079945,0.44104729969176276,0.5589527003082373,0.2,False
2025-01-29,100304.59432078169,0,0,0.0,0.0,-0.00025688580824084604,0.002958721610047476,0.4399756728723804,0.5600243271276196,0.2,False
2025-01-30,100304.59432078169,0,0,0.0,0.0,-0.00015667286543724905,0.0029604799643982546,0.4368417923427737,0.5631582076572264,0.2,False
2025-01-31,100304.59432078169,0,0,0.0,0.0,-0.00014238201204377449,0.0029605153824363802,0.4404460550012481,0.5595539449987519,0.2,False
2025-02-03,100304.59432078169,0,0,0.0,0.0,0.0,0.0029411193226848297,0.45174172120394324,0.5482582787960568,0.2,False
2025-02-04,100304.59432078169,0,0,0.0,0.0,0.0,0.002904155537285143,0.4641641632605215,0.5358358367394784,0.2,False
2025-02-05,100304.59432078169,0,0,0.0,0.0,0.0,0.0028874436507538887,0.468052491232353,0.5319475087676471,0.2,False
2025-02-06,100304.59432078169,0,0,0.0,0.0,0.0,0.002886439581593793,0.46824072191870053,0.5317592780812994,0.2,False
2025-02-07,100304.59432078169,0,0,0.0,0.0,0.0,0.002892045764677189,0.4666934569299772,0.5333065430700228,0.2,False
2025-02-10,100304.59432078169,0,0,0.0,0.0,0.0,0.0028835678572749286,0.4680988471592127,0.5319011528407873,0.2,False
2025-02-11,100304.59432078169,0,0,0.0,0.0,0.0,0.0028843087576239657,0.46817578850499075,0.5318242114950092,0.2,False
2025-02-12,100304.59432078169,0,0,0.0,0.0,0.0,0.002887433872773861,0.4659299727660839,0.5340700272339161,0.2,False
2025-02-13,100304.59432078169,0,0,0.0,0.0,0.0,0.002881107898996687,0.46486498217266814,0.5351350178273319,0.2,False
2025-02-14,100304.59432078169,0,0,0.0,0.0,0.0,0.002881380263062677,0.46612756465473626,0.5338724353452637,0.2,False
2025-02-18,100304.59432078169,0,0,0.0,0.0,0.0,0.0028791621018176236,0.46731997990661384,0.5326800200933861,0.2,False
2025-02-19,100304.59432078169,0,0,0.0,0.0,0.0,0.002901535561149066,0.4606295451894517,0.5393704548105482,0.2,False
2025-02-20,100304.59432078169,0,0,0.0,0.0,0.0,0.002902698207263804,0.45914707562515183,0.5408529243748481,0.2,False
2025-02-21,100304.59432078169,0,0,0.0,0.0,0.0,0.002923667207113358,0.4563151144273201,0.5436848855726799,0.2,False
2025-02-24,100304.59432078169,0,0,0.0,0.0,0.0,0.0029230490295950933,0.4559398581391042,0.5440601418608958,0.2,False
2025-02-25,100304.59432078169,0,0,0.0,0.0,0.0,0.0029269018575162633,0.4555180156326622,0.5444819843673379,0.2,False
2025-02-26,100304.59432078169,0,0,0.0,0.0,0.0,0.002927648148222101,0.4550481063895396,0.5449518936104605,0.2,False
2025-02-27,100304.59432078169,0,0,0.0,0.0,0.0,0.0029302964459811858,0.45890325745027233,0.5410967425497277,0.2,False
2025-02-28,100304.59432078169,0,0,0.0,0.0,0.0,0.00291485854645758,0.4642584400091776,0.5357415599908224,0.2,False
2025-03-03,100304.59432078169,0,0,0.0,0.0,0.0,0.002885139655828132,0.47983199367417095,0.520168006325829,0.2,False
2025-03-04,100304.59432078169,0,0,0.0,0.0,0.0,0.0028596263662560525,0.4933354404760721,0.5066645595239279,0.2,False
2025-03-05,100304.59432078169,0,0,0.0,0.0,0.0,0.002825771343693006,0.5022425929492577,0.49775740705074234,0.2,False
2025-03-06,100304.59432078169,0,0,0.0,0.0,0.0,0.002842517771968704,0.4986412328038643,0.5013587671961357,0.2,False
2025-03-07,100304.59432078169,0,0,0.0,0.0,0.0,0.0028473073530159215,0.497522957758023,0.502477042241977,0.2,False
2025-03-10,100304.59432078169,0,0,0.0,0.0,0.0,0.0028576084282178516,0.49796217017752936,0.5020378298224706,0.2,False
2025-03-11,100304.59432078169,0,0,0.0,0.0,0.0,0.0028598522393856103,0.4983196284659269,0.5016803715340731,0.2,False
2025-03-12,100304.59432078169,0,0,0.0,0.0,0.0,0.0028501504985635104,0.5017134466115433,0.49828655338845673,0.2,False
2025-03-13,100304.59432078169,0,0,0.0,0.0,0.0,0.0028559985597724855,0.5037087834257769,0.49629121657422315,0.2,False
2025-03-14,100304.59432078169,0,0,0.0,0.0,0.0,0.0028436117834371023,0.50246406544628,0.49753593455372,0.2,False
2025-03-17,100304.59432078169,0,0,0.0,0.0,0.0,0.002838872445100697,0.5004177768568617,0.49958222314313827,0.2,False
2025-03-18,100304.59432078169,0,0,0.0,0.0,0.0,0.002866027619082771,0.49222441893920177,0.5077755810607982,0.2,False
2025-03-19,100304.59432078169,0,0,0.0,0.0,0.0,0.002859470273501971,0.4922904324646295,0.5077095675353704,0.2,False
2025-03-20,100304.59432078169,0,0,0.0,0.0,0.0,0.002861686107109318,0.4918647578623065,0.5081352421376935,0.2,False
2025-03-21,100304.59432078169,0,0,0.0,0.0,0.0,0.0028642997188035656,0.4919298484612197,0.5080701515387803,0.2,False
2025-03-24,100304.59432078169,0,0,0.0,0.0,0.0,0.0028504718813031184,0.4943112196964819,0.5056887803035182,0.2,False
2025-03-25,100304.59432078169,0,0,0.0,0.0,0.0,0.0028478671942412464,0.49452139045521837,0.5054786095447816,0.2,False
2025-03-26,100304.59432078169,0,0,0.0,0.0,0.0,0.0028476860979567697,0.49634630416650205,0.503653695833498,0.2,False
2025-03-27,100304.59432078169,0,0,0.0,0.0,0.0,0.002845003622912548,0.49692313188038734,0.5030768681196127,0.2,False
2025-03-28,100304.59432078169,0,0,0.0,0.0,0.0,0.0028439496822514677,0.501669384488713,0.498330615511287,0.2,False
2025-03-31,100304.59432078169,0,0,0.0,0.0,0.0,0.0028393754732367713,0.5032979463941932,0.49670205360580677,0.2,False
2025-04-01,100304.59432078169,0,0,0.0,0.0,0.0,0.0028366496966890707,0.5015215070831636,0.49847849291683644,0.2,False
2025-04-02,100304.59432078169,0,0,0.0,0.0,0.0,0.0028260570651890073,0.5027011407199076,0.49729885928009243,0.2,False
2025-04-03,100304.59432078169,0,0,0.0,0.0,0.0,0.0028533727746465286,0.49926633274986343,0.5007336672501366,0.2,False
2025-04-04,100304.59432078169,0,0,0.0,0.0,0.0,0.003027994852821951,0.4450553406700098,0.5549446593299903,0.2,False
2025-04-07,100304.59432078169,0,0,0.0,0.0,0.0,0.0030600338353331154,0.4361040096914877,0.5638959903085123,0.2,False
2025-04-08,100304.59432078169,0,0,0.0,0.0,0.0,0.0030651252213835896,0.43660512826210673,0.5633948717378933,0.2,False
2025-04-09,100304.59432078169,0,0,0.0,0.0,0.0,0.0030355839677413607,0.42503486381782807,0.5749651361821719,0.2,False
2025-04-10,100304.59432078169,0,0,0.0,0.0,0.0,0.003052071121698179,0.4243626000653685,0.5756373999346315,0.2,False
2025-04-11,100304.59432078169,0,0,0.0,0.0,0.0,0.0030224806402183698,0.43007908234336567,0.5699209176566343,0.2,False
2025-04-14,100304.59432078169,0,0,0.0,0.0,0.0,0.0030094168578023947,0.4303320701075397,0.5696679298924603,0.2,False
2025-04-15,100304.59432078169,0,0,0.0,0.0,0.0,0.003006780905477959,0.43037020084038374,0.5696297991596162,0.2,False
2025-04-16,100304.59432078169,0,0,0.0,0.0,0.0,0.003003983561186492,0.43078038671292823,0.5692196132870717,0.2,False
2025-04-17,100304.59432078169,0,0,0.0,0.0,0.0,0.0029973916587373696,0.4308739389804358,0.5691260610195642,0.2,False
2025-04-21,100304.59432078169,0,0,0.0,0.0,0.0,0.003001211848586928,0.43141152435687635,0.5685884756431236,0.2,False
2025-04-22,100304.59432078169,0,0,0.0,0.0,0.0,0.002989456965301101,0.4313987747362401,0.5686012252637599,0.2,False
2025-04-23,100304.59432078169,0,0,0.0,0.0,0.0,0.0029883312992523116,0.43144117359004747,0.5685588264099526,0.2,False
2025-04-24,100304.59432078169,0,0,0.0,0.0,0.0,0.002979217589771106,0.43053078179160315,0.5694692182083969,0.2,False
2025-04-25,100304.59432078169,0,0,0.0,0.0,0.0,0.0029790792682591405,0.4303690145833839,0.5696309854166162,0.2,False
2025-04-28,100304.59432078169,0,0,0.0,0.0,0.0,0.0029768293451256727,0.43072510667524894,0.5692748933247511,0.2,False
2025-04-29,100304.59432078169,0,0,0.0,0.0,0.0,0.002974176954552632,0.4307982603877573,0.5692017396122426,0.2,False
2025-04-30,100304.59432078169,0,0,0.0,0.0,0.0,0.0029750203232178484,0.43072818586886397,0.569271814131136,0.2,False
2025-05-01,100304.59432078169,0,0,0.0,0.0,0.0,0.002974790738879186,0.4309318108440879,0.5690681891559122,0.2,False
2025-05-02,100304.59432078169,0,0,0.0,0.0,0.0,0.0029682757332703045,0.42808311749054745,0.5719168825094525,0.2,False
2025-05-05,100304.59432078169,0,0,0.0,0.0,0.0,0.0029777698633573287,0.42640866197550054,0.5735913380244995,0.2,False
2025-05-06,100304.59432078169,0,0,0.0,0.0,0.0,0.0029780070493353205,0.42608382251229693,0.5739161774877031,0.2,False
2025-05-07,100304.59432078169,0,0,0.0,0.0,0.0,0.002980876425192867,0.4254683866584975,0.5745316133415025,0.2,False
2025-05-08,100304.59432078169,0,0,0.0,0.0,0.0,0.002982960121067398,0.4253922282289569,0.5746077717710432,0.2,False
2025-05-09,100304.59432078169,0,0,0.0,0.0,0.0,0.0029816456334022384,0.42506634095897056,0.5749336590410294,0.2,False
2025-05-12,100304.59432078169,0,0,0.0,0.0,0.0,0.0029762424049478843,0.4250163051322374,0.5749836948677626,0.2,False
2025-05-13,100304.59432078169,0,0,0.0,0.0,0.0,0.0029706978490732826,0.42504192639446897,0.5749580736055311,0.2,False
2025-05-14,100304.59432078169,0,0,0.0,0.0,0.0,0.002978968891044321,0.4236799620058298,0.5763200379941702,0.2,False
2025-05-15,100304.59432078169,0,0,0.0,0.0,0.0,0.002973704420741098,0.42261165116496313,0.5773883488350369,0.2,False
2025-05-16,100304.59432078169,0,0,0.0,0.0,0.0,0.002975216906352452,0.4221478957591808,0.5778521042408191,0.2,False
2025-05-19,100304.59432078169,0,0,0.0,0.0,0.0,0.0029719805612312676,0.421925689376542,0.578074310623458,0.2,False
2025-05-20,100304.59432078169,0,0,0.0,0.0,0.0,0.0029707917372894838,0.421850841932751,0.578149158067249,0.2,False
2025-05-21,100304.59432078169,0,0,0.0,0.0,0.0,0.0029738460398782184,0.42187015408170964,0.5781298459182904,0.2,False
2025-05-22,100304.59432078169,0,0,0.0,0.0,0.0,0.002974252720958731,0.4218511578440839,0.5781488421559161,0.2,False
2025-05-23,100304.59432078169,0,0,0.0,0.0,0.0,0.0029674911645099604,0.42251562772614354,0.5774843722738565,0.2,False
2025-05-27,100304.59432078169,0,0,0.0,0.0,0.0,0.002961546927675234,0.42301104951220764,0.5769889504877923,0.2,False
2025-05-28,100304.59432078169,0,0,0.0,0.0,0.0,0.002970620992109017,0.4211917202396822,0.5788082797603178,0.2,False
2025-05-29,100304.59432078169,0,0,0.0,0.0,0.0,0.00296967693387544,0.42082843695308403,0.579171563046916,0.2,False
2025-05-30,100304.59432078169,0,0,0.0,0.0,0.0,0.002967989193470715,0.4205505819065056,0.5794494180934944,0.2,False
2025-06-02,100304.59432078169,0,0,0.0,0.0,0.0,0.0029618701034295146,0.4202540057876036,0.5797459942123964,0.2,False
2025-06-03,100304.59432078169,0,0,0.0,0.0,0.0,0.0029624985673974403,0.42015481790113646,0.5798451820988635,0.2,False
2025-06-04,100304.59432078169,0,0,0.0,0.0,0.0,0.0029623281100705982,0.4194243210125944,0.5805756789874056,0.2,False
2025-06-05,100304.59432078169,0,0,0.0,0.0,0.0,0.0029617983704525717,0.4192683807786967,0.5807316192213032,0.2,False
2025-06-06,100304.59432078169,0,0,0.0,0.0,0.0,0.002961510600358053,0.419200069150786,0.580799930849214,0.2,False
2025-06-09,100304.59432078169,0,0,0.0,0.0,0.0,0.0029607618619656565,0.41952867144449457,0.5804713285555054,0.2,False
2025-06-10,100304.59432078169,0,0,0.0,0.0,0.0,0.002957650110069709,0.4186449549484219,0.5813550450515781,0.2,False
2025-06-11,100304.59432078169,0,0,0.0,0.0,0.0,0.0029588334856498863,0.41786709503495345,0.5821329049650465,0.2,False
2025-06-12,100304.59432078169,0,0,0.0,0.0,0.0,0.002955375576618295,0.4183640655684627,0.5816359344315374,0.2,False
2025-06-13,100304.59432078169,0,0,0.0,0.0,0.0,0.002966040112280597,0.4161063252367983,0.5838936747632018,0.2,False
2025-06-16,100304.59432078169,0,0,0.0,0.0,0.0,0.0029716098754300467,0.4154345311490893,0.5845654688509108,0.2,False
2025-06-17,100304.59432078169,0,0,0.0,0.0,0.0,0.0029795147983704717,0.4147635501152064,0.5852364498847936,0.2,False
2025-06-18,100304.59432078169,0,0,0.0,0.0,0.0,0.0029773271306216143,0.4150560606135984,0.5849439393864015,0.2,False
2025-06-20,100304.59432078169,0,0,0.0,0.0,0.0,0.0029856029547114947,0.41364982522231847,0.5863501747776816,0.2,False
2025-06-23,100304.59432078169,0,0,0.0,0.0,0.0,0.0029836668139620803,0.4126656224144334,0.5873343775855666,0.2,False
2025-06-24,100304.59432078169,0,0,0.0,0.0,0.0,0.002979882677904995,0.4119959939074539,0.5880040060925461,0.2,False
2025-06-25,100304.59432078169,0,0,0.0,0.0,0.0,0.002978977859354392,0.4138949536169706,0.5861050463830294,0.2,False
2025-06-26,100304.59432078169,0,0,0.0,0.0,0.0,0.00296620146232174,0.41579481267888396,0.584205187321116,0.2,False
2025-06-27,100304.59432078169,0,0,0.0,0.0,0.0,0.002972595124187537,0.41544838685216573,0.5845516131478343,0.2,False
2025-06-30,100304.59432078169,0,0,0.0,0.0,0.0,0.0029580187696803795,0.41912186265873674,0.5808781373412633,0.2,False
2025-07-01,100304.59432078169,0,0,0.0,0.0,0.00011905915122310385,0.002535455872673856,0.4200177336930834,0.5799822663069166,0.2,False
2025-07-02,100304.59432078169,0,0,0.0,0.0,0.00018410321297725486,0.00253088108432638,0.4196582564457838,0.5803417435542162,0.2,False
2025-07-03,100304.59432078169,0,0,0.0,0.0,3.900302986735804e-05,0.0025309072405624894,0.41992318469859397,0.580076815301406,0.2,False
2025-07-07,100304.59432078169,0,0,0.0,0.0,-7.77438242857385e-05,0.00296408536901121,0.4179649305632291,0.5820350694367709,0.2,False
2025-07-08,100304.59432078169,0,0,0.0,0.0,8.077774130049766e-05,0.0025327942926006712,0.4177293835521621,0.582270616447838,0.2,False
2025-07-09,100304.59432078169,0,0,0.0,0.0,9.951276323026324e-05,0.002529326267849658,0.41761845488232546,0.5823815451176746,0.2,False
2025-07-10,100304.59432078169,0,0,0.0,0.0,0.00020456545976705145,0.0025178447165527537,0.4157169203485836,0.5842830796514165,0.2,False
2025-07-11,100304.59432078169,0,0,0.0,0.0,0.00017294242871153989,0.002521534151572116,0.41576558896506355,0.5842344110349365,0.2,False
2025-07-14,100304.59432078169,0,0,0.0,0.0,9.07973298888018e-05,0.0025240266271960984,0.41668939502719493,0.5833106049728051,0.2,False
2025-07-15,100304.59432078169,0,0,0.0,0.0,4.549720566560075e-05,0.0025331232434925286,0.4174693562650273,0.5825306437349727,0.2,False
2025-07-16,100304.59432078169,0,0,0.0,0.0,-2.136043436360409e-05,0.002956213998056247,0.4197820189122295,0.5802179810877706,0.2,False
2025-07-17,100304.59432078169,0,0,0.0,0.0,-4.119194129177984e-05,0.002950299714733388,0.42065474115303375,0.5793452588469663,0.2,False
2025-07-18,100304.59432078169,0,0,0.0,0.0,0.00010144339130848999,0.0025321131647635217,0.42054294949954235,0.5794570505004577,0.2,False
2025-07-21,100304.59432078169,0,0,0.0,0.0,2.12775430369135e-05,0.0025306627046791626,0.4200290232829507,0.5799709767170493,0.2,False
2025-07-22,100304.59432078169,0,0,0.0,0.0,5.757299468951453e-06,0.002532038567178792,0.42108398959292626,0.5789160104070737,0.2,False
2025-07-23,100304.59432078169,0,0,0.0,0.0,0.00013903644552693868,0.00252016599170479,0.41917806531077456,0.5808219346892254,0.2,False
2025-07-24,100304.59432078169,0,0,0.0,0.0,7.146890709829525e-05,0.0025223003456680748,0.41783242578629237,0.5821675742137076,0.2,False
2025-07-25,100304.59432078169,0,0,0.0,0.0,6.9874258146647236e-06,0.0025199515182848715,0.4169003690212856,0.5830996309787144,0.2,False
2025-07-28,100304.59432078169,0,0,0.0,0.0,-3.851826493413086e-05,0.002962112334131122,0.4167424540253696,0.5832575459746304,0.2,False
2025-07-29,100304.59432078169,0,0,0.0,0.0,3.225255917572056e-05,0.0025193122347691426,0.41601386850872696,0.5839861314912731,0.2,False
2025-07-30,100304.59432078169,0,0,0.0,0.0,4.821484150168947e-05,0.002532916255164928,0.4187429518358644,0.5812570481641356,0.2,False
2025-07-31,100304.59432078169,0,0,0.0,0.0,4.5879937073019474e-05,0.002539610210414691,0.4199166186585247,0.5800833813414753,0.2,False
2025-08-01,100304.59432078169,0,0,0.0,0.0,0.0,0.0029557186649699207,0.42250868097870786,0.5774913190212921,0.2,False
2025-08-04,100304.59432078169,0,0,0.0,0.0,0.0,0.00293218287656589,0.42902216550701516,0.5709778344929848,0.2,False
2025-08-05,100304.59432078169,0,0,0.0,0.0,0.0,0.0029215170831504806,0.43182799650933534,0.5681720034906647,0.2,False
2025-08-06,100304.59432078169,0,0,0.0,0.0,0.0,0.0028927496792862384,0.4415042811841495,0.5584957188158505,0.2,False
2025-08-07,100304.59432078169,0,0,0.0,0.0,0.0,0.002883549829730178,0.44736499854160144,0.5526350014583985,0.2,False
2025-08-08,100304.59432078169,0,0,0.0,0.0,0.0,0.002880091958274239,0.4486638136647555,0.5513361863352445,0.2,False
2025-08-11,100304.59432078169,0,0,0.0,0.0,0.0,0.0028772963143002712,0.44923777866239756,0.5507622213376024,0.2,False
2025-08-12,100304.59432078169,0,0,0.0,0.0,0.0,0.0028786842863722135,0.4463590204915194,0.5536409795084807,0.2,False
2025-08-13,100304.59432078169,0,0,0.0,0.0,0.0,0.0028812813752951694,0.4454321187890731,0.5545678812109269,0.2,False
2025-08-14,100304.59432078169,0,0,0.0,0.0,0.0,0.002882118679915415,0.44659572670189884,0.5534042732981012,0.2,False
2025-08-15,100304.59432078169,0,0,0.0,0.0,0.0,0.002880358136234298,0.446873014927736,0.553126985072264,0.2,False
2025-08-18,100304.59432078169,0,0,0.0,0.0,0.0,0.0028805909500131486,0.4469210480687631,0.5530789519312369,0.2,False
2025-08-19,100304.59432078169,0,0,0.0,0.0,0.0,0.0028832215351424265,0.44763991901839323,0.5523600809816067,0.2,False
2025-08-20,100304.59432078169,0,0,0.0,0.0,0.0,0.002882639980612282,0.44766473519593264,0.5523352648040674,0.2,False
2025-08-21,100304.59432078169,0,0,0.0,0.0,0.0,0.0028811302818355093,0.4471117477072643,0.5528882522927356,0.2,False
2025-08-22,100304.59432078169,0,0,0.0,0.0,0.0,0.002859994449707412,0.45209031419225465,0.5479096858077454,0.2,False
2025-08-25,100304.59432078169,0,0,0.0,0.0,0.0,0.002874050303128696,0.449729892978664,0.550270107021336,0.2,False
2025-08-26,100304.59432078169,0,0,0.0,0.0,0.0,0.0028627612096402406,0.45235678116955774,0.5476432188304423,0.2,False
2025-08-27,100304.59432078169,0,0,0.0,0.0,0.0,0.002857524686179606,0.4544926544665964,0.5455073455334036,0.2,False
2025-08-28,100304.59432078169,0,0,0.0,0.0,0.0,0.002854312552143221,0.45473881138435307,0.5452611886156469,0.2,False
2025-08-29,100304.59432078169,0,0,0.0,0.0,0.0,0.002850206887392349,0.4559596251371115,0.5440403748628885,0.2,False
2025-09-02,100304.59432078169,0,0,0.0,0.0,-3.945400570000138e-05,0.0028651537826245898,0.4521868357649953,0.5478131642350047,0.2,False
2025-09-03,100304.59432078169,0,0,0.0,0.0,-7.16541788892228e-05,0.0028686957004776283,0.4500255688695159,0.5499744311304842,0.2,False
2025-09-04,100304.59432078169,0,0,0.0,0.0,-5.129854037800466e-05,0.002874657926347009,0.4457223374708902,0.5542776625291098,0.2,False
2025-09-05,100304.59432078169,0,0,0.0,0.0,-4.825136270543923e-05,0.002875713695346946,0.4448494058227504,0.5551505941772497,0.2,False
2025-09-08,100304.59432078169,0,0,0.0,0.0,-4.5939719615472464e-05,0.002876001564352364,0.4445833755459938,0.5554166244540062,0.2,False
2025-09-09,100304.59432078169,0,0,0.0,0.0,-5.262929822320585e-05,0.0028777388368109243,0.44392275819996285,0.5560772418000371,0.2,False
2025-09-10,100304.59432078169,0,0,0.0,0.0,-3.6700315516617225e-05,0.0028801046312624504,0.4414792769514198,0.5585207230485802,0.2,False
2025-09-11,100304.59432078169,0,0,0.0,0.0,-3.354884500800003e-05,0.002873944343732932,0.4414289143669202,0.5585710856330798,0.2,False
2025-09-12,100304.59432078169,0,0,0.0,0.0,-3.0962447221417545e-05,0.002872035328106879,0.4438102203656946,0.5561897796343054,0.2,False
2025-09-15,100304.59432078169,0,0,0.0,0.0,-2.675186250570582e-05,0.002865115643440802,0.4444536685846184,0.5555463314153817,0.2,False
2025-09-16,100304.59432078169,0,0,0.0,0.0,-4.2689917706938454e-05,0.002871728644631258,0.44236707904328065,0.5576329209567193,0.2,False
2025-09-17,100304.59432078169,0,0,0.0,0.0,-6.0816404988971106e-05,0.0028839277991489563,0.438974265243872,0.561025734756128,0.2,False
2025-09-18,100304.59432078169,0,0,0.0,0.0,-9.695898715427751e-05,0.0028977128085223318,0.43378047581278273,0.5662195241872172,0.2,False
2025-09-19,100304.59432078169,0,0,0.0,0.0,-0.00012302675625340984,0.002886181129094361,0.43757147152926557,0.5624285284707344,0.2,False
2025-09-22,100304.59432078169,0,0,0.0,0.0,-0.00011782896955828703,0.0028836620063812097,0.4383983037190252,0.5616016962809748,0.2,False
2025-09-23,100304.59432078169,0,0,0.0,0.0,-9.472970235004442e-05,0.0028718457443745833,0.4438252011858393,0.5561747988141608,0.2,False
2025-09-24,100304.59432078169,0,0,0.0,0.0,-0.00010987233373959439,0.0028917003013260428,0.43895985455021996,0.56104014544978,0.2,False
2025-09-25,100304.59432078169,0,0,0.0,0.0,-9.262292253692593e-05,0.002888741659692574,0.43977126733945276,0.5602287326605473,0.2,False
2025-09-26,100304.59432078169,0,0,0.0,0.0,-6.873736457965624e-05,0.0028928141281525763,0.4371727161319327,0.5628272838680672,0.2,False
2025-09-29,100304.59432078169,0,0,0.0,0.0,-6.257583322661116e-05,0.002891641374197042,0.4349659086632497,0.5650340913367503,0.2,False
2025-09-30,100304.59432078169,0,0,0.0,0.0,-6.430250880368153e-05,0.002893329687533433,0.4344911385980169,0.5655088614019831,0.2,False
2025-10-01,100304.59432078169,0,0,0.0,0.0,0.0,0.002892074370901167,0.4331450360960065,0.5668549639039935,0.2,False
2025-10-02,100304.59432078169,0,0,0.0,0.0,0.0,0.002892994392382427,0.4329468302626973,0.5670531697373027,0.2,False
2025-10-03,100304.59432078169,0,0,0.0,0.0,0.0,0.002873035670557836,0.43932117354795075,0.5606788264520493,0.2,False
2025-10-06,100304.59432078169,0,0,0.0,0.0,0.0,0.002871365469786312,0.4401093066079351,0.5598906933920649,0.2,False
2025-10-07,100304.59432078169,0,0,0.0,0.0,0.0,0.002869992701913442,0.4427068840268164,0.5572931159731835,0.2,False
2025-10-08,100304.59432078169,0,0,0.0,0.0,0.0,0.0028675471279752817,0.44330343786413695,0.556696562135863,0.2,False
2025-10-09,100304.59432078169,0,0,0.0,0.0,0.0,0.0028582479037292064,0.4502501874799047,0.5497498125200952,0.2,False
2025-10-10,100304.59432078169,0,0,0.0,0.0,0.0,0.0028633549581240274,0.45124736312193425,0.5487526368780657,0.2,False
2025-10-13,100304.59432078169,0,0,0.0,0.0,0.0,0.0028403548835886808,0.45970923763225974,0.5402907623677402,0.2,False
2025-10-14,100304.59432078169,0,0,0.0,0.0,0.0,0.002834286120246411,0.46166044021203145,0.5383395597879685,0.2,False
2025-10-15,100304.59432078169,0,0,0.0,0.0,0.0,0.0028271229764117076,0.46308342922709683,0.5369165707729031,0.2,False
2025-10-16,100304.59432078169,0,0,0.0,0.0,0.0,0.0028187413023344917,0.4665455603878069,0.5334544396121931,0.2,False
2025-10-17,100304.59432078169,0,0,0.0,0.0,0.0,0.00281313150724278,0.4706823436267007,0.5293176563732993,0.2,False
2025-10-20,100304.59432078169,0,0,0.0,0.0,0.0,0.0028119106184279373,0.46808948555795366,0.5319105144420464,0.2,False
2025-10-21,100304.59432078169,0,0,0.0,0.0,0.0,0.0027898936726784298,0.479398524386076,0.520601475613924,0.2,False
2025-10-22,100304.59432078169,0,0,0.0,0.0,0.0,0.002782439773049435,0.4822466472672796,0.5177533527327204,0.2,False
2025-10-23,100304.59432078169,0,0,0.0,0.0,0.0,0.0027755209808773902,0.4846625643289692,0.5153374356710307,0.2,False
2025-10-24,100304.59432078169,0,0,0.0,0.0,0.0,0.0027705217878157664,0.48608777539452824,0.5139122246054717,0.2,False
2025-10-27,100304.59432078169,0,0,0.0,0.0,0.0,0.0027729464229801853,0.4843230953656261,0.5156769046343739,0.2,False
2025-10-28,100304.59432078169,0,0,0.0,0.0,0.0,0.002755269877267891,0.4900971502356668,0.5099028497643332,0.2,False
2025-10-29,100304.59432078169,0,0,0.0,0.0,0.0,0.0027816648293710017,0.48312127419474377,0.5168787258052563,0.2,False
2025-10-30,100304.59432078169,0,0,0.0,0.0,0.0,0.0027876612077552395,0.4811323859484822,0.5188676140515178,0.2,False
2025-10-31,100304.59432078169,0,0,0.0,0.0,0.0,0.002790723806700204,0.47968935521589423,0.5203106447841057,0.2,False
2025-11-03,100304.59432078169,0,0,0.0,0.0,-3.3563131606996457e-05,0.0027921556570759108,0.47927891621205854,0.5207210837879415,0.2,False
2025-11-04,100304.59432078169,0,0,0.0,0.0,-2.221954445906589e-05,0.002781588213871948,0.4876407058619988,0.5123592941380012,0.2,False
2025-11-05,100304.59432078169,0,0,0.0,0.0,-2.3828383398708018e-05,0.0027710785320345373,0.49016038124267913,0.5098396187573209,0.2,False
2025-11-06,100304.59432078169,0,0,0.0,0.0,-1.4949033537569466e-05,0.0027683654074729066,0.4934487682943756,0.5065512317056244,0.2,False
2025-11-07,100304.59432078169,0,0,0.0,0.0,-3.3325859348063646e-05,0.0027601906829913454,0.49635489038367137,0.5036451096163286,0.2,False
2025-11-10,100304.59432078169,0,0,0.0,0.0,-3.711902991026128e-05,0.0027505271865619204,0.4984371021156472,0.5015628978843528,0.2,False
2025-11-11,100304.59432078169,0,0,0.0,0.0,-5.9510087345213864e-05,0.0027549118143440268,0.49701030315249284,0.5029896968475072,0.2,False
2025-11-12,100304.59432078169,0,0,0.0,0.0,-9.755373986260245e-05,0.002743224588772848,0.5042212806998602,0.49577871930013984,0.2,False
2025-11-13,100304.59432078169,0,0,0.0,0.0,-9.413333082130302e-05,0.0027541952625076897,0.5029606758979375,0.49703932410206253,0.2,False
2025-11-14,100304.59432078169,0,0,0.0,0.0,-9.980944049004058e-05,0.002752302228532725,0.5033223607547116,0.4966776392452884,0.2,False
2025-11-17,100304.59432078169,0,0,0.0,0.0,-9.427718035728582e-05,0.002756336024849067,0.5037733634390931,0.49622663656090693,0.2,False
2025-11-18,100304.59432078169,0,0,0.0,0.0,-0.00011814678201201624,0.002763853683253509,0.5018071072030882,0.4981928927969118,0.2,False
2025-11-19,100304.59432078169,0,0,0.0,0.0,-0.00012224042331959194,0.002766856366227898,0.5012413394330398,0.49875866056696017,0.2,False
2025-11-20,100304.59432078169,0,0,0.0,0.0,-0.00011051978658344847,0.0027690029302564357,0.5035257949936945,0.49647420500630546,0.2,False
2025-11-21,100304.59432078169,0,0,0.0,0.0,-9.588399004428186e-05,0.0027754810410663315,0.49672150870395204,0.503278491296048,0.2,False
2025-11-24,100304.59432078169,0,0,0.0,0.0,-0.00010731928150949872,0.002768476230874059,0.49936348489112325,0.5006365151088767,0.2,False
2025-11-25,100304.59432078169,0,0,0.0,0.0,-0.00010778379244659328,0.0027645054307047163,0.5004314244310805,0.49956857556891954,0.2,False
2025-11-26,100304.59432078169,0,0,0.0,0.0,-0.00011352815934939121,0.002754344395755861,0.5032766689378225,0.4967233310621775,0.2,False
2025-11-28,100304.59432078169,0,0,0.0,0.0,-0.00012095514804963783,0.0027510594900755233,0.5055890009626356,0.4944109990373644,0.2,False
2025-12-01,100304.59432078169,0,0,0.0,0.0,0.0,0.0027447382300805263,0.5104299026381645,0.48957009736183554,0.2,False
2025-12-02,100304.59432078169,0,0,0.0,0.0,0.0,0.0027446931229061036,0.5087123012155804,0.4912876987844196,0.2,False
2025-12-03,100304.59432078169,0,0,0.0,0.0,0.0,0.002744967047962798,0.5065644756581047,0.4934355243418953,0.2,False
2025-12-04,100304.59432078169,0,0,0.0,0.0,0.0,0.002738862270975174,0.5083070776746376,0.49169292232536244,0.2,False
2025-12-05,100304.59432078169,0,0,0.0,0.0,0.0,0.0027365714590937835,0.5087288276786675,0.49127117232133255,0.2,False
2025-12-08,100304.59432078169,0,0,0.0,0.0,0.0,0.002735456001192786,0.5109146650987685,0.4890853349012315,0.2,False
2025-12-09,100304.59432078169,0,0,0.0,0.0,0.0,0.0027352131477782946,0.51057364390014,0.48942635609985996,0.2,False
2025-12-10,100304.59432078169,0,0,0.0,0.0,0.0,0.0027322821081996944,0.5093980380622055,0.4906019619377945,0.2,False
2025-12-11,100304.59432078169,0,0,0.0,0.0,0.0,0.0027295471718753353,0.5100830160368734,0.48991698396312655,0.2,False
2025-12-12,100304.59432078169,0,0,0.0,0.0,0.0,0.002731633426488544,0.5104660389782569,0.48953396102174307,0.2,False
2025-12-15,100304.59432078169,0,0,0.0,0.0,0.0,0.0027331508250167617,0.5103547355221458,0.48964526447785417,0.2,False
2025-12-16,100304.59432078169,0,0,0.0,0.0,0.0,0.002739077964979007,0.511579957571957,0.48842004242804304,0.2,False
2025-12-17,100304.59432078169,0,0,0.0,0.0,0.0,0.002749416432946182,0.5087640546986802,0.49123594530131975,0.2,False
2025-12-18,100304.59432078169,0,0,0.0,0.0,0.0,0.002750781533069171,0.5057818980465965,0.49421810195340354,0.2,False
2025-12-19,100304.59432078169,0,0,0.0,0.0,0.0,0.002747383020234409,0.507082687514986,0.492917312485014,0.2,False
2025-12-22,100304.59432078169,0,0,0.0,0.0,0.0,0.0027475123689964156,0.5045106372705022,0.49548936272949784,0.2,False
2025-12-23,100304.59432078169,0,0,0.0,0.0,0.0,0.0027669755273570526,0.49129145467068885,0.5087085453293112,0.2,False
2025-12-24,100304.59432078169,0,0,0.0,0.0,0.0,0.002770806749539493,0.48852087371523256,0.5114791262847674,0.2,False
2025-12-26,100304.59432078169,0,0,0.0,0.0,0.0,0.0027724362130440348,0.4878402264327396,0.5121597735672604,0.2,False
2025-12-29,100304.59432078169,0,0,0.0,0.0,0.0,0.0027705746924230443,0.4903524310303159,0.5096475689696841,0.2,False
2025-12-30,100304.59432078169,0,0,0.0,0.0,0.0,0.0027713284741490746,0.49066278148254416,0.5093372185174558,0.2,False
2025-12-31,100304.59432078169,0,0,0.0,0.0,0.0,0.0027740772832159023,0.4907967750194972,0.5092032249805027,0.2,False
2026-01-02,100304.59432078169,0,0,0.0,0.0,0.0,0.0027784527931605943,0.486175021018009,0.513824978981991,0.2,False
2026-01-05,100304.59432078169,0,0,0.0,0.0,0.0,0.0027754354711370345,0.48594287958385296,0.514057120416147,0.2,False
2026-01-06,100304.59432078169,0,0,0.0,0.0,0.0,0.002781989892035022,0.48454973145333047,0.5154502685466695,0.2,False
2026-01-07,100304.59432078169,0,0,0.0,0.0,0.0,0.0027732629766041637,0.49025098052036226,0.5097490194796377,0.2,False
2026-01-08,100304.59432078169,0,0,0.0,0.0,0.0,0.002765362125369077,0.4933786892906081,0.506621310709392,0.2,False
2026-01-09,100304.59432078169,0,0,0.0,0.0,0.0,0.002768929865598094,0.4930638904996089,0.506936109500391,0.2,False
2026-01-12,100304.59432078169,0,0,0.0,0.0,0.0,0.0027657973938067814,0.49300551990826696,0.506994480091733,0.2,False
2026-01-13,100304.59432078169,0,0,0.0,0.0,0.0,0.0027659023534376635,0.49287903479227757,0.5071209652077224,0.2,False
2026-01-14,100304.59432078169,0,0,0.0,0.0,0.0,0.00276625626049521,0.4917541786794403,0.5082458213205596,0.2,False
2026-01-15,100304.59432078169,0,0,0.0,0.0,0.0,0.002765713003513514,0.49084906130093525,0.5091509386990647,0.2,False
2026-01-16,100304.59432078169,0,0,0.0,0.0,0.0,0.0027654939817880666,0.4909109991754128,0.5090890008245872,0.2,False
2026-01-20,100304.59432078169,0,0,0.0,0.0,0.0,0.0027736778257053847,0.4882437991866,0.5117562008134,0.2,False
2026-01-21,100304.59432078169,0,0,0.0,0.0,0.0,0.0027798330035676572,0.48425382342179385,0.5157461765782061,0.2,False
2026-01-22,100304.59432078169,0,0,0.0,0.0,0.0,0.00279317561551518,0.4739546594073324,0.5260453405926676,0.2,False
2026-01-23,100304.59432078169,0,0,0.0,0.0,0.0,0.0027943851618833825,0.4713526118012769,0.528647388198723,0.2,False
2026-01-26,100304.59432078169,0,0,0.0,0.0,0.0,0.002796139798149911,0.4683747005956203,0.5316252994043797,0.2,False
2026-01-27,100304.59432078169,0,0,0.0,0.0,0.0,0.002825109360403377,0.4501772235123114,0.5498227764876886,0.2,False
2026-01-28,100304.59432078169,0,0,0.0,0.0,0.0,0.002833807335740979,0.44514479657087824,0.5548552034291218,0.2,False
2026-01-29,100304.59432078169,0,0,0.0,0.0,0.0,0.0028361732916727844,0.4420594050847367,0.5579405949152634,0.2,False
2026-01-30,100304.59432078169,0,0,0.0,0.0,0.0,0.0027374410876951577,0.4986151960956811,0.5013848039043189,0.2,False
2026-02-02,100304.59432078169,0,0,0.0,0.0,0.0,0.0027127542655823317,0.5100060716543554,0.4899939283456446,0.2,False
2026-02-03,100304.59432078169,0,0,0.0,0.0,0.0,0.0027063692090926895,0.5123750670066106,0.4876249329933894,0.2,False
2026-02-04,100304.59432078169,0,0,0.0,0.0,0.0,0.0027062739556410606,0.5115217049463107,0.48847829505368934,0.2,False
2026-02-05,100304.59432078169,0,0,0.0,0.0,0.0,0.0027209874101165378,0.5062091412058178,0.49379085879418216,0.2,False
2026-02-06,100304.59432078169,0,0,0.0,0.0,0.0,0.0027140313243649624,0.507626118359307,0.49237388164069296,0.2,False
2026-02-09,100304.59432078169,0,0,0.0,0.0,0.0,0.0027018756372353663,0.5101413857216999,0.48985861427830013,0.2,False
2026-02-10,100304.59432078169,0,0,0.0,0.0,0.0,0.0027056437072930832,0.5093563380568801,0.4906436619431199,0.2,False
2026-02-11,100304.59432078169,0,0,0.0,0.0,0.0,0.0027230700528887842,0.4965849674770208,0.5034150325229791,0.2,False
2026-02-12,100304.59432078169,0,0,0.0,0.0,0.0,0.002699903450865529,0.5093836451619494,0.49061635483805055,0.2,False
2026-02-13,100304.59432078169,0,0,0.0,0.0,0.0,0.0026804040376385216,0.5187932381954189,0.4812067618045811,0.2,False
2026-02-17,100304.59432078169,0,0,0.0,0.0,0.0,0.002671413315359156,0.5219726255103898,0.4780273744896102,0.2,False
2026-02-18,100304.59432078169,0,0,0.0,0.0,0.0,0.0026656958427644438,0.5250558675193177,0.47494413248068235,0.2,False
2026-02-19,100304.59432078169,0,0,0.0,0.0,0.0,0.002663422453238332,0.5261124301350416,0.4738875698649584,0.2,False
2026-02-20,100304.59432078169,0,0,0.0,0.0,0.0,0.0026615980161929175,0.5245755471769812,0.4754244528230188,0.2,False
2026-02-23,100304.59432078169,0,0,0.0,0.0,0.0,0.0026728484734719247,0.5207200572235701,0.47927994277642993,0.2,False
2026-02-24,100304.59432078169,0,0,0.0,0.0,0.0,0.002673412215187366,0.5198423276734265,0.48015767232657347,0.2,False
2026-02-25,100304.59432078169,0,0,0.0,0.0,0.0,0.002685164617936663,0.5106124128787198,0.48938758712128017,0.2,False
2026-02-26,100304.59432078169,0,0,0.0,0.0,0.0,0.0026849339724887918,0.5101538963933646,0.4898461036066354,0.2,False
2026-02-27,100304.59432078169,0,0,0.0,0.0,0.0,0.002685917969834466,0.5101423153261619,0.48985768467383806,0.2,False
2026-03-02,100304.59432078169,0,0,0.0,0.0,0.0,0.002692106059870195,0.5078233499698152,0.49217665003018485,0.2,False
2026-03-03,100304.59432078169,0,0,0.0,0.0,0.0,0.0027347619530575826,0.49147362080904256,0.5085263791909574,0.2,False
2026-03-04,100304.59432078169,0,0,0.0,0.0,0.0,0.002737968938393654,0.4873874138801166,0.5126125861198834,0.2,False
2026-03-05,100304.59432078169,0,0,0.0,0.0,0.0,0.002779485095235135,0.471229947169435,0.528770052830565,0.2,False
2026-03-06,100304.59432078169,0,0,0.0,0.0,0.0,0.002788926962545603,0.4688191310351497,0.5311808689648503,0.2,False
2026-03-09,100304.59432078169,0,0,0.0,0.0,0.0,0.002797297684780167,0.4606134582673174,0.5393865417326826,0.2,False
2026-03-10,100304.59432078169,0,0,0.0,0.0,0.0,0.002800515081170877,0.4587514293858734,0.5412485706141266,0.2,False
2026-03-11,100304.59432078169,0,0,0.0,0.0,0.0,0.0027994777623509214,0.4590670763953678,0.5409329236046322,0.2,False
2026-03-12,100304.59432078169,0,0,0.0,0.0,0.0,0.0028173217089145597,0.45326958791410643,0.5467304120858936,0.2,False
2026-03-13,100304.59432078169,0,0,0.0,0.0,0.0,0.002820767800893877,0.45386216087003967,0.5461378391299603,0.2,False
2026-03-16,100304.59432078169,0,0,0.0,0.0,0.0,0.002823791790160494,0.4479231614751319,0.5520768385248681,0.2,False
2026-03-17,100304.59432078169,0,0,0.0,0.0,0.0,0.0028253232809334027,0.4466628937848749,0.5533371062151251,0.2,False
2026-03-18,100304.59432078169,0,0,0.0,0.0,0.0,0.0028366361009436415,0.44618440895055933,0.5538155910494407,0.2,False
2026-03-19,100304.59432078169,0,0,0.0,0.0,0.0,0.0028328731485395184,0.4479613479244538,0.5520386520755463,0.2,False
2026-03-20,100304.59432078169,0,0,0.0,0.0,0.0,0.0028781815696798238,0.4346346939656397,0.5653653060343603,0.2,False
2026-03-23,100304.59432078169,0,0,0.0,0.0,0.0,0.0028778654701000464,0.42951354579740536,0.5704864542025947,0.2,False
2026-03-24,100304.59432078169,0,0,0.0,0.0,0.0,0.0028994733925227444,0.4228976391292855,0.5771023608707144,0.2,False
2026-03-25,100304.59432078169,0,0,0.0,0.0,0.0,0.002891268005993441,0.42336664437266924,0.5766333556273308,0.2,False
2026-03-26,100304.59432078169,0,0,0.0,0.0,0.0,0.002903072886804917,0.42377063004364485,0.5762293699563552,0.2,False
2026-03-27,100304.59432078169,0,0,0.0,0.0,0.0,0.0029012949535892345,0.42376675348274384,0.5762332465172562,0.2,False
2026-03-30,100304.59432078169,0,0,0.0,0.0,0.0,0.002902994618257668,0.4239747459429258,0.5760252540570743,0.2,False
2026-03-31,100304.59432078169,0,0,0.0,0.0,0.0,0.0028684350499157824,0.4338705744463435,0.5661294255536564,0.2,False
2026-04-01,100304.59432078169,0,0,0.0,0.0,0.0,0.0028606117204014415,0.4351429654376784,0.5648570345623216,0.2,False
2026-04-02,100304.59432078169,0,0,0.0,0.0,0.0,0.0028584633168325423,0.4355287282933185,0.5644712717066815,0.2,False
2026-04-06,100304.59432078169,0,0,0.0,0.0,0.0,0.0028576629730361867,0.4355723544765587,0.5644276455234414,0.2,False
2026-04-07,100304.59432078169,0,0,0.0,0.0,0.0,0.0028539138200835857,0.43406771904307606,0.5659322809569239,0.2,False
2026-04-08,100304.59432078169,0,0,0.0,0.0,0.0,0.0028630872651843947,0.424173715113561,0.575826284886439,0.2,False
2026-04-09,100304.59432078169,0,0,0.0,0.0,0.0,0.002868062496390334,0.42169895594583934,0.5783010440541607,0.2,False
2026-04-10,100304.59432078169,0,0,0.0,0.0,0.0,0.002867338335553893,0.4217071837327541,0.5782928162672458,0.2,False
2026-04-13,100304.59432078169,0,0,0.0,0.0,0.0,0.0028602091982963805,0.42238572412464864,0.5776142758753513,0.2,False
2026-04-14,100304.59432078169,0,0,0.0,0.0,0.0,0.0028565346032625553,0.42341989864016943,0.5765801013598306,0.2,False
2026-04-15,100304.59432078169,0,0,0.0,0.0,0.0,0.002854611134572388,0.4241219475294129,0.5758780524705871,0.2,False
2026-04-16,100304.59432078169,0,0,0.0,0.0,0.0,0.0028633839667271386,0.4215059914593452,0.5784940085406548,0.2,False
2026-04-17,100304.59432078169,0,0,0.0,0.0,0.0,0.0028591904833974637,0.42181620803852116,0.5781837919614788,0.2,False
2026-04-20,100304.59432078169,0,0,0.0,0.0,0.0,0.0028633779620142164,0.4208776815402058,0.5791223184597942,0.2,False
2026-04-21,100304.59432078169,0,0,0.0,0.0,0.0,0.002861499759193574,0.42373518929871085,0.5762648107012891,0.2,False
2026-04-22,100304.59432078169,0,0,0.0,0.0,0.0,0.0028620576991941456,0.42421960710937506,0.5757803928906249,0.2,False
2026-04-23,100304.59432078169,0,0,0.0,0.0,0.0,0.0028638191584379386,0.42409594844781334,0.5759040515521867,0.2,False
2026-04-24,100304.59432078169,0,0,0.0,0.0,0.0,0.0028654238270755046,0.4236965618159026,0.5763034381840975,0.2,False
2026-04-27,100304.59432078169,0,0,0.0,0.0,0.0,0.0028650894171532767,0.4236208129760019,0.576379187023998,0.2,False
2026-04-28,100304.59432078169,0,0,0.0,0.0,0.0,0.002861415984117811,0.42648440385604836,0.5735155961439516,0.2,False
2026-04-29,100304.59432078169,0,0,0.0,0.0,0.0,0.0028697476758426724,0.4252560479637947,0.5747439520362053,0.2,False
2026-04-30,100304.59432078169,0,0,0.0,0.0,0.0,0.002845204913837806,0.4330540362323774,0.5669459637676226,0.2,False
2026-05-01,100304.59432078169,0,0,0.0,0.0,3.089449462744597e-05,0.002498347113354356,0.4341661607214619,0.565833839278538,0.2,False
2026-05-04,100304.59432078169,0,0,0.0,0.0,1.1152353047379755e-05,0.002500947155487594,0.4340320004529584,0.5659679995470416,0.2,False
2026-05-05,100304.59432078169,0,0,0.0,0.0,8.082140289265998e-05,0.0024941210394082646,0.4321883712893344,0.5678116287106656,0.2,False
2026-05-06,100304.59432078169,0,0,0.0,0.0,0.00019204042618382004,0.0024379423587699927,0.4177249682006435,0.5822750317993566,0.2,False
2026-05-07,100304.59432078169,0,0,0.0,0.0,0.00011485371467059064,0.0024169777062993817,0.4087959618816977,0.5912040381183024,0.2,False
2026-05-08,100304.59432078169,0,0,0.0,0.0,0.00010017906826880647,0.0024119167880928853,0.40727322217658507,0.5927267778234149,0.2,False
2026-05-11,100304.59432078169,0,0,0.0,0.0,0.00010290796715956838,0.0024092737669794036,0.40694048301340685,0.5930595169865931,0.2,False
2026-05-12,100304.59432078169,0,0,0.0,0.0,4.530236262910744e-05,0.0024083761838531496,0.4050099002538749,0.594990099746125,0.2,False
2026-05-13,100304.59432078169,0,0,0.0,0.0,5.7128422796609056e-05,0.0024145202746384993,0.4070337438012074,0.5929662561987926,0.2,False
2026-05-14,100304.59432078169,0,0,0.0,0.0,4.637870745580148e-05,0.0024180379375356212,0.4085436741676652,0.5914563258323349,0.2,False
2026-05-15,100304.59432078169,0,0,0.0,0.0,1.4024846108949409e-05,0.0024260129911645406,0.4089478247943918,0.5910521752056082,0.2,False
2026-05-18,100304.59432078169,0,0,0.0,0.0,1.8960704757967105e-05,0.0024264165775061447,0.40896080135648877,0.5910391986435113,0.2,False
2026-05-19,100304.59432078169,0,0,0.0,0.0,-2.32323193869203e-05,0.0029091695205908305,0.4074035841563656,0.5925964158436344,0.2,False
2026-05-20,100304.59432078169,0,0,0.0,0.0,-2.858057136725549e-05,0.0028961921803224654,0.4102822793029727,0.5897177206970273,0.2,False
2026-05-21,100304.59432078169,0,0,0.0,0.0,-3.925925882139033e-05,0.002892651299356724,0.4113451072957906,0.5886548927042095,0.2,False
2026-05-22,100304.59432078169,0,0,0.0,0.0,-7.01282624489986e-05,0.002897178918944572,0.4107481304142279,0.589251869585772,0.2,False
2026-05-26,100304.59432078169,0,0,0.0,0.0,-5.6600163089837696e-05,0.0028945244579696543,0.41019204857980407,0.5898079514201959,0.2,False
2026-05-27,100304.59432078169,0,0,0.0,0.0,-1.8529557580735274e-05,0.0028932613994811242,0.4124052535447716,0.5875947464552285,0.2,False
2026-05-28,100304.59432078169,0,0,0.0,0.0,-4.114233618613742e-05,0.002886590389608102,0.413610090845822,0.586389909154178,0.2,False
2026-05-29,100304.59432078169,0,0,0.0,0.0,-9.726994006772452e-06,0.0028877190174326356,0.4124419997654832,0.5875580002345169,0.2,False
2026-06-01,100304.59432078169,0,0,0.0,0.0,-1.2328566569496017e-05,0.002888594759816973,0.4120810060242538,0.5879189939757462,0.2,False
2026-06-02,100304.59432078169,0,0,0.0,0.0,-1.659663170952555e-05,0.002879981137114841,0.4151335854668459,0.5848664145331541,0.2,False
2026-06-03,100304.59432078169,0,0,0.0,0.0,-7.323445972482931e-06,0.0028689084641456545,0.4216899294352883,0.5783100705647117,0.2,False
2026-06-04,100304.59432078169,0,0,0.0,0.0,-5.9978235465527224e-05,0.002859643022424218,0.42744189200053084,0.5725581079994692,0.2,False
2026-06-05,100304.59432078169,0,0,0.0,0.0,-8.854499126140886e-05,0.0028693580554223267,0.42786552179881093,0.572134478201189,0.2,False
2026-06-08,100304.59432078169,0,0,0.0,0.0,-8.81076931102029e-05,0.002869235072238104,0.427924368216853,0.572075631783147,0.2,False
2026-06-09,100304.59432078169,0,0,0.0,0.0,-6.567670301066753e-05,0.002869014404425142,0.4268245870071754,0.5731754129928246,0.2,False
2026-06-10,100304.59432078169,0,0,0.0,0.0,-5.4955876067960524e-05,0.002867345980193717,0.42762827506104906,0.5723717249389509,0.2,False
2026-06-11,100304.59432078169,0,0,0.0,0.0,-1.1058815577866647e-05,0.002876852380999369,0.41936264235915405,0.5806373576408459,0.2,False
2026-06-12,100304.59432078169,0,0,0.0,0.0,2.808876106164744e-06,0.002441027019516221,0.4168596243438375,0.5831403756561625,0.2,False
2026-06-15,100304.59432078169,0,0,0.0,0.0,-4.916410824359333e-05,0.0028863785326046386,0.41598548820285525,0.5840145117971447,0.2,False
2026-06-16,100304.59432078169,0,0,0.0,0.0,-1.4276629033833524e-05,0.0028896487243664725,0.4127101789183643,0.5872898210816357,0.2,False
2026-06-17,100304.59432078169,0,0,0.0,0.0,1.3609833951171531e-06,0.0024543408692788322,0.41893745492336876,0.5810625450766312,0.2,False
2026-06-18,100304.59432078169,0,0,0.0,0.0,9.792851059576201e-06,0.0024630356373062387,0.4212477215730752,0.5787522784269248,0.2,False
2026-06-22,100304.59432078169,0,0,0.0,0.0,-6.120864602407028e-06,0.0028767980514705633,0.4213839014469228,0.5786160985530773,0.2,False
2026-06-23,100304.59432078169,0,0,0.0,0.0,-4.827578190704726e-05,0.0028920390964474753,0.41746560043770986,0.5825343995622901,0.2,False
2026-06-24,100304.59432078169,0,0,0.0,0.0,-3.762282019840641e-05,0.002892115963211431,0.41803137881303076,0.5819686211869692,0.2,False
2026-06-25,100304.59432078169,0,0,0.0,0.0,-5.730575448680051e-05,0.0028889559202756594,0.4192765066309972,0.5807234933690029,0.2,False
2026-06-26,100304.59432078169,0,0,0.0,0.0,-6.413478350724526e-05,0.0028860953140439176,0.4198028443638791,0.580197155636121,0.2,False
2026-06-29,100304.59432078169,0,0,0.0,0.0,-2.274322376320592e-05,0.002886375835894617,0.4199992335771267,0.5800007664228732,0.2,False
2026-06-30,100304.59432078169,0,0,0.0,0.0,-2.6472718643159836e-05,0.0028830367025330914,0.42021835909587973,0.5797816409041203,0.2,False
2026-07-01,100304.59432078169,0,0,0.0,0.0,-1.697342103783949e-05,0.002902643758872153,0.41363953366733375,0.5863604663326663,0.2,False
2026-07-02,100304.59432078169,0,0,0.0,0.0,-8.004022017047184e-06,0.00291355047521037,0.4071115048528333,0.5928884951471667,0.2,False
2026-07-06,100304.59432078169,0,0,0.0,0.0,-5.5359642331379836e-06,0.002915752936743539,0.40514575314334156,0.5948542468566584,0.2,False
2026-07-07,100304.59432078169,0,0,0.0,0.0,-1.5214753423259618e-05,0.002916939345401294,0.40390385158619957,0.5960961484138004,0.2,False
2026-07-08,100304.59432078169,0,0,0.0,0.0,-1.0239106273977341e-05,0.0029157253141125325,0.4057426229245629,0.5942573770754371,0.2,False
2026-07-09,100304.59432078169,0,0,0.0,0.0,-1.405533822659811e-05,0.0029085213701988935,0.4080526076442072,0.5919473923557927,0.2,False
2026-07-10,100304.59432078169,0,0,0.0,0.0,-1.0794029231401024e-05,0.0029057276170583487,0.4075100310749496,0.5924899689250505,0.2,False
2026-07-13,100304.59432078169,0,0,0.0,0.0,-1.517624826438654e-05,0.0029091354537815212,0.4069825696715686,0.5930174303284315,0.2,False
2026-07-14,100304.59432078169,0,0,0.0,0.0,-1.0938448945653074e-05,0.0029062401776362764,0.405624603072941,0.594375396927059,0.2,False
2026-07-15,100304.59432078169,0,0,0.0,0.0,-1.3064418844265502e-05,0.0029046647535145693,0.4061171539860188,0.5938828460139812,0.2,False
2026-07-16,100304.59432078169,0,0,0.0,0.0,-1.69689463002744e-05,0.002905126250657971,0.4055552112204591,0.5944447887795409,0.2,False
2026-07-17,100304.59432078169,0,0,0.0,0.0,-1.3747781004811026e-05,0.0029058721768358557,0.4049859734487135,0.5950140265512864,0.2,False
2026-07-20,100304.59432078169,0,0,0.0,0.0,-7.566506268064474e-06,0.002890418813104576,0.41473862958098545,0.5852613704190146,0.2,False
2026-07-21,100304.59432078169,0,0,0.0,0.0,-9.11475806552383e-06,0.0028810506392107854,0.4185832095871681,0.5814167904128319,0.2,False
2026-07-22,100304.59432078169,0,0,0.0,0.0,-6.54006398239996e-06,0.002877233507007985,0.4190142012925402,0.5809857987074598,0.2,False
2026-07-23,100304.59432078169,0,0,0.0,0.0,-1.098587792086714e-05,0.0028833079863105574,0.4181581271810635,0.5818418728189365,0.2,False
2026-07-24,100304.59432078169,0,0,0.0,0.0,-7.020435905157579e-06,0.002883684503077194,0.4169682462679952,0.5830317537320048,0.2,False
2026-07-27,100304.59432078169,0,0,0.0,0.0,-6.506162674787876e-06,0.002881135601676853,0.41725576619522287,0.5827442338047771,0.2,False
2026-07-28,100304.59432078169,0,0,0.0,0.0,1.1762554801908178e-06,0.0024321264799943097,0.4137844208438993,0.5862155791561007,0.2,False
2026-07-29,100304.59432078169,0,0,0.0,0.0,3.514765783180503e-06,0.0024429367776700483,0.4169646968314508,0.5830353031685491,0.2,False
2026-07-30,100304.59432078169,0,0,0.0,0.0,1.9278598785848793e-05,0.002397945996502177,0.405607330637014,0.594392669362986,0.2,False
2026-07-31,100304.59432078169,0,0,0.0,0.0,9.601256293405395e-06,0.0023878420156300106,0.4,0.6,0.2,False
2026-08-03,100304.59432078169,0,0,0.0,0.0,0.0,0.0029111107429393066,0.4,0.6,0.2,False
2026-08-04,100304.59432078169,0,0,0.0,0.0,0.0,0.002902864621664255,0.4,0.6,0.2,False
2026-08-05,100304.59432078169,0,0,0.0,0.0,0.0,0.002903331329012642,0.4,0.6,0.2,False
2026-08-06,100304.59432078169,0,0,0.0,0.0,0.0,0.0029023251226601827,0.4,0.6,0.2,False
2026-08-07,100304.59432078169,0,0,0.0,0.0,0.0,0.0029017391345846698,0.4,0.6,0.2,False
2026-08-10,100304.59432078169,0,0,0.0,0.0,0.0,0.0029024772479950473,0.4,0.6,0.2,False
2026-08-11,100304.59432078169,0,0,0.0,0.0,0.0,0.002905262440149996,0.4,0.6,0.2,False
2026-08-12,100304.59432078169,0,0,0.0,0.0,0.0,0.002904520145911567,0.4,0.6,0.2,False
2026-08-13,100304.59432078169,0,0,0.0,0.0,0.0,0.0029066471845437688,0.4,0.6,0.2,False
2026-08-14,100304.59432078169,0,0,0.0,0.0,0.0,0.0029078215616880686,0.4,0.6,0.2,False
2026-08-17,100304.59432078169,0,0,0.0,0.0,0.0,0.002908279310980441,0.4,0.6,0.2,False
2026-08-18,100304.59432078169,0,0,0.0,0.0,0.0,0.0029068305019177326,0.4,0.6,0.2,False
2026-08-19,100304.59432078169,0,0,0.0,0.0,0.0,0.002904733004396375,0.4,0.6,0.2,False
2026-08-20,100304.59432078169,0,0,0.0,0.0,0.0,0.0029063156704550123,0.4,0.6,0.2,False
2026-08-21,100304.59432078169,0,0,0.0,0.0,0.0,0.002903361773203747,0.4,0.6,0.2,False
2026-08-24,100304.59432078169,0,0,0.0,0.0,0.0,0.0029041775340996737,0.4,0.6,0.2,False
2026-08-25,100304.59432078169,0,0,0.0,0.0,0.0,0.0029015578098707164,0.4,0.6,0.2,False
2026-08-26,100304.59432078169,0,0,0.0,0.0,0.0,0.002902355408444625,0.4,0.6,0.2,False
2026-08-27,100304.59432078169,0,0,0.0,0.0,0.0,0.0029036104739903665,0.4,0.6,0.2,False
2026-08-28,100304.59432078169,0,0,0.0,0.0,0.0,0.002903345217400295,0.4,0.6,0.2,False
2026-08-31,100304.59432078169,0,0,0.0,0.0,0.0,0.00290083038597053,0.4014517919908704,0.5985482080091296,0.2,False
2026-09-01,100304.59432078169,0,0,0.0,0.0,6.352858768630861e-05,0.0024198997868595906,0.41105521768494635,0.5889447823150536,0.2,False
2026-09-02,100304.59432078169,0,0,0.0,0.0,6.869522340216568e-05,0.0024318627170935385,0.41651724793997813,0.5834827520600219,0.2,False
2026-09-03,100304.59432078169,0,0,0.0,0.0,1.6987252122730227e-05,0.0024888238628236296,0.4342788409608162,0.5657211590391837,0.2,False
2026-09-04,100304.59432078169,0,0,0.0,0.0,3.337148764377986e-05,0.002513298209943892,0.4406627955286295,0.5593372044713705,0.2,False
2026-09-08,100304.59432078169,0,0,0.0,0.0,4.347779095456523e-05,0.002525420974176056,0.44483194567594564,0.5551680543240544,0.2,False
2026-09-09,100304.59432078169,0,0,0.0,0.0,1.6806073283953753e-05,0.0025297236286278063,0.4438954652180877,0.5561045347819122,0.2,False
2026-09-10,100304.59432078169,0,0,0.0,0.0,-2.255591482180053e-05,0.0028352231197597113,0.4401691309171304,0.5598308690828696,0.2,False
2026-09-11,100304.59432078169,0,0,0.0,0.0,-8.843862386873846e-06,0.0028349920802308646,0.439093685885477,0.560906314114523,0.2,False
2026-09-14,100304.59432078169,0,0,0.0,0.0,-4.2873675477190574e-05,0.002840840648741659,0.437318432344803,0.5626815676551971,0.2,False
2026-09-15,100304.59432078169,0,0,0.0,0.0,-5.375934852435152e-05,0.0028428723826555984,0.43667767169708194,0.5633223283029181,0.2,False
2026-09-16,100304.59432078169,0,0,0.0,0.0,-9.135285063644877e-05,0.0028525101303679815,0.4336702469036511,0.5663297530963489,0.2,False
2026-09-17,100304.59432078169,0,0,0.0,0.0,-5.851214873719522e-06,0.0028706444410997183,0.42151217238773353,0.5784878276122665,0.2,False
2026-09-18,100304.59432078169,0,0,0.0,0.0,-6.618618721013556e-05,0.0028862206810688668,0.41475813419174457,0.5852418658082554,0.2,False
