date,equity,qx,qy,gross,net,prediction,entry_threshold,target_weight_x,target_weight_y,desired_fraction,stopped
2020-01-02,100000.0,0,0,0.0,0.0,-0.0019895523633971495,0.0018941307784250887,0.5,0.5,0.05,False
2020-01-03,99996.94004530145,109,-83,4928.3899936676025,-23.38999366760254,-0.002752799564666735,0.0018889575586105275,0.5,0.5,0.05,False
2020-01-06,99996.95967501678,109,-83,4953.920053482056,-22.759870529174805,-0.0026391245988627555,0.0018913240132502405,0.5,0.5,0.05,False
2020-01-07,99990.99502208809,109,-83,4953.1400356292725,-28.520002365112305,-0.002900621874669554,0.0018922200214754772,0.5,0.5,0.05,False
2020-01-08,100007.45026184824,109,-83,4964.819887161255,-11.860036849975586,-0.0018332353831446056,0.001888101117948499,0.5,0.5,0.05,False
2020-01-09,100004.18567071763,109,-83,4970.060007095337,-14.920106887817383,-0.0019696650718541175,0.001894327419196364,0.5,0.5,0.05,False
2020-01-10,100018.720937992,109,-83,4981.480060577393,-0.1799774169921875,-0.0010456924247820162,0.0014732025014277297,0.5,0.5,0.2,False
2020-01-13,100024.446806656,109,-83,5014.380081176758,6.160068511962891,-0.000633827309323572,0.001470104454621508,0.5,0.5,0.2,False
2020-01-14,100037.8408848725,109,-83,5031.300052642822,19.759963989257812,0.00024209783742823703,0.0014687137830903076,0.5,0.5,0.2,False
2020-01-15,100033.25757073979,0,0,0.0,0.0,0.0001839186732782514,0.001467125314299584,0.5,0.5,0.2,False
2020-01-16,100033.25757073979,0,0,0.0,0.0,0.0012097718460029998,0.0014639675934652575,0.5,0.5,0.2,False
2020-01-17,100033.25757073979,0,0,0.0,0.0,0.0007052720671473922,0.001463495505429574,0.5,0.5,0.2,False
2020-01-21,100033.25757073979,0,0,0.0,0.0,-0.0007494738468136174,0.0014658396056241446,0.5,0.5,0.2,False
2020-01-22,100033.25757073979,0,0,0.0,0.0,0.0012708094463281128,0.0014654313744731611,0.5,0.5,0.2,False
2020-01-23,100033.25757073979,0,0,0.0,0.0,0.00040668203349417185,0.0014643548382107803,0.5,0.5,0.2,False
2020-01-24,100033.25757073979,0,0,0.0,0.0,-0.00024204676507424844,0.0014663080861091395,0.5,0.5,0.2,False
2020-01-27,100033.25757073979,0,0,0.0,0.0,-0.0020016494034779753,0.0018936853933082954,0.5,0.5,0.05,False
2020-01-28,100030.17981532378,109,-83,5012.040077209473,-11.11996078491211,-0.0018232259365284905,0.0018879338441026424,0.5,0.5,0.05,False
2020-01-29,100032.35332984434,109,-83,4987.860048294067,-8.740015029907227,-0.0015886619490529763,0.0018906335357319782,0.5,0.5,0.05,False
2020-01-30,100026.90802849155,109,-83,4990.919960021973,-13.979976654052734,-0.0019810111594350706,0.0018917174052333393,0.5,0.5,0.05,False
2020-01-31,100004.41234294201,109,-83,4888.950031280518,-36.269981384277344,-0.0036622867659006084,0.001889766290721206,0.5,0.5,0.05,False
2020-02-03,100013.40497755197,109,-83,4890.250011444092,-26.670127868652344,-0.0024801012558270485,0.0018882489158516742,0.5,0.5,0.05,False
2020-02-04,100023.34310437262,109,-83,4965.130102157593,-16.529935836791992,-0.0017475452322766184,0.0018886727955142316,0.5,0.5,0.05,False
2020-02-05,100020.13836908089,109,-83,4998.649978637695,-19.529945373535156,-0.0019139485780503454,0.0018912030919515778,0.5,0.5,0.05,False
2020-02-06,100012.67192674939,109,-83,5014.629978179932,-26.7901611328125,-0.0023472298325807367,0.0018895883430650447,0.5,0.5,0.05,False
2020-02-07,100000.7749925211,109,-83,4963.099946975708,-38.47991371154785,-0.0030400803672081373,0.0018928189566673605,0.5,0.5,0.05,False
2020-02-10,100000.57831940956,109,-83,4980.119970321655,-38.059953689575195,-0.0029088822480284548,0.001889986541764915,0.5,0.5,0.05,False
2020-02-11,99998.13452677813,0,0,0.0,0.0,-0.0027673262765213675,0.0018910417933387972,0.5,0.5,0.05,False
2020-02-12,99995.05320614832,109,-82,5030.100141525269,10.06004142761276,-0.0016214469753262426,0.0018890140671303237,0.5,0.5,0.05,False
2020-02-13,99989.69683675478,109,-82,5006.90997505188,4.909975051879883,-0.0018980836603541605,0.0018934084629413839,0.5,0.5,0.05,False
2020-02-14,99987.01116684984,109,-82,5022.469966888428,2.429866790771939,-0.002012381540748862,0.0018912339948153603,0.5,0.5,0.05,False
2020-02-18,99985.93600055497,109,-82,5007.459987640381,2.179912567138672,-0.001961811739782472,0.0018936789942065383,0.5,0.5,0.05,False
2020-02-19,99977.49037682166,109,-82,5041.860097885132,-6.060014724731445,-0.0024338159477930886,0.001889248512948166,0.5,0.5,0.05,False
2020-02-20,99960.942969859,109,-82,5018.9599895477295,-22.399972915649414,-0.0033492445127744287,0.0018883241385432104,0.5,0.5,0.05,False
2020-02-21,99950.13580746713,109,-82,4990.319906234741,-32.999956130981445,-0.0038456118599245258,0.0017438802319872657,0.5,0.5,0.06110214826248095,False
2020-02-24,99902.00649383056,109,-82,4826.370056152344,-80.50995635986328,-0.006387982970041406,0.0015075695763948477,0.5,0.5,0.10527103600461099,False
2020-02-25,99919.67462272145,109,-82,4740.919975280762,-62.640174865722656,-0.00481013247459328,0.001659139667465563,0.5,0.5,0.07023069036636952,False
2020-02-26,99913.82744921793,109,-82,4687.71005821228,-68.28994178771973,-0.004787957791375217,0.0016560052933273011,0.5,0.5,0.07075644381206868,False
2020-02-27,99941.434829938,0,0,0.0,0.0,-0.002917691509892536,0.0018929084412317426,0.5,0.5,0.05,False
2020-02-28,99938.38718261474,120,-89,4869.91011428833,-41.10991287231445,-0.00434113916558461,0.0018349250111224956,0.5,0.5,0.05385123643246207,False
2020-03-02,99922.16162962964,120,-89,4957.530015945435,-56.729997634887695,-0.0031378796275204424,0.0018907062446595665,0.5,0.5,0.05,False
2020-03-03,99928.21548617721,120,-89,4903.269910812378,-50.470075607299805,-0.0027638700312829284,0.0018919976154184936,0.5,0.5,0.05,False
2020-03-04,99948.62202478023,120,-89,5014.660068511963,-29.85995864868164,-0.002116998475235681,0.0018899294738999662,0.5,0.5,0.05,False
2020-03-05,99914.37469002696,120,-89,4902.2999477386475,-63.89998435974121,-0.0028749136083868984,0.0018939872426089702,0.5,0.5,0.05,False
2020-03-06,99921.97073427761,120,-89,4803.30001449585,-56.099849700927734,-0.002499384587580284,0.001890244694403986,0.5,0.5,0.05,False
2020-03-09,99942.28155755292,120,-89,4220.790050506592,-35.18992233276367,-0.0017085081474148846,0.0018896956584452394,0.5,0.5,0.05,False
2020-03-10,100069.59664068605,120,-89,4453.300064086914,92.30006408691406,0.0013707588081850477,0.001555141123318908,0.5,0.5,0.1929276838555258,False
2020-03-11,99985.03846879152,0,0,0.0,0.0,-0.0005359176124906187,,0.5,0.5,0.0,False
2020-03-12,99985.03846879152,0,0,0.0,0.0,-0.00043504333791073496,,0.5,0.5,0.0,False
2020-03-13,99985.03846879152,0,0,0.0,0.0,0.000921983274316184,,0.5,0.5,0.0,False
2020-03-16,99985.03846879152,0,0,0.0,0.0,-0.0014768298636018314,,0.5,0.5,0.0,False
2020-03-17,99985.03846879152,0,0,0.0,0.0,0.0024288952263538124,,0.5,0.5,0.0,False
2020-03-18,99985.03846879152,0,0,0.0,0.0,-0.0007621479325339801,,0.5,0.5,0.0,False
2020-03-19,99985.03846879152,0,0,0.0,0.0,-0.0009280675006083187,,0.5,0.5,0.0,False
2020-03-20,99985.03846879152,0,0,0.0,0.0,-0.0019483071803222949,,0.5,0.5,0.0,False
2020-03-23,99985.03846879152,0,0,0.0,0.0,-0.0011260702690316616,,0.5,0.5,0.0,False
2020-03-24,99985.03846879152,0,0,0.0,0.0,-0.0015105321883021748,,0.5,0.5,0.0,False
2020-03-25,99985.03846879152,0,0,0.0,0.0,-0.0022130385856976857,,0.5,0.5,0.0,False
2020-03-26,99985.03846879152,0,0,0.0,0.0,-0.0017189730728643848,,0.5,0.5,0.0,False
2020-03-27,99985.03846879152,0,0,0.0,0.0,-0.0025137941538975386,,0.5,0.5,0.0,False
2020-03-30,99985.03846879152,0,0,0.0,0.0,-0.0003290524982650484,,0.5,0.5,0.0,False
2020-03-31,99985.03846879152,0,0,0.0,0.0,-0.002050682139826214,,0.5,0.5,0.0,False
2020-04-01,99985.03846879152,0,0,0.0,0.0,-0.0010094120888456835,,0.5,0.5,0.0,False
2020-04-02,99985.03846879152,0,0,0.0,0.0,-0.0005846961521004548,,0.5,0.5,0.0,False
2020-04-03,99985.03846879152,0,0,0.0,0.0,-0.0016177620655292528,,0.5,0.5,0.0,False
2020-04-06,99985.03846879152,0,0,0.0,0.0,-0.0007763345295991526,,0.5,0.5,0.0,False
2020-04-07,99985.03846879152,0,0,0.0,0.0,-0.00180664277337795,,0.5,0.5,0.0,False
2020-04-08,99985.03846879152,0,0,0.0,0.0,-0.0021563947442161053,,0.5,0.5,0.0,False
2020-04-09,99985.03846879152,0,0,0.0,0.0,-0.0010579941898079103,,0.5,0.5,0.0,False
2020-04-13,99985.03846879152,0,0,0.0,0.0,-0.0012124916906353501,,0.5,0.5,0.0,False
2020-04-14,99985.03846879152,0,0,0.0,0.0,-0.0004732458128539531,,0.5,0.5,0.0,False
2020-04-15,99985.03846879152,0,0,0.0,0.0,-0.0008440540127250319,,0.5,0.5,0.0,False
2020-04-16,99985.03846879152,0,0,0.0,0.0,-0.0004154723716512641,,0.5,0.5,0.0,False
2020-04-17,99985.03846879152,0,0,0.0,0.0,-0.0009145748082316186,,0.5,0.5,0.0,False
2020-04-20,99985.03846879152,0,0,0.0,0.0,-0.00177607746290688,,0.5,0.5,0.0,False
2020-04-21,99985.03846879152,0,0,0.0,0.0,-0.0020043253433547014,,0.5,0.5,0.0,False
2020-04-22,99985.03846879152,0,0,0.0,0.0,-0.0014228088060560334,,0.5,0.5,0.0,False
2020-04-23,99985.03846879152,0,0,0.0,0.0,-0.0016766802621655213,,0.5,0.5,0.0,False
2020-04-24,99985.03846879152,0,0,0.0,0.0,-0.0014610915157097467,,0.5,0.5,0.0,False
2020-04-27,99985.03846879152,0,0,0.0,0.0,-0.0015758622815932855,,0.5,0.5,0.0,False
2020-04-28,99985.03846879152,0,0,0.0,0.0,-0.0019351743713859936,,0.5,0.5,0.0,False
2020-04-29,99985.03846879152,0,0,0.0,0.0,-0.002205908121205506,,0.5,0.5,0.0,False
2020-04-30,99985.03846879152,0,0,0.0,0.0,-0.0012440115374836302,,0.5,0.5,0.0,False
2020-05-01,99985.03846879152,0,0,0.0,0.0,-0.0007629356795907823,,0.5,0.5,0.0,False
2020-05-04,99985.03846879152,0,0,0.0,0.0,-0.0006013066324331504,,0.5,0.5,0.0,False
2020-05-05,99985.03846879152,0,0,0.0,0.0,-0.0005592115383387618,,0.5,0.5,0.0,False
2020-05-06,99985.03846879152,0,0,0.0,0.0,-0.0006431179229817969,,0.5,0.5,0.0,False
2020-05-07,99985.03846879152,0,0,0.0,0.0,-0.000546387145776692,,0.5,0.5,0.0,False
2020-05-08,99985.03846879152,0,0,0.0,0.0,-0.000571198361623736,,0.5,0.5,0.0,False
2020-05-11,99985.03846879152,0,0,0.0,0.0,-0.0005559299191776418,,0.5,0.5,0.0,False
2020-05-12,99985.03846879152,0,0,0.0,0.0,-0.0005672136631365322,,0.5,0.5,0.0,False
2020-05-13,99985.03846879152,0,0,0.0,0.0,-0.0003161249438685593,,0.5,0.5,0.0,False
2020-05-14,99985.03846879152,0,0,0.0,0.0,-0.00034033199261217424,,0.5,0.5,0.0,False
2020-05-15,99985.03846879152,0,0,0.0,0.0,-0.00028420161674613716,,0.5,0.5,0.0,False
2020-05-18,99985.03846879152,0,0,0.0,0.0,-0.0002277403096544259,,0.5,0.5,0.0,False
2020-05-19,99985.03846879152,0,0,0.0,0.0,-0.00028411987765816906,,0.5,0.5,0.0,False
2020-05-20,99985.03846879152,0,0,0.0,0.0,-0.00010374247266521927,,0.5,0.5,0.0,False
2020-05-21,99985.03846879152,0,0,0.0,0.0,-0.0001284625744096228,,0.5,0.5,0.0,False
2020-05-22,99985.03846879152,0,0,0.0,0.0,-0.00013854469908964028,,0.5,0.5,0.0,False
2020-05-26,99985.03846879152,0,0,0.0,0.0,1.886906506427131e-06,,0.5,0.5,0.0,False
2020-05-27,99985.03846879152,0,0,0.0,0.0,2.7298842074484603e-05,,0.5,0.5,0.0,False
2020-05-28,99985.03846879152,0,0,0.0,0.0,0.00011679252827079991,,0.5,0.5,0.0,False
2020-05-29,99985.03846879152,0,0,0.0,0.0,-2.5995335590066686e-05,,0.5,0.5,0.0,False
2020-06-01,99985.03846879152,0,0,0.0,0.0,0.00045439075267214015,,0.5,0.5,0.0,False
2020-06-02,99985.03846879152,0,0,0.0,0.0,0.000415712257848549,,0.5,0.5,0.0,False
2020-06-03,99985.03846879152,0,0,0.0,0.0,0.0007245124238649723,,0.5,0.5,0.0,False
2020-06-04,99985.03846879152,0,0,0.0,0.0,0.0007765817361650019,,0.5,0.5,0.0,False
2020-06-05,99985.03846879152,0,0,0.0,0.0,0.0008268354424544037,,0.5,0.5,0.0,False
2020-06-08,99985.03846879152,0,0,0.0,0.0,0.0008972669775254996,0.001512759589932882,0.5,0.5,0.13832139350239078,False
2020-06-09,99985.03846879152,0,0,0.0,0.0,0.0007333220540799199,0.00151831924489482,0.5,0.5,0.14001308257504175,False
2020-06-10,99985.03846879152,0,0,0.0,0.0,0.0008972598723610371,0.0015199947128372892,0.5,0.5,0.14197234315752802,False
2020-06-11,99985.03846879152,0,0,0.0,0.0,0.0005921869424203686,0.0015503123560786888,0.5,0.5,0.1423751548676572,False
2020-06-12,99985.03846879152,0,0,0.0,0.0,0.0006102162756790739,0.0015428112809966644,0.5,0.5,0.14476776830424948,False
2020-06-15,99985.03846879152,0,0,0.0,0.0,0.000691901542728562,0.0015436488608796448,0.5,0.5,0.1471011818138245,False
2020-06-16,99985.03846879152,0,0,0.0,0.0,0.00065682187012278,0.0015386588204900796,0.5,0.5,0.14949031708547109,False
2020-06-17,99985.03846879152,0,0,0.0,0.0,0.0007514068028956916,0.0015403761887229593,0.5,0.5,0.1518306021726564,False
2020-06-18,99985.03846879152,0,0,0.0,0.0,0.0006165159677989134,0.0015414984751418626,0.5,0.5,0.15369220816883883,False
2020-06-19,99985.03846879152,0,0,0.0,0.0,0.0004907036026903365,0.001546015280251132,0.5,0.5,0.15563616718034087,False
2020-06-22,99985.03846879152,0,0,0.0,0.0,0.0006969058532347062,0.0015371353850476346,0.5,0.5,0.15701936783844353,False
2020-06-23,99985.03846879152,0,0,0.0,0.0,0.0006759693025586497,0.0015366033277259673,0.5,0.5,0.15961297470875704,False
2020-06-24,99985.03846879152,0,0,0.0,0.0,0.0005846464367016702,0.0015487807318650356,0.5,0.5,0.16194803272532873,False
2020-06-25,99985.03846879152,0,0,0.0,0.0,0.0005670492385117464,0.001544302123496836,0.5,0.5,0.16463315486639263,False
2020-06-26,99985.03846879152,0,0,0.0,0.0,0.0006171751014621747,0.001553173184671098,0.5,0.5,0.16732571992926062,False
2020-06-29,99985.03846879152,0,0,0.0,0.0,0.0006898140027823396,0.0015443666269592754,0.5,0.5,0.16996342899491113,False
2020-06-30,99985.03846879152,0,0,0.0,0.0,0.0005367812996319143,0.001540578868810838,0.5,0.5,0.17156033190077588,False
2020-07-01,99985.03846879152,0,0,0.0,0.0,0.0008791003162002503,0.0015372048817003728,0.5,0.5,0.17370723869407667,False
2020-07-02,99985.03846879152,0,0,0.0,0.0,0.0011730892687820678,0.0015318086266366438,0.5,0.5,0.17435838454699396,False
2020-07-06,99985.03846879152,0,0,0.0,0.0,0.0010363656892156351,0.0015304692991587228,0.5,0.5,0.17665771036605468,False
2020-07-07,99985.03846879152,0,0,0.0,0.0,0.0008912483047553855,0.0015360585475093665,0.5,0.5,0.1789264689103508,False
2020-07-08,99985.03846879152,0,0,0.0,0.0,0.0007655218856326262,0.0015337098924955524,0.5,0.5,0.18126153539765233,False
2020-07-09,99985.03846879152,0,0,0.0,0.0,0.0007711483287051026,0.0015384128698825582,0.5,0.5,0.18430695328971372,False
2020-07-10,99985.03846879152,0,0,0.0,0.0,0.0007816396970934675,0.0015338968828317646,0.5,0.5,0.18740252264683924,False
2020-07-13,99985.03846879152,0,0,0.0,0.0,0.0006005996277261454,0.0015379977838675324,0.5,0.5,0.1891354699743018,False
2020-07-14,99985.03846879152,0,0,0.0,0.0,0.0005096458418627305,0.0015310540229886405,0.5,0.5,0.19189774750285543,False
2020-07-15,99985.03846879152,0,0,0.0,0.0,0.0006748744436222592,0.0015229008090660726,0.5,0.5,0.19416803293323637,False
2020-07-16,99985.03846879152,0,0,0.0,0.0,0.0005097917371674778,0.001527417942171831,0.5,0.5,0.19618123928323558,False
2020-07-17,99985.03846879152,0,0,0.0,0.0,0.0005249580614203474,0.0015250728709614897,0.5,0.5,0.19947683992186868,False
2020-07-20,99985.03846879152,0,0,0.0,0.0,0.00047195402940097576,0.0015223246492193782,0.5,0.5,0.2,False
2020-07-21,99985.03846879152,0,0,0.0,0.0,0.0008877229738291217,0.0015153304012315387,0.5,0.5,0.19858803220473314,False
2020-07-22,99985.03846879152,0,0,0.0,0.0,0.0007146339244197361,0.0015151687459747161,0.5,0.5,0.2,False
2020-07-23,99985.03846879152,0,0,0.0,0.0,0.0006386868883520294,0.001520715016312956,0.5,0.5,0.2,False
2020-07-24,99985.03846879152,0,0,0.0,0.0,0.0005464272546114292,0.0015233342371808603,0.5,0.5,0.2,False
2020-07-27,99985.03846879152,0,0,0.0,0.0,0.0005766591005015371,0.0015162358073586176,0.5,0.5,0.2,False
2020-07-28,99985.03846879152,0,0,0.0,0.0,0.0004350637251380685,0.0015199153393869263,0.5,0.5,0.2,False
2020-07-29,99985.03846879152,0,0,0.0,0.0,0.0004923198209336433,0.0015125517017309724,0.5,0.5,0.2,False
2020-07-30,99985.03846879152,0,0,0.0,0.0,0.0004393203506637585,0.0015160351638735376,0.5,0.5,0.2,False
2020-07-31,99985.03846879152,0,0,0.0,0.0,0.00012560264801651376,0.0015217242316264868,0.5,0.5,0.2,False
2020-08-03,99985.03846879152,0,0,0.0,0.0,0.0003837766966178953,0.0015178093165698222,0.5,0.5,0.2,False
2020-08-04,99985.03846879152,0,0,0.0,0.0,0.00020769422553809557,0.001513656327037526,0.5,0.5,0.2,False
2020-08-05,99985.03846879152,0,0,0.0,0.0,3.9073535806855356e-05,0.0015115043384670288,0.5,0.5,0.2,False
2020-08-06,99985.03846879152,0,0,0.0,0.0,0.00010969666903330745,0.001508253611923607,0.5,0.5,0.2,False
2020-08-07,99985.03846879152,0,0,0.0,0.0,0.00015353095449849053,0.0015121127712614557,0.5,0.5,0.2,False
2020-08-10,99985.03846879152,0,0,0.0,0.0,0.0002445284305093917,0.00150804026914494,0.5,0.5,0.2,False
2020-08-11,99985.03846879152,0,0,0.0,0.0,0.000276256343392732,0.0015076014466536413,0.5,0.5,0.2,False
2020-08-12,99985.03846879152,0,0,0.0,0.0,0.00034970030903138603,0.0015027180143171576,0.5,0.5,0.2,False
2020-08-13,99985.03846879152,0,0,0.0,0.0,4.2692363593080506e-05,0.0015071046873894338,0.5,0.5,0.2,False
2020-08-14,99985.03846879152,0,0,0.0,0.0,0.00010252547957284632,0.0015083047897720702,0.5,0.5,0.2,False
2020-08-17,99985.03846879152,0,0,0.0,0.0,2.1410696013322677e-05,0.0015028537536072267,0.5,0.5,0.2,False
2020-08-18,99985.03846879152,0,0,0.0,0.0,0.00014671833747058547,0.001502433824668887,0.5,0.5,0.2,False
2020-08-19,99985.03846879152,0,0,0.0,0.0,0.0002929054441281595,0.001502552940736132,0.5,0.5,0.2,False
2020-08-20,99985.03846879152,0,0,0.0,0.0,0.00014656176087270395,0.0015031768244425578,0.5,0.5,0.2,False
2020-08-21,99985.03846879152,0,0,0.0,0.0,2.118556082446352e-06,0.001506750330320905,0.5,0.5,0.2,False
2020-08-24,99985.03846879152,0,0,0.0,0.0,0.0001486306901182905,0.001503625182315118,0.5,0.5,0.2,False
2020-08-25,99985.03846879152,0,0,0.0,0.0,-9.18532576053526e-06,0.0015032884245380336,0.5,0.5,0.2,False
2020-08-26,99985.03846879152,0,0,0.0,0.0,-0.0002088093175126256,0.0014996832409821504,0.5,0.5,0.2,False
2020-08-27,99985.03846879152,0,0,0.0,0.0,-0.00018546583768558084,0.0015002267646421813,0.5,0.5,0.2,False
2020-08-28,99985.03846879152,0,0,0.0,0.0,-7.250369251096165e-05,0.001499322924469146,0.5,0.5,0.2,False
2020-08-31,99985.03846879152,0,0,0.0,0.0,4.4676994631997134e-07,0.0015017592319806524,0.5,0.5,0.2,False
2020-09-01,99985.03846879152,0,0,0.0,0.0,-0.00014462913869238862,0.0015006893107889522,0.5,0.5,0.2,False
2020-09-02,99985.03846879152,0,0,0.0,0.0,0.00012298893135237368,0.0014971879622180672,0.5,0.5,0.2,False
2020-09-03,99985.03846879152,0,0,0.0,0.0,-1.0061548804257097e-05,0.0015064664567650422,0.5,0.5,0.2,False
2020-09-04,99985.03846879152,0,0,0.0,0.0,-9.899140713343062e-05,0.0015113109773571888,0.5,0.5,0.2,False
2020-09-08,99985.03846879152,0,0,0.0,0.0,0.00016171076808203986,0.0015175358830700914,0.5,0.5,0.2,False
2020-09-09,99985.03846879152,0,0,0.0,0.0,7.992954302895992e-05,0.0015087785747530966,0.5,0.5,0.2,False
2020-09-10,99985.03846879152,0,0,0.0,0.0,-0.00011666345627159724,0.0015175836275234703,0.5,0.5,0.2,False
2020-09-11,99985.03846879152,0,0,0.0,0.0,2.211204074879384e-05,0.0015154990343462754,0.5,0.5,0.2,False
2020-09-14,99985.03846879152,0,0,0.0,0.0,1.3964839554774694e-05,0.001510880493382984,0.5,0.5,0.2,False
2020-09-15,99985.03846879152,0,0,0.0,0.0,0.00013214905637573483,0.00150977732392925,0.5,0.5,0.2,False
2020-09-16,99985.03846879152,0,0,0.0,0.0,0.00032065115456496725,0.0015107144823210644,0.5,0.5,0.2,False
2020-09-17,99985.03846879152,0,0,0.0,0.0,0.00019039939974009636,0.0015121919674862879,0.5,0.5,0.2,False
2020-09-18,99985.03846879152,0,0,0.0,0.0,0.00011810356407817648,0.0015166827854189453,0.5,0.5,0.2,False
2020-09-21,99985.03846879152,0,0,0.0,0.0,1.237033710008258e-05,0.0015256020245078706,0.5,0.5,0.2,False
2020-09-22,99985.03846879152,0,0,0.0,0.0,-6.28300140022051e-06,0.0015209879071296304,0.5,0.5,0.2,False
2020-09-23,99985.03846879152,0,0,0.0,0.0,0.00017570834453947386,0.001529189569747567,0.5,0.5,0.2,False
2020-09-24,99985.03846879152,0,0,0.0,0.0,3.6055855752671896e-05,0.001527437155471322,0.5,0.5,0.2,False
2020-09-25,99985.03846879152,0,0,0.0,0.0,0.00023818013696886672,0.0015225700668877733,0.5,0.5,0.2,False
2020-09-28,99985.03846879152,0,0,0.0,0.0,0.00015216496358828692,0.0015184895859106451,0.5,0.5,0.2,False
2020-09-29,99985.03846879152,0,0,0.0,0.0,4.205580117507391e-05,0.001521706676619144,0.5,0.5,0.2,False
2020-09-30,99985.03846879152,0,0,0.0,0.0,-7.869081098482828e-05,0.001522888527256134,0.5,0.5,0.2,False
2020-10-01,99985.03846879152,0,0,0.0,0.0,-3.0269787513111415e-05,0.001520416937765884,0.5,0.5,0.2,False
2020-10-02,99985.03846879152,0,0,0.0,0.0,-3.7496699671772994e-05,0.0015213439680837283,0.5,0.5,0.2,False
2020-10-05,99985.03846879152,0,0,0.0,0.0,-2.552564428461165e-05,0.0015128589374913959,0.5,0.5,0.2,False
2020-10-06,99985.03846879152,0,0,0.0,0.0,3.474175335691473e-05,0.001518502869093418,0.5,0.5,0.2,False
2020-10-07,99985.03846879152,0,0,0.0,0.0,0.00011542352395189411,0.0015111978357820225,0.5,0.5,0.2,False
2020-10-08,99985.03846879152,0,0,0.0,0.0,0.00011264450082918796,0.001505020026188924,0.5,0.5,0.2,False
2020-10-09,99985.03846879152,0,0,0.0,0.0,0.00013322887060201585,0.0015029546090032134,0.5,0.5,0.2,False
2020-10-12,99985.03846879152,0,0,0.0,0.0,0.00020331175437128752,0.001501045629351085,0.5,0.5,0.2,False
2020-10-13,99985.03846879152,0,0,0.0,0.0,0.00022082564254987002,0.0015039727901808068,0.5,0.5,0.2,False
2020-10-14,99985.03846879152,0,0,0.0,0.0,0.00025229411432311604,0.0015050945078779313,0.5,0.5,0.2,False
2020-10-15,99985.03846879152,0,0,0.0,0.0,0.0002743439296030875,0.0015054160903943473,0.5,0.5,0.2,False
2020-10-16,99985.03846879152,0,0,0.0,0.0,0.0003184452457843041,0.0015057289947168816,0.5,0.5,0.2,False
2020-10-19,99985.03846879152,0,0,0.0,0.0,0.0003341988254173015,0.0015096864350819768,0.5,0.5,0.2,False
2020-10-20,99985.03846879152,0,0,0.0,0.0,0.000235062222183868,0.0015094003515272497,0.5,0.5,0.2,False
2020-10-21,99985.03846879152,0,0,0.0,0.0,0.0003109157533167157,0.0015096352159752276,0.5,0.5,0.2,False
2020-10-22,99985.03846879152,0,0,0.0,0.0,0.00042208184413701044,0.0015077784144611498,0.5,0.5,0.2,False
2020-10-23,99985.03846879152,0,0,0.0,0.0,0.0005099036507647134,0.001504927760713537,0.5,0.5,0.2,False
2020-10-26,99985.03846879152,0,0,0.0,0.0,0.0005862295268001657,0.0015121715687619137,0.5,0.5,0.2,False
2020-10-27,99985.03846879152,0,0,0.0,0.0,0.0003731855401883728,0.0015150801001152124,0.5,0.5,0.2,False
2020-10-28,99985.03846879152,0,0,0.0,0.0,0.0006019502537424052,0.0015289362916893405,0.5,0.5,0.2,False
2020-10-29,99985.03846879152,0,0,0.0,0.0,0.0006043635005824385,0.0015274358382579957,0.5,0.5,0.2,False
2020-10-30,99985.03846879152,0,0,0.0,0.0,0.0006198543559912827,0.0015295042293056646,0.5,0.5,0.2,False
2020-11-02,99985.03846879152,0,0,0.0,0.0,0.0003361094392833931,0.0015257740895397917,0.5,0.5,0.2,False
2020-11-03,99985.03846879152,0,0,0.0,0.0,0.0005470659979611777,0.0015141900234837207,0.5,0.5,0.2,False
2020-11-04,99985.03846879152,0,0,0.0,0.0,0.00044010345923235354,0.0015134696459922898,0.5,0.5,0.2,False
2020-11-05,99985.03846879152,0,0,0.0,0.0,0.0006372294614206247,0.0015003948252479543,0.5,0.5,0.2,False
2020-11-06,99985.03846879152,0,0,0.0,0.0,0.0006818388402259887,0.0015000543976289651,0.5,0.5,0.2,False
2020-11-09,99985.03846879152,0,0,0.0,0.0,0.0012829771097320843,0.0014888577902520189,0.5,0.5,0.2,False
2020-11-10,99985.03846879152,0,0,0.0,0.0,0.000926893296666504,0.0014874663030775136,0.5,0.5,0.2,False
2020-11-11,99985.03846879152,0,0,0.0,0.0,0.00106773278105984,0.0014829151960467604,0.5,0.5,0.2,False
2020-11-12,99985.03846879152,0,0,0.0,0.0,0.0009427026535171251,0.0014910003043660804,0.5,0.5,0.2,False
2020-11-13,99985.03846879152,0,0,0.0,0.0,0.0010960123015582972,0.001486367992645698,0.5,0.5,0.2,False
2020-11-16,99985.03846879152,0,0,0.0,0.0,0.0009821869218995642,0.0014794979466453992,0.5,0.5,0.2,False
2020-11-17,99985.03846879152,0,0,0.0,0.0,0.0008689068444404956,0.0014793186324785384,0.5,0.5,0.2,False
2020-11-18,99985.03846879152,0,0,0.0,0.0,0.0009265853296428517,0.001479076657144547,0.5,0.5,0.2,False
2020-11-19,99985.03846879152,0,0,0.0,0.0,0.0009634665384105132,0.0014765732508079238,0.5,0.5,0.2,False
2020-11-20,99985.03846879152,0,0,0.0,0.0,0.0008614873349816308,0.0014757954749490497,0.5,0.5,0.2,False
2020-11-23,99985.03846879152,0,0,0.0,0.0,0.0007025948169814397,0.0014746225320469316,0.5,0.5,0.2,False
2020-11-24,99985.03846879152,0,0,0.0,0.0,0.0008795385488439385,0.0014665902324248975,0.5,0.5,0.2,False
2020-11-25,99985.03846879152,0,0,0.0,0.0,0.0008145191058219279,0.0014657629269477447,0.5,0.5,0.2,False
2020-11-27,99985.03846879152,0,0,0.0,0.0,0.0006030787158003146,0.001466848248599069,0.5,0.5,0.2,False
2020-11-30,99985.03846879152,0,0,0.0,0.0,0.0002167218517103725,0.0014728869786577396,0.5,0.5,0.2,False
2020-12-01,99985.03846879152,0,0,0.0,0.0,0.00013823204492360115,0.0014674869161859219,0.5,0.5,0.2,False
2020-12-02,99985.03846879152,0,0,0.0,0.0,0.00011830112980391964,0.0014649841862363654,0.5,0.5,0.2,False
2020-12-03,99985.03846879152,0,0,0.0,0.0,0.00010410946965523732,0.0014637371009054649,0.5,0.5,0.2,False
2020-12-04,99985.03846879152,0,0,0.0,0.0,6.60333387459709e-05,0.0014590745606070153,0.5,0.5,0.2,False
2020-12-07,99985.03846879152,0,0,0.0,0.0,4.674203744311629e-05,0.0014603345255066844,0.5,0.5,0.2,False
2020-12-08,99985.03846879152,0,0,0.0,0.0,7.192465330868594e-05,0.0014576426913530294,0.5,0.5,0.2,False
2020-12-09,99985.03846879152,0,0,0.0,0.0,9.399290864622713e-05,0.001458353423537134,0.5,0.5,0.2,False
2020-12-10,99985.03846879152,0,0,0.0,0.0,8.466499699468904e-05,0.0014558965250768866,0.5,0.5,0.2,False
2020-12-11,99985.03846879152,0,0,0.0,0.0,8.494127809131584e-05,0.0014564434148649887,0.5,0.5,0.2,False
2020-12-14,99985.03846879152,0,0,0.0,0.0,0.00014443093766963773,0.0014621512472514058,0.5,0.5,0.2,False
2020-12-15,99985.03846879152,0,0,0.0,0.0,0.00014447514471734586,0.0014571016522244463,0.5,0.5,0.2,False
2020-12-16,99985.03846879152,0,0,0.0,0.0,0.00015987093407152415,0.0014570074227359564,0.5,0.5,0.2,False
2020-12-17,99985.03846879152,0,0,0.0,0.0,0.00019253322543058148,0.001452581387477782,0.5,0.5,0.2,False
2020-12-18,99985.03846879152,0,0,0.0,0.0,0.00017686801222247694,0.0014574999887127064,0.5,0.5,0.2,False
2020-12-21,99985.03846879152,0,0,0.0,0.0,0.00016648841520984885,0.0014602992566832673,0.5,0.5,0.2,False
2020-12-22,99985.03846879152,0,0,0.0,0.0,0.00013444127253778074,0.0014617482468896068,0.5,0.5,0.2,False
2020-12-23,99985.03846879152,0,0,0.0,0.0,0.00015893130814781918,0.0014578898867098676,0.5,0.5,0.2,False
2020-12-24,99985.03846879152,0,0,0.0,0.0,0.00013369254956275482,0.0014578181741875548,0.5,0.5,0.2,False
2020-12-28,99985.03846879152,0,0,0.0,0.0,0.0001884713377419002,0.0014569931716006779,0.5,0.5,0.2,False
2020-12-29,99985.03846879152,0,0,0.0,0.0,0.00014930051708363483,0.0014579035140651947,0.5,0.5,0.2,False
2020-12-30,99985.03846879152,0,0,0.0,0.0,0.00015316425978898488,0.0014560934497786166,0.5,0.5,0.2,False
2020-12-31,99985.03846879152,0,0,0.0,0.0,0.0001519783707319049,0.0014582530448640975,0.5,0.5,0.2,False
2021-01-04,99985.03846879152,0,0,0.0,0.0,0.0002140498016813327,0.0014573113088676593,0.5,0.5,0.2,False
2021-01-05,99985.03846879152,0,0,0.0,0.0,0.00017809725267141152,0.0014513290445976577,0.5,0.5,0.2,False
2021-01-06,99985.03846879152,0,0,0.0,0.0,0.00020595015983325158,0.001446810907415706,0.5,0.5,0.2,False
2021-01-07,99985.03846879152,0,0,0.0,0.0,0.00012627624390599702,0.0014459793639768693,0.5,0.5,0.2,False
2021-01-08,99985.03846879152,0,0,0.0,0.0,0.00016635527494578424,0.0014444580455280878,0.5,0.5,0.2,False
2021-01-11,99985.03846879152,0,0,0.0,0.0,0.00011334930786301731,0.0014499289108278611,0.5,0.5,0.2,False
2021-01-12,99985.03846879152,0,0,0.0,0.0,0.00010596426293525705,0.00144698148097549,0.5,0.5,0.2,False
2021-01-13,99985.03846879152,0,0,0.0,0.0,8.75995837313168e-05,0.001448964163628828,0.5,0.5,0.2,False
2021-01-14,99985.03846879152,0,0,0.0,0.0,0.00012105876252654374,0.0014451546905473814,0.5,0.5,0.2,False
2021-01-15,99985.03846879152,0,0,0.0,0.0,9.855579179036517e-05,0.0014484463354437014,0.5,0.5,0.2,False
2021-01-19,99985.03846879152,0,0,0.0,0.0,0.00011486048188791374,0.0014474468205878846,0.5,0.5,0.2,False
2021-01-20,99985.03846879152,0,0,0.0,0.0,0.00017205076577398026,0.0014427247630947075,0.5,0.5,0.2,False
2021-01-21,99985.03846879152,0,0,0.0,0.0,0.00021153123081270615,0.001443126141068524,0.5,0.5,0.2,False
2021-01-22,99985.03846879152,0,0,0.0,0.0,0.00023992118970103804,0.0014465899932627152,0.5,0.5,0.2,False
2021-01-25,99985.03846879152,0,0,0.0,0.0,0.00024286728816041007,0.001445170622582825,0.5,0.5,0.2,False
2021-01-26,99985.03846879152,0,0,0.0,0.0,0.0002623294571911168,0.0014450693221580483,0.5,0.5,0.2,False
2021-01-27,99985.03846879152,0,0,0.0,0.0,0.00023663151288391817,0.0014563100972315073,0.5,0.5,0.2,False
2021-01-28,99985.03846879152,0,0,0.0,0.0,0.00020003049485482928,0.0014520635857756606,0.5,0.5,0.2,False
2021-01-29,99985.03846879152,0,0,0.0,0.0,0.0001047264467532628,0.0014614380565451334,0.5,0.5,0.2,False
2021-02-01,99985.03846879152,0,0,0.0,0.0,6.266801555119437e-05,0.0014555440666034702,0.5,0.5,0.2,False
2021-02-02,99985.03846879152,0,0,0.0,0.0,4.638865044877656e-05,0.0014506368348577276,0.5,0.5,0.2,False
2021-02-03,99985.03846879152,0,0,0.0,0.0,4.6569923130643955e-05,0.0014497081735991408,0.5,0.5,0.2,False
2021-02-04,99985.03846879152,0,0,0.0,0.0,3.255580249067434e-05,0.0014488312571360874,0.5,0.5,0.2,False
2021-02-05,99985.03846879152,0,0,0.0,0.0,3.304716849552015e-05,0.0014451893616649319,0.5,0.5,0.2,False
2021-02-08,99985.03846879152,0,0,0.0,0.0,1.4506683440357721e-05,0.0014415909084771238,0.5,0.5,0.2,False
2021-02-09,99985.03846879152,0,0,0.0,0.0,-9.87123140980626e-06,0.001440143319826027,0.5,0.5,0.2,False
2021-02-10,99985.03846879152,0,0,0.0,0.0,-2.4483712988353188e-05,0.0014407672853639225,0.5,0.5,0.2,False
2021-02-11,99985.03846879152,0,0,0.0,0.0,-5.483181444438992e-06,0.0014385606486267946,0.5,0.5,0.2,False
2021-02-12,99985.03846879152,0,0,0.0,0.0,-1.1283267479348095e-05,0.001439145937875209,0.5,0.5,0.2,False
2021-02-16,99985.03846879152,0,0,0.0,0.0,-1.5602078452730763e-06,0.0014361541742579078,0.5,0.5,0.2,False
2021-02-17,99985.03846879152,0,0,0.0,0.0,2.614901664254361e-06,0.0014387609745398365,0.5,0.5,0.2,False
2021-02-18,99985.03846879152,0,0,0.0,0.0,2.016942362732892e-05,0.0014385894240523769,0.5,0.5,0.2,False
2021-02-19,99985.03846879152,0,0,0.0,0.0,-1.236803267318473e-05,0.0014362214870591386,0.5,0.5,0.2,False
2021-02-22,99985.03846879152,0,0,0.0,0.0,-1.000438369345718e-05,0.001435345905296454,0.5,0.5,0.2,False
2021-02-23,99985.03846879152,0,0,0.0,0.0,2.6534688370125665e-05,0.001434204114510459,0.5,0.5,0.2,False
2021-02-24,99985.03846879152,0,0,0.0,0.0,-3.1088069636569335e-06,0.0014298358554325603,0.5,0.5,0.2,False
2021-02-25,99985.03846879152,0,0,0.0,0.0,-9.025777086347448e-06,0.00143782152055703,0.5,0.5,0.2,False
2021-02-26,99985.03846879152,0,0,0.0,0.0,-3.724449909336954e-05,0.0014468692973200969,0.5,0.5,0.2,False
2021-03-01,99985.03846879152,0,0,0.0,0.0,2.581993495476222e-05,0.001437699121579858,0.5,0.5,0.2,False
2021-03-02,99985.03846879152,0,0,0.0,0.0,-0.00020125377005611523,0.001435104405468279,0.5,0.5,0.2,False
2021-03-03,99985.03846879152,0,0,0.0,0.0,-0.00017863051844294926,0.001437804209106426,0.5,0.5,0.2,False
2021-03-04,99985.03846879152,0,0,0.0,0.0,-0.00011494972603994264,0.001441066739633504,0.5,0.5,0.2,False
2021-03-05,99985.03846879152,0,0,0.0,0.0,-0.00027699864561484645,0.0014377543476714139,0.5,0.5,0.2,False
2021-03-08,99985.03846879152,0,0,0.0,0.0,-0.0005093740252630527,0.0014386309911319569,0.5,0.5,0.2,False
2021-03-09,99985.03846879152,0,0,0.0,0.0,-0.0004719078502949471,0.0014353164713004094,0.5,0.5,0.2,False
2021-03-10,99985.03846879152,0,0,0.0,0.0,-0.0007574740798736539,0.0014360916518223286,0.5,0.5,0.2,False
2021-03-11,99985.03846879152,0,0,0.0,0.0,-0.0009023567486025526,0.001431936297951688,0.5,0.5,0.2,False
2021-03-12,99985.03846879152,0,0,0.0,0.0,-0.0010080681118891466,0.001430952079740748,0.5,0.5,0.2,False
2021-03-15,99985.03846879152,0,0,0.0,0.0,-0.00102356754383631,0.0014300775164406121,0.5,0.5,0.2,False
2021-03-16,99985.03846879152,0,0,0.0,0.0,-0.000980251976570242,0.00142988343435049,0.5,0.5,0.2,False
2021-03-17,99985.03846879152,0,0,0.0,0.0,-0.001052401174427781,0.0014288665435997026,0.5,0.5,0.2,False
2021-03-18,99985.03846879152,0,0,0.0,0.0,-0.0010119800741917298,0.0014340994458142261,0.5,0.5,0.2,False
2021-03-19,99985.03846879152,0,0,0.0,0.0,-0.0010373838952683469,0.0014348931622582474,0.5,0.5,0.2,False
2021-03-22,99985.03846879152,0,0,0.0,0.0,-0.0008028779983409112,0.0014348199714639329,0.5,0.5,0.2,False
2021-03-23,99985.03846879152,0,0,0.0,0.0,-0.0007873996762628038,0.001438772282340792,0.5,0.5,0.2,False
2021-03-24,99985.03846879152,0,0,0.0,0.0,-0.0007673333293034431,0.0014389777746971486,0.5,0.5,0.2,False
2021-03-25,99985.03846879152,0,0,0.0,0.0,-0.0006646731501853618,0.0014382970094424814,0.5,0.5,0.2,False
2021-03-26,99985.03846879152,0,0,0.0,0.0,-0.0005535743523399471,0.0014337434940637649,0.5,0.5,0.2,False
2021-03-29,99985.03846879152,0,0,0.0,0.0,-0.0005795920146835552,0.001434923492226047,0.5,0.5,0.2,False
2021-03-30,99985.03846879152,0,0,0.0,0.0,-0.0006254644389168451,0.001436566730449248,0.5,0.5,0.2,False
2021-03-31,99985.03846879152,0,0,0.0,0.0,-0.0006308387845267686,0.0014356572108397147,0.5,0.5,0.2,False
2021-04-01,99985.03846879152,0,0,0.0,0.0,-0.000456330472910872,0.0014308326791005314,0.5,0.5,0.2,False
2021-04-05,99985.03846879152,0,0,0.0,0.0,-0.00034821837579236047,0.0014270950717063015,0.5,0.5,0.2,False
2021-04-06,99985.03846879152,0,0,0.0,0.0,-0.0004111659515335629,0.0014296812516038087,0.5,0.5,0.2,False
2021-04-07,99985.03846879152,0,0,0.0,0.0,-0.0003747075871681664,0.0014290605182489466,0.5,0.5,0.2,False
2021-04-08,99985.03846879152,0,0,0.0,0.0,-0.000373755485411961,0.0014260432830912044,0.5,0.5,0.2,False
2021-04-09,99985.03846879152,0,0,0.0,0.0,-0.0003783434912007611,0.0014265340492341332,0.5,0.5,0.2,False
2021-04-12,99985.03846879152,0,0,0.0,0.0,-0.000364195124937529,0.0014270695650464647,0.5,0.5,0.2,False
2021-04-13,99985.03846879152,0,0,0.0,0.0,-0.0003498115799500184,0.00142599467898975,0.5,0.5,0.2,False
2021-04-14,99985.03846879152,0,0,0.0,0.0,-0.00027318142043111966,0.0014244464874399014,0.5,0.5,0.2,False
2021-04-15,99985.03846879152,0,0,0.0,0.0,-0.00016244990925074872,0.001419685147823276,0.5,0.5,0.2,False
2021-04-16,99985.03846879152,0,0,0.0,0.0,-0.00017008245507644124,0.0014192106808811871,0.5,0.5,0.2,False
2021-04-19,99985.03846879152,0,0,0.0,0.0,-0.0001455574627424332,0.0014210230628168227,0.5,0.5,0.2,False
2021-04-20,99985.03846879152,0,0,0.0,0.0,-0.0001497113678346137,0.0014266869233796318,0.5,0.5,0.2,False
2021-04-21,99985.03846879152,0,0,0.0,0.0,-0.0001361570756934594,0.0014217338355728257,0.5,0.5,0.2,False
2021-04-22,99985.03846879152,0,0,0.0,0.0,-0.0001334017191995744,0.0014244617218466698,0.5,0.5,0.2,False
2021-04-23,99985.03846879152,0,0,0.0,0.0,-7.73703204208806e-05,0.0014203939708796424,0.5,0.5,0.2,False
2021-04-26,99985.03846879152,0,0,0.0,0.0,-0.00011917117599347889,0.0014178044608136949,0.5,0.5,0.2,False
2021-04-27,99985.03846879152,0,0,0.0,0.0,-0.0001763176463030194,0.001419206917498459,0.5,0.5,0.2,False
2021-04-28,99985.03846879152,0,0,0.0,0.0,-0.0002450899576822016,0.0014154208020219312,0.5,0.5,0.2,False
2021-04-29,99985.03846879152,0,0,0.0,0.0,-0.0002739344084942486,0.0014161056596068418,0.5,0.5,0.2,False
2021-04-30,99985.03846879152,0,0,0.0,0.0,-0.00031796456046909383,0.0014205716349432822,0.5,0.5,0.2,False
2021-05-03,99985.03846879152,0,0,0.0,0.0,-0.0007652277464298368,0.0014178897075836896,0.5,0.5,0.2,False
2021-05-04,99985.03846879152,0,0,0.0,0.0,-0.000858931772053094,0.0014190551058601464,0.5,0.5,0.2,False
2021-05-05,99985.03846879152,0,0,0.0,0.0,-0.0007222662596368203,0.0014155905068533,0.5,0.5,0.2,False
2021-05-06,99985.03846879152,0,0,0.0,0.0,-0.0008924663052891109,0.0014137605869244006,0.5,0.5,0.2,False
2021-05-07,99985.03846879152,0,0,0.0,0.0,-0.0008798446849880106,0.001410031505007991,0.5,0.5,0.2,False
2021-05-10,99985.03846879152,0,0,0.0,0.0,-0.0007840310956559035,0.0014095657734021591,0.5,0.5,0.2,False
2021-05-11,99985.03846879152,0,0,0.0,0.0,-0.0008261814677257977,0.0014125807616466822,0.5,0.5,0.2,False
2021-05-12,99985.03846879152,0,0,0.0,0.0,-0.0009835330532018246,0.0014171971978802652,0.5,0.5,0.2,False
2021-05-13,99985.03846879152,0,0,0.0,0.0,-0.0008958848700797388,0.001415933418228086,0.5,0.5,0.2,False
2021-05-14,99985.03846879152,0,0,0.0,0.0,-0.001026829745087415,0.0014117278954059087,0.5,0.5,0.2,False
2021-05-17,99985.03846879152,0,0,0.0,0.0,-0.0013005048731122373,0.0014100732511070206,0.5,0.5,0.2,False
2021-05-18,99985.03846879152,0,0,0.0,0.0,-0.0013751150937660111,0.0014110333291996212,0.5,0.5,0.2,False
2021-05-19,99985.03846879152,0,0,0.0,0.0,-0.0015142306665928387,0.0018920445437806575,0.5,0.5,0.05,False
2021-05-20,99985.03846879152,0,0,0.0,0.0,-0.0011656924175227424,0.0014095538401826821,0.5,0.5,0.2,False
2021-05-21,99985.03846879152,0,0,0.0,0.0,-0.0013181907846374805,0.0014117241119936735,0.5,0.5,0.2,False
2021-05-24,99985.03846879152,0,0,0.0,0.0,-0.0012917049467711546,0.0014096218449885782,0.5,0.5,0.2,False
2021-05-25,99985.03846879152,0,0,0.0,0.0,-0.0010138663804207817,0.0014093243565431485,0.5,0.5,0.2,False
2021-05-26,99985.03846879152,0,0,0.0,0.0,-0.0010788498719666627,0.0014083533558827185,0.5,0.5,0.2,False
2021-05-27,99985.03846879152,0,0,0.0,0.0,-0.0010931334635667987,0.0014069964057498855,0.5,0.5,0.2,False
2021-05-28,99985.03846879152,0,0,0.0,0.0,-0.0010939512224349996,0.001407264527345188,0.5,0.5,0.2,False
2021-06-01,99985.03846879152,0,0,0.0,0.0,-0.00022268320762042248,0.0014047589090069902,0.5,0.5,0.2,False
2021-06-02,99985.03846879152,0,0,0.0,0.0,-0.00018015297630811432,0.0014025781138255501,0.5,0.5,0.2,False
2021-06-03,99985.03846879152,0,0,0.0,0.0,-0.00017173350605889472,0.0014045092267936847,0.5,0.5,0.2,False
2021-06-04,99985.03846879152,0,0,0.0,0.0,-0.00012093840643030885,0.0014003713084588195,0.5,0.5,0.2,False
2021-06-07,99985.03846879152,0,0,0.0,0.0,-0.00012679662709904447,0.0014013040426065606,0.5,0.5,0.2,False
2021-06-08,99985.03846879152,0,0,0.0,0.0,-0.00010887656399165928,0.0014003684285982434,0.5,0.5,0.2,False
2021-06-09,99985.03846879152,0,0,0.0,0.0,-0.0001285439731206535,0.001404077453409283,0.5,0.5,0.2,False
2021-06-10,99985.03846879152,0,0,0.0,0.0,-8.872920576848966e-05,0.0014048018292934846,0.5,0.5,0.2,False
2021-06-11,99985.03846879152,0,0,0.0,0.0,-8.214241306065193e-05,0.001404938140806416,0.5,0.5,0.2,False
2021-06-14,99985.03846879152,0,0,0.0,0.0,-9.023336665260037e-05,0.001404290877058404,0.5,0.5,0.2,False
2021-06-15,99985.03846879152,0,0,0.0,0.0,-9.777245636590196e-05,0.00140317821227735,0.5,0.5,0.2,False
2021-06-16,99985.03846879152,0,0,0.0,0.0,-8.100961704322838e-05,0.0014056635907197929,0.5,0.5,0.2,False
2021-06-17,99985.03846879152,0,0,0.0,0.0,-6.279735604332068e-05,0.0014088151233340616,0.5,0.5,0.2,False
2021-06-18,99985.03846879152,0,0,0.0,0.0,-0.00011708229844349189,0.0014154978017986797,0.5,0.5,0.2,False
2021-06-21,99985.03846879152,0,0,0.0,0.0,-0.00011688500562081869,0.0014106763021026437,0.5,0.5,0.2,False
2021-06-22,99985.03846879152,0,0,0.0,0.0,-0.00014145282174120451,0.0014093535979114767,0.5,0.5,0.2,False
2021-06-23,99985.03846879152,0,0,0.0,0.0,-0.00017034833089839583,0.0014121072227782857,0.5,0.5,0.2,False
2021-06-24,99985.03846879152,0,0,0.0,0.0,-0.00013288453917314794,0.0014108126367197975,0.5,0.5,0.2,False
2021-06-25,99985.03846879152,0,0,0.0,0.0,-0.00014096592991568192,0.001409843371830196,0.5,0.5,0.2,False
2021-06-28,99985.03846879152,0,0,0.0,0.0,-0.00013325661580606483,0.0014120369556866114,0.5,0.5,0.2,False
2021-06-29,99985.03846879152,0,0,0.0,0.0,-0.0001102914909941829,0.001412003099306246,0.5,0.5,0.2,False
2021-06-30,99985.03846879152,0,0,0.0,0.0,-0.00013994842862379226,0.0014145075276867937,0.5,0.5,0.2,False
2021-07-01,99985.03846879152,0,0,0.0,0.0,-9.3485468277248e-05,0.0014128858488252545,0.5,0.5,0.2,False
2021-07-02,99985.03846879152,0,0,0.0,0.0,-6.667519045330949e-05,0.0014110907381938759,0.5,0.5,0.2,False
2021-07-06,99985.03846879152,0,0,0.0,0.0,-7.681762933783706e-05,0.0014147935072834782,0.5,0.5,0.2,False
2021-07-07,99985.03846879152,0,0,0.0,0.0,-3.99497934464203e-05,0.0014131326001086215,0.5,0.5,0.2,False
2021-07-08,99985.03846879152,0,0,0.0,0.0,-3.949648641646477e-05,0.00141817546524223,0.5,0.5,0.2,False
2021-07-09,99985.03846879152,0,0,0.0,0.0,-3.5738543036278246e-05,0.0014133863309788862,0.5,0.5,0.2,False
2021-07-12,99985.03846879152,0,0,0.0,0.0,-3.688904438738498e-05,0.00141331077447101,0.5,0.5,0.2,False
2021-07-13,99985.03846879152,0,0,0.0,0.0,-4.087429267494493e-05,0.0014151707442369547,0.5,0.5,0.2,False
2021-07-14,99985.03846879152,0,0,0.0,0.0,-1.4951238004684765e-05,0.0014142319716793324,0.5,0.5,0.2,False
2021-07-15,99985.03846879152,0,0,0.0,0.0,-2.61235769170618e-05,0.0014170523588925169,0.5,0.5,0.2,False
2021-07-16,99985.03846879152,0,0,0.0,0.0,-1.12585948821574e-05,0.0014206767576016364,0.5,0.5,0.2,False
2021-07-19,99985.03846879152,0,0,0.0,0.0,-3.2279927098045313e-06,0.001427949107468185,0.5,0.5,0.2,False
2021-07-20,99985.03846879152,0,0,0.0,0.0,-1.1765066621447533e-05,0.0014231051687750662,0.5,0.5,0.2,False
2021-07-21,99985.03846879152,0,0,0.0,0.0,-2.166406743072374e-05,0.0014179133765714839,0.5,0.5,0.2,False
2021-07-22,99985.03846879152,0,0,0.0,0.0,-2.0804755269265714e-05,0.0014185032004121628,0.5,0.5,0.2,False
2021-07-23,99985.03846879152,0,0,0.0,0.0,-1.6288501434090095e-05,0.0014153761305673927,0.5,0.5,0.2,False
2021-07-26,99985.03846879152,0,0,0.0,0.0,-9.747605028943793e-06,0.0014155385397371268,0.5,0.5,0.2,False
2021-07-27,99985.03846879152,0,0,0.0,0.0,-3.181359677808445e-06,0.0014162863605306198,0.5,0.5,0.2,False
2021-07-28,99985.03846879152,0,0,0.0,0.0,-3.239438510043677e-05,0.0014157852377805384,0.5,0.5,0.2,False
2021-07-29,99985.03846879152,0,0,0.0,0.0,-3.6784544825763124e-05,0.0014133849436832777,0.5,0.5,0.2,False
2021-07-30,99985.03846879152,0,0,0.0,0.0,-5.6254636829779184e-05,0.0014153226571292376,0.5,0.5,0.2,False
2021-08-02,99985.03846879152,0,0,0.0,0.0,-1.5048081202140844e-05,0.0014140185564816697,0.5,0.5,0.2,False
2021-08-03,99985.03846879152,0,0,0.0,0.0,4.725959340973403e-06,0.0014130555814019393,0.5,0.5,0.2,False
2021-08-04,99985.03846879152,0,0,0.0,0.0,9.667260156709673e-06,0.0014139846430101387,0.5,0.5,0.2,False
2021-08-05,99985.03846879152,0,0,0.0,0.0,1.2915626529309884e-05,0.0014105510426403632,0.5,0.5,0.2,False
2021-08-06,99985.03846879152,0,0,0.0,0.0,1.030525202769571e-05,0.0014111048868872076,0.5,0.5,0.2,False
2021-08-09,99985.03846879152,0,0,0.0,0.0,1.0671885733396976e-05,0.0014125828592406668,0.5,0.5,0.2,False
2021-08-10,99985.03846879152,0,0,0.0,0.0,8.527687972565862e-06,0.0014110070288506533,0.5,0.5,0.2,False
2021-08-11,99985.03846879152,0,0,0.0,0.0,9.98568181041263e-06,0.001408826671618369,0.5,0.5,0.2,False
2021-08-12,99985.03846879152,0,0,0.0,0.0,9.477304953456588e-06,0.001408951139656828,0.5,0.5,0.2,False
2021-08-13,99985.03846879152,0,0,0.0,0.0,3.268586837395124e-05,0.0014075104041401543,0.5,0.5,0.2,False
2021-08-16,99985.03846879152,0,0,0.0,0.0,2.1703039964258948e-05,0.0014110414452050744,0.5,0.5,0.2,False
2021-08-17,99985.03846879152,0,0,0.0,0.0,-1.8109800285181957e-05,0.0014165291088453502,0.5,0.5,0.2,False
2021-08-18,99985.03846879152,0,0,0.0,0.0,-2.2049381452876e-05,0.0014193802837191858,0.5,0.5,0.2,False
2021-08-19,99985.03846879152,0,0,0.0,0.0,1.429030831373167e-05,0.0014231023647904833,0.5,0.5,0.2,False
2021-08-20,99985.03846879152,0,0,0.0,0.0,-1.4079212070293256e-06,0.0014224534412599502,0.5,0.5,0.2,False
2021-08-23,99985.03846879152,0,0,0.0,0.0,-3.63514482420428e-05,0.001417298771251618,0.5,0.5,0.2,False
2021-08-24,99985.03846879152,0,0,0.0,0.0,-3.0480389007711215e-05,0.001414334801591927,0.5,0.5,0.2,False
2021-08-25,99985.03846879152,0,0,0.0,0.0,-2.3440281685804086e-05,0.001413994175178616,0.5,0.5,0.2,False
2021-08-26,99985.03846879152,0,0,0.0,0.0,-6.904824585284547e-06,0.001416784031278811,0.5,0.5,0.2,False
2021-08-27,99985.03846879152,0,0,0.0,0.0,-7.46733585048167e-08,0.0014129817980681337,0.5,0.5,0.2,False
2021-08-30,99985.03846879152,0,0,0.0,0.0,7.346341334144626e-06,0.001413498363425845,0.5,0.5,0.2,False
2021-08-31,99985.03846879152,0,0,0.0,0.0,1.4408376079518994e-05,0.001414678488646395,0.5,0.5,0.2,False
2021-09-01,99985.03846879152,0,0,0.0,0.0,0.0,0.001412220741852108,0.5,0.5,0.2,False
2021-09-02,99985.03846879152,0,0,0.0,0.0,0.0,0.0014078978326535977,0.5,0.5,0.2,False
2021-09-03,99985.03846879152,0,0,0.0,0.0,0.0,0.0014072577375388085,0.5,0.5,0.2,False
2021-09-07,99985.03846879152,0,0,0.0,0.0,0.0,0.0014097161286082535,0.5,0.5,0.2,False
2021-09-08,99985.03846879152,0,0,0.0,0.0,0.0,0.0014121143827439389,0.5,0.5,0.2,False
2021-09-09,99985.03846879152,0,0,0.0,0.0,0.0,0.0014130945131776882,0.5,0.5,0.2,False
2021-09-10,99985.03846879152,0,0,0.0,0.0,0.0,0.0014154687533329614,0.5,0.5,0.2,False
2021-09-13,99985.03846879152,0,0,0.0,0.0,0.0,0.0014132192217517316,0.5,0.5,0.2,False
2021-09-14,99985.03846879152,0,0,0.0,0.0,0.0,0.0014160144791616218,0.5,0.5,0.2,False
2021-09-15,99985.03846879152,0,0,0.0,0.0,0.0,0.001413214955914756,0.5,0.5,0.2,False
2021-09-16,99985.03846879152,0,0,0.0,0.0,0.0,0.001414733325412198,0.5,0.5,0.2,False
2021-09-17,99985.03846879152,0,0,0.0,0.0,0.0,0.0014190169364815145,0.5,0.5,0.2,False
2021-09-20,99985.03846879152,0,0,0.0,0.0,0.0,0.0014278155187666868,0.5,0.5,0.2,False
2021-09-21,99985.03846879152,0,0,0.0,0.0,0.0,0.001425318878327014,0.5,0.5,0.2,False
2021-09-22,99985.03846879152,0,0,0.0,0.0,0.0,0.0014223886106308904,0.5,0.5,0.2,False
2021-09-23,99985.03846879152,0,0,0.0,0.0,0.0,0.0014171696255487335,0.5,0.5,0.2,False
2021-09-24,99985.03846879152,0,0,0.0,0.0,0.0,0.0014199216648718952,0.5,0.5,0.2,False
2021-09-27,99985.03846879152,0,0,0.0,0.0,0.0,0.0014176212106714156,0.5,0.5,0.2,False
2021-09-28,99985.03846879152,0,0,0.0,0.0,0.0,0.0014259199146989623,0.5,0.5,0.2,False
2021-09-29,99985.03846879152,0,0,0.0,0.0,0.0,0.0014279340571269423,0.5,0.5,0.2,False
2021-09-30,99985.03846879152,0,0,0.0,0.0,0.0,0.0014268703269823156,0.5,0.5,0.2,False
2021-10-01,99985.03846879152,0,0,0.0,0.0,-1.9910653696922033e-05,0.0014241392653919415,0.5,0.5,0.2,False
2021-10-04,99985.03846879152,0,0,0.0,0.0,-9.009278903075893e-06,0.001422782179224725,0.5,0.5,0.2,False
2021-10-05,99985.03846879152,0,0,0.0,0.0,1.5528787324508845e-06,0.0014209799271536784,0.5,0.5,0.2,False
2021-10-06,99985.03846879152,0,0,0.0,0.0,-1.3892695054931645e-05,0.0014225623488311747,0.5,0.5,0.2,False
2021-10-07,99985.03846879152,0,0,0.0,0.0,-2.1421793210812477e-05,0.0014170708633008222,0.5,0.5,0.2,False
2021-10-08,99985.03846879152,0,0,0.0,0.0,-3.6669573999809385e-05,0.0014166993084805631,0.5,0.5,0.2,False
2021-10-11,99985.03846879152,0,0,0.0,0.0,-2.519721940095192e-05,0.0014158757315199603,0.5,0.5,0.2,False
2021-10-12,99985.03846879152,0,0,0.0,0.0,-1.7941093967356147e-05,0.0014147548759649911,0.5,0.5,0.2,False
2021-10-13,99985.03846879152,0,0,0.0,0.0,-3.5864224457933876e-05,0.0014129420286720508,0.5,0.5,0.2,False
2021-10-14,99985.03846879152,0,0,0.0,0.0,-4.5454445232218094e-05,0.0014091250384882918,0.5,0.5,0.2,False
2021-10-15,99985.03846879152,0,0,0.0,0.0,-5.245813017037555e-05,0.0014065560524312226,0.5,0.5,0.2,False
2021-10-18,99985.03846879152,0,0,0.0,0.0,-6.995038776549233e-05,0.0014076992559465106,0.5,0.5,0.2,False
2021-10-19,99985.03846879152,0,0,0.0,0.0,-4.6618568097750374e-05,0.001404558678856694,0.5,0.5,0.2,False
2021-10-20,99985.03846879152,0,0,0.0,0.0,-4.183622908011112e-05,0.0014015613789990222,0.5,0.5,0.2,False
2021-10-21,99985.03846879152,0,0,0.0,0.0,-5.550922913234692e-05,0.001403519637123552,0.5,0.5,0.2,False
2021-10-22,99985.03846879152,0,0,0.0,0.0,-3.870923410750921e-05,0.001402023254302561,0.5,0.5,0.2,False
2021-10-25,99985.03846879152,0,0,0.0,0.0,-2.275109619792242e-05,0.0014009524408754234,0.5,0.5,0.2,False
2021-10-26,99985.03846879152,0,0,0.0,0.0,-2.458067486703719e-06,0.0014021199243859452,0.5,0.5,0.2,False
2021-10-27,99985.03846879152,0,0,0.0,0.0,1.4399750397929284e-05,0.001404084369316001,0.5,0.5,0.2,False
2021-10-28,99985.03846879152,0,0,0.0,0.0,9.186389352981522e-07,0.0014003400315175513,0.5,0.5,0.2,False
2021-10-29,99985.03846879152,0,0,0.0,0.0,-8.382688825974757e-06,0.0014045770963850702,0.5,0.5,0.2,False
2021-11-01,99985.03846879152,0,0,0.0,0.0,-4.446243927837207e-05,0.001402863098498117,0.5,0.5,0.2,False
2021-11-02,99985.03846879152,0,0,0.0,0.0,-5.1468762875712724e-05,0.0014055106712513807,0.5,0.5,0.2,False
2021-11-03,99985.03846879152,0,0,0.0,0.0,-4.7623939383790225e-05,0.0014030022963905328,0.5,0.5,0.2,False
2021-11-04,99985.03846879152,0,0,0.0,0.0,-4.675427243358166e-05,0.0014043327141911933,0.5,0.5,0.2,False
2021-11-05,99985.03846879152,0,0,0.0,0.0,-3.927379037494951e-05,0.0014028972440676875,0.5,0.5,0.2,False
2021-11-08,99985.03846879152,0,0,0.0,0.0,-4.786862483161462e-05,0.0014012601065133796,0.5,0.5,0.2,False
2021-11-09,99985.03846879152,0,0,0.0,0.0,-7.000319171387077e-05,0.0014025962755861102,0.5,0.5,0.2,False
2021-11-10,99985.03846879152,0,0,0.0,0.0,-7.244096842083841e-05,0.0014066023109976105,0.5,0.5,0.2,False
2021-11-11,99985.03846879152,0,0,0.0,0.0,-8.113204763278974e-05,0.001408013829177792,0.5,0.5,0.2,False
2021-11-12,99985.03846879152,0,0,0.0,0.0,-9.321959845978463e-05,0.0014035907389228761,0.5,0.5,0.2,False
2021-11-15,99985.03846879152,0,0,0.0,0.0,-7.681906919655202e-05,0.0014039745842800754,0.5,0.5,0.2,False
2021-11-16,99985.03846879152,0,0,0.0,0.0,-8.226139537759372e-05,0.0014060857749008304,0.5,0.5,0.2,False
2021-11-17,99985.03846879152,0,0,0.0,0.0,-9.987711453397739e-05,0.001409450900410674,0.5,0.5,0.2,False
2021-11-18,99985.03846879152,0,0,0.0,0.0,-9.76776380420705e-05,0.0014094908683442958,0.5,0.5,0.2,False
2021-11-19,99985.03846879152,0,0,0.0,0.0,-8.603775673366034e-05,0.0014120073551636687,0.5,0.5,0.2,False
2021-11-22,99985.03846879152,0,0,0.0,0.0,-5.767539820176589e-05,0.0014135962039583054,0.5,0.5,0.2,False
2021-11-23,99985.03846879152,0,0,0.0,0.0,-4.088992323324705e-05,0.0014097931372011707,0.5,0.5,0.2,False
2021-11-24,99985.03846879152,0,0,0.0,0.0,-5.999230303849395e-05,0.001410650386096052,0.5,0.5,0.2,False
2021-11-26,99985.03846879152,0,0,0.0,0.0,-7.417443744394425e-05,0.0014212116487038284,0.5,0.5,0.2,False
2021-11-29,99985.03846879152,0,0,0.0,0.0,-5.801070594343006e-05,0.0014206226321134806,0.5,0.5,0.2,False
2021-11-30,99985.03846879152,0,0,0.0,0.0,-2.7292810218624846e-05,0.0014257339455616197,0.5,0.5,0.2,False
2021-12-01,99985.03846879152,0,0,0.0,0.0,-1.2639556907101423e-05,0.0014293112200073324,0.5,0.5,0.2,False
2021-12-02,99985.03846879152,0,0,0.0,0.0,-1.4886368542598977e-05,0.001423348455355369,0.5,0.5,0.2,False
2021-12-03,99985.03846879152,0,0,0.0,0.0,-2.20590298223223e-05,0.0014279000555994976,0.5,0.5,0.2,False
2021-12-06,99985.03846879152,0,0,0.0,0.0,-3.1423179265472225e-05,0.001422584567427208,0.5,0.5,0.2,False
2021-12-07,99985.03846879152,0,0,0.0,0.0,-4.128303003684057e-05,0.001416146446016066,0.5,0.5,0.2,False
2021-12-08,99985.03846879152,0,0,0.0,0.0,-5.595692004834059e-06,0.0014141151691084992,0.5,0.5,0.2,False
2021-12-09,99985.03846879152,0,0,0.0,0.0,7.218678031423717e-06,0.001417460454875727,0.5,0.5,0.2,False
2021-12-10,99985.03846879152,0,0,0.0,0.0,1.3854032546264774e-05,0.0014182389549634827,0.5,0.5,0.2,False
2021-12-13,99985.03846879152,0,0,0.0,0.0,2.7387915247043996e-05,0.0014292776665606442,0.5,0.5,0.2,False
2021-12-14,99985.03846879152,0,0,0.0,0.0,3.006659076795444e-05,0.0014302853331197146,0.5,0.5,0.2,False
2021-12-15,99985.03846879152,0,0,0.0,0.0,3.4373890526350094e-05,0.0014271806502329524,0.5,0.5,0.2,False
2021-12-16,99985.03846879152,0,0,0.0,0.0,1.5627263415477183e-05,0.0014277927781877404,0.5,0.5,0.2,False
2021-12-17,99985.03846879152,0,0,0.0,0.0,1.5371697246554275e-05,0.0014317307298974586,0.5,0.5,0.2,False
2021-12-20,99985.03846879152,0,0,0.0,0.0,4.7530460465885596e-05,0.0014336559469487434,0.5,0.5,0.2,False
2021-12-21,99985.03846879152,0,0,0.0,0.0,3.441681638008263e-05,0.0014268426095472644,0.5,0.5,0.2,False
2021-12-22,99985.03846879152,0,0,0.0,0.0,3.694301086603583e-05,0.0014227218804160964,0.5,0.5,0.2,False
2021-12-23,99985.03846879152,0,0,0.0,0.0,2.995497266480874e-05,0.001419073781408328,0.5,0.5,0.2,False
2021-12-27,99985.03846879152,0,0,0.0,0.0,2.405402636594516e-05,0.0014178574408431972,0.5,0.5,0.2,False
2021-12-28,99985.03846879152,0,0,0.0,0.0,2.2637872423305643e-05,0.001417823545691286,0.5,0.5,0.2,False
2021-12-29,99985.03846879152,0,0,0.0,0.0,3.845372546241339e-05,0.001416748194978693,0.5,0.5,0.2,False
2021-12-30,99985.03846879152,0,0,0.0,0.0,3.2507917979179093e-05,0.0014179527623503104,0.5,0.5,0.2,False
2021-12-31,99985.03846879152,0,0,0.0,0.0,8.66543365737863e-06,0.0014186402499560167,0.5,0.5,0.2,False
2022-01-03,99985.03846879152,0,0,0.0,0.0,3.916843574785879e-05,0.001418509897250931,0.5,0.5,0.2,False
2022-01-04,99985.03846879152,0,0,0.0,0.0,0.0004530236090176165,0.0014167022345150473,0.5,0.5,0.2,False
2022-01-05,99985.03846879152,0,0,0.0,0.0,0.0004459683734135241,0.0014198518429456267,0.5,0.5,0.2,False
2022-01-06,99985.03846879152,0,0,0.0,0.0,4.56264035261656e-05,0.0014231372258648079,0.5,0.5,0.2,False
2022-01-07,99985.03846879152,0,0,0.0,0.0,4.2173407300425604e-06,0.0014224202555352102,0.5,0.5,0.2,False
2022-01-10,99985.03846879152,0,0,0.0,0.0,-4.777408995730205e-05,0.0014223303832173889,0.5,0.5,0.2,False
2022-01-11,99985.03846879152,0,0,0.0,0.0,-0.00013162544197049597,0.0014180710262508471,0.5,0.5,0.2,False
2022-01-12,99985.03846879152,0,0,0.0,0.0,-0.00018421353314268394,0.00141508307437229,0.5,0.5,0.2,False
2022-01-13,99985.03846879152,0,0,0.0,0.0,-9.040321378350226e-05,0.001417038814581787,0.5,0.5,0.2,False
2022-01-14,99985.03846879152,0,0,0.0,0.0,-0.0002967801543747509,0.0014182899776303355,0.5,0.5,0.2,False
2022-01-18,99985.03846879152,0,0,0.0,0.0,-0.0005029997722758456,0.0014224555194589695,0.5,0.5,0.2,False
2022-01-19,99985.03846879152,0,0,0.0,0.0,-0.00036655402910160676,0.001421197301048078,0.5,0.5,0.2,False
2022-01-20,99985.03846879152,0,0,0.0,0.0,-0.0003199802751536559,0.0014236249598533139,0.5,0.5,0.2,False
2022-01-21,99985.03846879152,0,0,0.0,0.0,-0.0003112972351638879,0.001433203203268409,0.5,0.5,0.2,False
2022-01-24,99985.03846879152,0,0,0.0,0.0,-0.0003179192774060349,0.0014358165449452503,0.5,0.5,0.2,False
2022-01-25,99985.03846879152,0,0,0.0,0.0,-0.00041579942939530627,0.0014361927846469166,0.5,0.5,0.2,False
2022-01-26,99985.03846879152,0,0,0.0,0.0,-0.00042530025176487765,0.0014382161654520902,0.5,0.5,0.2,False
2022-01-27,99985.03846879152,0,0,0.0,0.0,-0.0005902901419849516,0.001444673057998695,0.5,0.5,0.2,False
2022-01-28,99985.03846879152,0,0,0.0,0.0,-0.0006048089172980579,0.001442714963699631,0.5,0.5,0.2,False
2022-01-31,99985.03846879152,0,0,0.0,0.0,-0.0007377947569809097,0.0014369876028864016,0.5,0.5,0.2,False
2022-02-01,99985.03846879152,0,0,0.0,0.0,-0.0013325463456328541,0.0014323892472641279,0.5,0.5,0.2,False
2022-02-02,99985.03846879152,0,0,0.0,0.0,-0.0012093312747858704,0.0014308941663526975,0.5,0.5,0.2,False
2022-02-03,99985.03846879152,0,0,0.0,0.0,-0.000969722710373083,0.0014349595482145124,0.5,0.5,0.2,False
2022-02-04,99985.03846879152,0,0,0.0,0.0,-0.0009657804265483736,0.0014340723600914098,0.5,0.5,0.2,False
2022-02-07,99985.03846879152,0,0,0.0,0.0,-0.000842187181377048,0.0014315464387344807,0.5,0.5,0.2,False
2022-02-08,99985.03846879152,0,0,0.0,0.0,-0.0005148113788831111,0.0014261894922408909,0.5,0.5,0.2,False
2022-02-09,99985.03846879152,0,0,0.0,0.0,-0.0004506311231357975,0.0014218746728692868,0.5,0.5,0.2,False
2022-02-10,99985.03846879152,0,0,0.0,0.0,-0.00041115741835802525,0.001424436688554706,0.5,0.5,0.2,False
2022-02-11,99985.03846879152,0,0,0.0,0.0,-0.0005583879947535132,0.0014275186296526172,0.5,0.5,0.2,False
2022-02-14,99985.03846879152,0,0,0.0,0.0,-0.0002894883360309917,0.0014280262454249369,0.5,0.5,0.2,False
2022-02-15,99985.03846879152,0,0,0.0,0.0,-0.00011658198559867532,0.0014239076455102376,0.5,0.5,0.2,False
2022-02-16,99985.03846879152,0,0,0.0,0.0,0.00021272737912423787,0.0014218416572913232,0.5,0.5,0.2,False
2022-02-17,99985.03846879152,0,0,0.0,0.0,0.0003518534684136711,0.0014256036180861735,0.5,0.5,0.2,False
2022-02-18,99985.03846879152,0,0,0.0,0.0,0.0004579892769061882,0.0014288477603459492,0.5,0.5,0.2,False
2022-02-22,99985.03846879152,0,0,0.0,0.0,0.0007128603828992048,0.0014280238170431775,0.5,0.5,0.2,False
2022-02-23,99985.03846879152,0,0,0.0,0.0,0.0007237815335023502,0.0014304114876264006,0.5,0.5,0.2,False
2022-02-24,99985.03846879152,0,0,0.0,0.0,0.0006623105305417161,0.001432914218696988,0.5,0.5,0.2,False
2022-02-25,99985.03846879152,0,0,0.0,0.0,0.00043570707935904534,0.0014244254653930175,0.5,0.5,0.2,False
2022-02-28,99985.03846879152,0,0,0.0,0.0,0.00025138158884074224,0.0014264521972232283,0.5,0.5,0.2,False
2022-03-01,99985.03846879152,0,0,0.0,0.0,0.0006332364594083319,0.0014298351503669805,0.5,0.5,0.2,False
2022-03-02,99985.03846879152,0,0,0.0,0.0,0.0009512633066255312,0.0014202840124701024,0.5,0.5,0.2,False
2022-03-03,99985.03846879152,0,0,0.0,0.0,0.000744392595900581,0.0014227445391938856,0.5,0.5,0.2,False
2022-03-04,99985.03846879152,0,0,0.0,0.0,0.0012386945350205416,0.0014191431096530508,0.5,0.5,0.2,False
2022-03-07,99985.03846879152,0,0,0.0,0.0,0.0009794345713934583,0.001425172536104782,0.5,0.5,0.2,False
2022-03-08,99985.03846879152,0,0,0.0,0.0,0.0007738917449689819,0.001429552832201941,0.5,0.5,0.2,False
2022-03-09,99985.03846879152,0,0,0.0,0.0,0.000806497375715523,0.0014219856314569188,0.5,0.5,0.2,False
2022-03-10,99985.03846879152,0,0,0.0,0.0,0.0008826116174962423,0.0014192017969266776,0.5,0.5,0.2,False
2022-03-11,99985.03846879152,0,0,0.0,0.0,0.0006945881388318897,0.0014231246102293603,0.5,0.5,0.2,False
2022-03-14,99985.03846879152,0,0,0.0,0.0,0.0008317387697105936,0.001427775382757795,0.5,0.5,0.2,False
2022-03-15,99985.03846879152,0,0,0.0,0.0,0.0010047152002892654,0.0014247820559499659,0.5,0.5,0.2,False
2022-03-16,99985.03846879152,0,0,0.0,0.0,0.0014738633093422308,0.001891895904676757,0.5,0.5,0.05,False
2022-03-17,99985.03846879152,0,0,0.0,0.0,0.0010795400830726784,0.0014111132713263334,0.5,0.5,0.2,False
2022-03-18,99985.03846879152,0,0,0.0,0.0,0.0013870909332032453,0.001408167641805125,0.5,0.5,0.2,False
2022-03-21,99985.03846879152,0,0,0.0,0.0,0.0009686202916665236,0.0014072872552691837,0.5,0.5,0.2,False
2022-03-22,99985.03846879152,0,0,0.0,0.0,0.0012097372683110418,0.0014039031824614663,0.5,0.5,0.2,False
2022-03-23,99985.03846879152,0,0,0.0,0.0,0.0015001165828343569,0.0018924137169134595,0.5,0.5,0.05,False
2022-03-24,99985.03846879152,0,0,0.0,0.0,0.0018335025005308601,0.0018905803725596223,0.5,0.5,0.05,False
2022-03-25,99985.03846879152,0,0,0.0,0.0,0.0016069148979893722,0.0018948379809107423,0.5,0.5,0.05,False
2022-03-28,99985.03846879152,0,0,0.0,0.0,0.0015736553577996323,0.0018991866722694994,0.5,0.5,0.05,False
2022-03-29,99985.03846879152,0,0,0.0,0.0,0.0017396170155424729,0.0018951328524294663,0.5,0.5,0.05,False
2022-03-30,99985.03846879152,0,0,0.0,0.0,0.00164512383957395,0.0018938161605068574,0.5,0.5,0.05,False
2022-03-31,99985.03846879152,0,0,0.0,0.0,0.0016141592763174552,0.001890024137803782,0.5,0.5,0.05,False
2022-04-01,99985.03846879152,0,0,0.0,0.0,0.0015011362516101875,0.0018899077223525397,0.5,0.5,0.05,False
2022-04-04,99985.03846879152,0,0,0.0,0.0,0.0013737800149450955,0.001395915070957415,0.5,0.5,0.2,False
2022-04-05,99985.03846879152,0,0,0.0,0.0,0.0013655577524205006,0.0013989493574677158,0.5,0.5,0.2,False
2022-04-06,99985.03846879152,0,0,0.0,0.0,0.0014005049130965492,0.0014015177556948133,0.5,0.5,0.2,False
2022-04-07,99985.03846879152,0,0,0.0,0.0,0.0013802810013938262,0.0014012264655274133,0.5,0.5,0.2,False
2022-04-08,99985.03846879152,0,0,0.0,0.0,0.0012798994091426648,0.0014015100369393564,0.5,0.5,0.2,False
2022-04-11,99985.03846879152,0,0,0.0,0.0,0.0011744858445957307,0.001404555227053424,0.5,0.5,0.2,False
2022-04-12,99985.03846879152,0,0,0.0,0.0,0.001306560740391723,0.0014049217671660088,0.5,0.5,0.2,False
2022-04-13,99985.03846879152,0,0,0.0,0.0,0.0011575984956311157,0.0014017447869376395,0.5,0.5,0.2,False
2022-04-14,99985.03846879152,0,0,0.0,0.0,0.001099899759774204,0.001403577277996279,0.5,0.5,0.2,False
2022-04-18,99985.03846879152,0,0,0.0,0.0,0.0009894365501356983,0.0014045946501246324,0.5,0.5,0.2,False
2022-04-19,99985.03846879152,0,0,0.0,0.0,0.0010598213349175428,0.0014010625646908121,0.5,0.5,0.2,False
2022-04-20,99985.03846879152,0,0,0.0,0.0,0.0009926872608154787,0.0013992175474605915,0.5,0.5,0.2,False
2022-04-21,99985.03846879152,0,0,0.0,0.0,0.0010097447949175766,0.0014047361254381132,0.5,0.5,0.2,False
2022-04-22,99985.03846879152,0,0,0.0,0.0,0.0008624606020628054,0.0014170912773058659,0.5,0.5,0.2,False
2022-04-25,99985.03846879152,0,0,0.0,0.0,0.0006916017032305158,0.0014209398333513616,0.5,0.5,0.2,False
2022-04-26,99985.03846879152,0,0,0.0,0.0,0.0007354984594782896,0.0014270738440987083,0.5,0.5,0.2,False
2022-04-27,99985.03846879152,0,0,0.0,0.0,0.0008396431697860002,0.001426101048076143,0.5,0.5,0.2,False
2022-04-28,99985.03846879152,0,0,0.0,0.0,0.0007098001083667521,0.0014207651653396348,0.5,0.5,0.2,False
2022-04-29,99985.03846879152,0,0,0.0,0.0,0.0007938051362200211,0.0014263787058634713,0.5,0.5,0.2,False
2022-05-02,99985.03846879152,0,0,0.0,0.0,0.00022984619638400289,0.0014266819003301281,0.5,0.5,0.2,False
2022-05-03,99985.03846879152,0,0,0.0,0.0,0.0002149888564207074,0.001423650186321309,0.5,0.5,0.2,False
2022-05-04,99985.03846879152,0,0,0.0,0.0,0.00021828567411489853,0.0014152755083591635,0.5,0.5,0.2,False
2022-05-05,99985.03846879152,0,0,0.0,0.0,0.00018752322514229227,0.0014270506196094692,0.5,0.5,0.2,False
2022-05-06,99985.03846879152,0,0,0.0,0.0,0.00014292946038315982,0.001431583439305347,0.5,0.5,0.2,False
2022-05-09,99985.03846879152,0,0,0.0,0.0,0.00016777956606082265,0.0014439198516450387,0.5,0.5,0.2,False
2022-05-10,99985.03846879152,0,0,0.0,0.0,0.0001997720937427464,0.0014439212423003958,0.5,0.5,0.2,False
2022-05-11,99985.03846879152,0,0,0.0,0.0,0.000176951909597103,0.0014447386037815338,0.5,0.5,0.2,False
2022-05-12,99985.03846879152,0,0,0.0,0.0,0.00012394122280798294,0.0014505749896715984,0.5,0.5,0.2,False
2022-05-13,99985.03846879152,0,0,0.0,0.0,0.00015609026942961678,0.0014389640676212001,0.5,0.5,0.2,False
2022-05-16,99985.03846879152,0,0,0.0,0.0,0.00012521515198486428,0.0014370323969057504,0.5,0.5,0.2,False
2022-05-17,99985.03846879152,0,0,0.0,0.0,0.00012456576994168767,0.0014306276237026508,0.5,0.5,0.2,False
2022-05-18,99985.03846879152,0,0,0.0,0.0,0.00012362917369378084,0.0014398325720209083,0.5,0.5,0.2,False
2022-05-19,99985.03846879152,0,0,0.0,0.0,0.0001301763612777346,0.0014349009983480327,0.5,0.5,0.2,False
2022-05-20,99985.03846879152,0,0,0.0,0.0,0.00018785784793284543,0.0014329720098376205,0.5,0.5,0.2,False
2022-05-23,99985.03846879152,0,0,0.0,0.0,0.00016199815468675112,0.0014285899988468506,0.5,0.5,0.2,False
2022-05-24,99985.03846879152,0,0,0.0,0.0,0.00020383288714027716,0.0014303248425628391,0.5,0.5,0.2,False
2022-05-25,99985.03846879152,0,0,0.0,0.0,0.00019091469774537104,0.0014292709726213134,0.5,0.5,0.2,False
2022-05-26,99985.03846879152,0,0,0.0,0.0,0.00013994484153118393,0.0014269996849899658,0.5,0.5,0.2,False
2022-05-27,99985.03846879152,0,0,0.0,0.0,0.00016557444559819125,0.001421231970096176,0.5,0.5,0.2,False
2022-05-31,99985.03846879152,0,0,0.0,0.0,7.492771847227078e-05,0.0014225992906036562,0.5,0.5,0.2,False
2022-06-01,99985.03846879152,0,0,0.0,0.0,0.000258754145291877,0.0014223708288091147,0.5,0.5,0.2,False
2022-06-02,99985.03846879152,0,0,0.0,0.0,0.0002740320897223304,0.0014141516639339508,0.5,0.5,0.2,False
2022-06-03,99985.03846879152,0,0,0.0,0.0,0.0002718934308962058,0.0014203235868122434,0.5,0.5,0.2,False
2022-06-06,99985.03846879152,0,0,0.0,0.0,0.00019484234517836097,0.0014182448411226426,0.5,0.5,0.2,False
2022-06-07,99985.03846879152,0,0,0.0,0.0,4.503913620276085e-05,0.001418822283053285,0.5,0.5,0.2,False
2022-06-08,99985.03846879152,0,0,0.0,0.0,-6.064477054606955e-05,0.0014235444337127904,0.5,0.5,0.2,False
2022-06-09,99985.03846879152,0,0,0.0,0.0,-0.00014421909243235334,0.0014401540483351925,0.5,0.5,0.2,False
2022-06-10,99985.03846879152,0,0,0.0,0.0,-0.00021191145304416868,0.0014484322629706576,0.5,0.5,0.2,False
2022-06-13,99985.03846879152,0,0,0.0,0.0,-0.00031220400315045533,0.0014632610354038012,0.5,0.5,0.2,False
2022-06-14,99985.03846879152,0,0,0.0,0.0,-0.00024844654633408825,0.0014678383640746766,0.5,0.5,0.2,False
2022-06-15,99985.03846879152,0,0,0.0,0.0,-0.00011081359937067798,0.0014612520363829664,0.5,0.5,0.2,False
2022-06-16,99985.03846879152,0,0,0.0,0.0,4.738844676071327e-05,0.0014729405077036136,0.5,0.5,0.2,False
2022-06-17,99985.03846879152,0,0,0.0,0.0,-2.4411804380812654e-05,0.0014780276967406168,0.5,0.5,0.2,False
2022-06-21,99985.03846879152,0,0,0.0,0.0,-7.110362378302469e-05,0.0014682585012196566,0.5,0.5,0.2,False
2022-06-22,99985.03846879152,0,0,0.0,0.0,-1.75386364662502e-05,0.0014729055509558613,0.5,0.5,0.2,False
2022-06-23,99985.03846879152,0,0,0.0,0.0,0.00020094786570296378,0.0014767848928267896,0.5,0.5,0.2,False
2022-06-24,99985.03846879152,0,0,0.0,0.0,0.0002078815486484501,0.0014665829114140492,0.5,0.5,0.2,False
2022-06-27,99985.03846879152,0,0,0.0,0.0,2.887320642984379e-05,0.0014646510227435828,0.5,0.5,0.2,False
2022-06-28,99985.03846879152,0,0,0.0,0.0,2.376039104738517e-05,0.0014659481451345258,0.5,0.5,0.2,False
2022-06-29,99985.03846879152,0,0,0.0,0.0,0.00010004363751114989,0.0014671008331774928,0.5,0.5,0.2,False
2022-06-30,99985.03846879152,0,0,0.0,0.0,7.672912263939537e-05,0.001472562309003035,0.5,0.5,0.2,False
2022-07-01,99985.03846879152,0,0,0.0,0.0,-0.00016934769395636912,0.0014708477419951643,0.5,0.5,0.2,False
2022-07-05,99985.03846879152,0,0,0.0,0.0,3.15954225849517e-05,0.001478305292159636,0.5,0.5,0.2,False
2022-07-06,99985.03846879152,0,0,0.0,0.0,0.00022930038738289723,0.0014777546711615196,0.5,0.5,0.2,False
2022-07-07,99985.03846879152,0,0,0.0,0.0,0.0002008614772613187,0.0014693790425926413,0.5,0.5,0.2,False
2022-07-08,99985.03846879152,0,0,0.0,0.0,0.00013178904288413875,0.0014697479621598654,0.5,0.5,0.2,False
2022-07-11,99985.03846879152,0,0,0.0,0.0,-7.400489324544203e-05,0.0014787907456362628,0.5,0.5,0.2,False
2022-07-12,99985.03846879152,0,0,0.0,0.0,0.00012360320050765832,0.0014795843840141145,0.5,0.5,0.2,False
2022-07-13,99985.03846879152,0,0,0.0,0.0,0.00013503272872369114,0.0014796167334706427,0.5,0.5,0.2,False
2022-07-14,99985.03846879152,0,0,0.0,0.0,0.0004426496951489457,0.0014859726731454802,0.5,0.5,0.2,False
2022-07-15,99985.03846879152,0,0,0.0,0.0,0.0005858245109526617,0.0014796173434423183,0.5,0.5,0.2,False
2022-07-18,99985.03846879152,0,0,0.0,0.0,0.0003117811935091079,0.0014775976147513583,0.5,0.5,0.2,False
2022-07-19,99985.03846879152,0,0,0.0,0.0,0.00026058858473691657,0.0014671531137735146,0.5,0.5,0.2,False
2022-07-20,99985.03846879152,0,0,0.0,0.0,0.00017660803332060965,0.0014663497356135942,0.5,0.5,0.2,False
2022-07-21,99985.03846879152,0,0,0.0,0.0,0.00029697086460236656,0.0014646146567609984,0.5,0.5,0.2,False
2022-07-22,99985.03846879152,0,0,0.0,0.0,0.000411896308310902,0.0014656245764742548,0.5,0.5,0.2,False
2022-07-25,99985.03846879152,0,0,0.0,0.0,0.0003840602590217871,0.0014613447372867378,0.5,0.5,0.2,False
2022-07-26,99985.03846879152,0,0,0.0,0.0,0.00036600225115686607,0.0014649464769822982,0.5,0.5,0.2,False
2022-07-27,99985.03846879152,0,0,0.0,0.0,0.0004678539741529025,0.0014561685024039063,0.5,0.5,0.2,False
2022-07-28,99985.03846879152,0,0,0.0,0.0,0.0003681089610614318,0.001454431252654508,0.5,0.5,0.2,False
2022-07-29,99985.03846879152,0,0,0.0,0.0,0.00036517960615772913,0.0014486504744971598,0.5,0.5,0.2,False
2022-08-01,99985.03846879152,0,0,0.0,0.0,0.0005686868532036355,0.0014510761327281324,0.5,0.5,0.2,False
2022-08-02,99985.03846879152,0,0,0.0,0.0,0.00038935613075580445,0.00145455132179139,0.5,0.5,0.2,False
2022-08-03,99985.03846879152,0,0,0.0,0.0,0.00035468372085597306,0.00145309937903627,0.5,0.5,0.2,False
2022-08-04,99985.03846879152,0,0,0.0,0.0,0.0003569540934630236,0.0014521837725705105,0.5,0.5,0.2,False
2022-08-05,99985.03846879152,0,0,0.0,0.0,0.0002932621215538843,0.0014549894901288523,0.5,0.5,0.2,False
2022-08-08,99985.03846879152,0,0,0.0,0.0,0.00031026941154632735,0.001451213983823747,0.5,0.5,0.2,False
2022-08-09,99985.03846879152,0,0,0.0,0.0,0.00026467226409130924,0.001454300614831646,0.5,0.5,0.2,False
2022-08-10,99985.03846879152,0,0,0.0,0.0,0.00033162325774248097,0.0014447393270478996,0.5,0.5,0.2,False
2022-08-11,99985.03846879152,0,0,0.0,0.0,0.0001672428096172189,0.0014438221907789295,0.5,0.5,0.2,False
2022-08-12,99985.03846879152,0,0,0.0,0.0,0.00013764942817853505,0.0014417162217691111,0.5,0.5,0.2,False
2022-08-15,99985.03846879152,0,0,0.0,0.0,9.638048401249563e-05,0.0014456903183612325,0.5,0.5,0.2,False
2022-08-16,99985.03846879152,0,0,0.0,0.0,-0.00011599907877196088,0.001441653985709125,0.5,0.5,0.2,False
2022-08-17,99985.03846879152,0,0,0.0,0.0,-0.00018858337759053995,0.0014456227678159759,0.5,0.5,0.2,False
2022-08-18,99985.03846879152,0,0,0.0,0.0,-0.00013801466855565948,0.001444099446838966,0.5,0.5,0.2,False
2022-08-19,99985.03846879152,0,0,0.0,0.0,-0.00017982288972538153,0.0014493470681617028,0.5,0.5,0.2,False
2022-08-22,99985.03846879152,0,0,0.0,0.0,-0.0001826479546111582,0.0014534979626017052,0.5,0.5,0.2,False
2022-08-23,99985.03846879152,0,0,0.0,0.0,-0.0003882174972885209,0.001452128086747814,0.5,0.5,0.2,False
2022-08-24,99985.03846879152,0,0,0.0,0.0,-0.00026859959397473654,0.001451287122560198,0.5,0.5,0.2,False
2022-08-25,99985.03846879152,0,0,0.0,0.0,-7.555633732597452e-05,0.0014457362057015755,0.5,0.5,0.2,False
2022-08-26,99985.03846879152,0,0,0.0,0.0,0.00010397547877624488,0.0014541917699414588,0.5,0.5,0.2,False
2022-08-29,99985.03846879152,0,0,0.0,0.0,-5.1323780801996724e-05,0.0014533463672265488,0.5,0.5,0.2,False
2022-08-30,99985.03846879152,0,0,0.0,0.0,0.0003076204287726343,0.0014616292067043766,0.5,0.5,0.2,False
2022-08-31,99985.03846879152,0,0,0.0,0.0,0.0005203595456178389,0.0014648439685766175,0.5,0.5,0.2,False
2022-09-01,99985.03846879152,0,0,0.0,0.0,0.0005600103196425842,0.0014682926663644482,0.5,0.5,0.2,False
2022-09-02,99985.03846879152,0,0,0.0,0.0,0.0002926562468654869,0.001465582768343731,0.5,0.5,0.2,False
2022-09-06,99985.03846879152,0,0,0.0,0.0,0.00018248215066892613,0.0014706410575291747,0.5,0.5,0.2,False
2022-09-07,99985.03846879152,0,0,0.0,0.0,-0.0002668469653715732,0.0014686645881584301,0.5,0.5,0.2,False
2022-09-08,99985.03846879152,0,0,0.0,0.0,-0.0003273801215447831,0.001464928893132524,0.5,0.5,0.2,False
2022-09-09,99985.03846879152,0,0,0.0,0.0,-7.954282429336714e-05,0.0014542112062866594,0.5,0.5,0.2,False
2022-09-12,99985.03846879152,0,0,0.0,0.0,-0.00020713430139722636,0.0014499734488340054,0.5,0.5,0.2,False
2022-09-13,99985.03846879152,0,0,0.0,0.0,-0.000652235282023225,0.0014642059221696214,0.5,0.5,0.2,False
2022-09-14,99985.03846879152,0,0,0.0,0.0,-0.0009091025178567836,0.0014642976728182094,0.5,0.5,0.2,False
2022-09-15,99985.03846879152,0,0,0.0,0.0,-0.0006762638515832681,0.0014679767703208448,0.5,0.5,0.2,False
2022-09-16,99985.03846879152,0,0,0.0,0.0,-0.0004948968383920042,0.0014714828941767922,0.5,0.5,0.2,False
2022-09-19,99985.03846879152,0,0,0.0,0.0,-0.0005881318368616205,0.0014678214673099713,0.5,0.5,0.2,False
2022-09-20,99985.03846879152,0,0,0.0,0.0,-0.0002937499340070466,0.0014728386533740393,0.5,0.5,0.2,False
2022-09-21,99985.03846879152,0,0,0.0,0.0,-0.00039893734337773286,0.001480931956000986,0.5,0.5,0.2,False
2022-09-22,99985.03846879152,0,0,0.0,0.0,-5.0750674738420044e-05,0.001482608878758479,0.5,0.5,0.2,False
2022-09-23,99985.03846879152,0,0,0.0,0.0,-0.00020256443717113425,0.0014976144935101325,0.5,0.5,0.2,False
2022-09-26,99985.03846879152,0,0,0.0,0.0,0.00014996824302060277,0.0015031452084274045,0.5,0.5,0.2,False
2022-09-27,99985.03846879152,0,0,0.0,0.0,-0.00012744386025759243,0.0015050635846741707,0.5,0.5,0.2,False
2022-09-28,99985.03846879152,0,0,0.0,0.0,-3.9598816992240925e-05,0.0014938278620510545,0.5,0.5,0.2,False
2022-09-29,99985.03846879152,0,0,0.0,0.0,0.0001477015198944874,0.0014985336232185215,0.5,0.5,0.2,False
2022-09-30,99985.03846879152,0,0,0.0,0.0,-0.00015831169480753682,0.0015052197196181833,0.5,0.5,0.2,False
2022-10-03,99985.03846879152,0,0,0.0,0.0,-0.0004917746265611796,0.0014919986405418416,0.5,0.5,0.2,False
2022-10-04,99985.03846879152,0,0,0.0,0.0,-0.0005817187608919929,0.0014786671950692176,0.5,0.5,0.2,False
2022-10-05,99985.03846879152,0,0,0.0,0.0,-7.64450466521363e-05,0.0014816530760235656,0.5,0.5,0.2,False
2022-10-06,99985.03846879152,0,0,0.0,0.0,0.0002497379879705787,0.001489452534431243,0.5,0.5,0.2,False
2022-10-07,99985.03846879152,0,0,0.0,0.0,0.0003897776811240552,0.0014967686029845016,0.5,0.5,0.2,False
2022-10-10,99985.03846879152,0,0,0.0,0.0,0.0003067146621996213,0.0015016364897444373,0.5,0.5,0.2,False
2022-10-11,99985.03846879152,0,0,0.0,0.0,0.000288053870795333,0.0015067184566311465,0.5,0.5,0.2,False
2022-10-12,99985.03846879152,0,0,0.0,0.0,0.0004084118800336401,0.0015071744199806792,0.5,0.5,0.2,False
2022-10-13,99985.03846879152,0,0,0.0,0.0,0.00025320635999765686,0.001496527079101718,0.5,0.5,0.2,False
2022-10-14,99985.03846879152,0,0,0.0,0.0,0.00017696025383182311,0.0015066793923570341,0.5,0.5,0.2,False
2022-10-17,99985.03846879152,0,0,0.0,0.0,-9.854247674341577e-05,0.0014976061942660061,0.5,0.5,0.2,False
2022-10-18,99985.03846879152,0,0,0.0,0.0,-0.00025638603490929783,0.0014945086637465433,0.5,0.5,0.2,False
2022-10-19,99985.03846879152,0,0,0.0,0.0,-0.00019965321513422648,0.0014980006513777976,0.5,0.5,0.2,False
2022-10-20,99985.03846879152,0,0,0.0,0.0,-2.196882488694364e-05,0.0014987920782688698,0.5,0.5,0.2,False
2022-10-21,99985.03846879152,0,0,0.0,0.0,-6.642904496212454e-05,0.0014883804050444427,0.5,0.5,0.2,False
2022-10-24,99985.03846879152,0,0,0.0,0.0,-0.00030455611464569283,0.0014914511548159753,0.5,0.5,0.2,False
2022-10-25,99985.03846879152,0,0,0.0,0.0,-0.00017702034475364052,0.0014839229297740396,0.5,0.5,0.2,False
2022-10-26,99985.03846879152,0,0,0.0,0.0,-0.00025047701578588587,0.0014790248251845756,0.5,0.5,0.2,False
2022-10-27,99985.03846879152,0,0,0.0,0.0,-0.0006711646046584259,0.0014802391570886736,0.5,0.5,0.2,False
2022-10-28,99985.03846879152,0,0,0.0,0.0,-0.0007673861134026953,0.0014787136295158726,0.5,0.5,0.2,False
2022-10-31,99985.03846879152,0,0,0.0,0.0,-0.0007724622720958041,0.0014798838986378995,0.5,0.5,0.2,False
2022-11-01,99985.03846879152,0,0,0.0,0.0,-0.00034943048857786547,0.0014763405182928301,0.5,0.5,0.2,False
2022-11-02,99985.03846879152,0,0,0.0,0.0,-0.0003173087825649194,0.0014837353547761545,0.5,0.5,0.2,False
2022-11-03,99985.03846879152,0,0,0.0,0.0,-0.000733027521725993,0.001488080514601853,0.5,0.5,0.2,False
2022-11-04,99985.03846879152,0,0,0.0,0.0,0.0001629666755953416,0.0014722721755064114,0.5,0.5,0.2,False
2022-11-07,99985.03846879152,0,0,0.0,0.0,-0.00014182827259853726,0.001471704719403396,0.5,0.5,0.2,False
2022-11-08,99985.03846879152,0,0,0.0,0.0,-0.00015375854168080046,0.0014675437035537586,0.5,0.5,0.2,False
2022-11-09,99985.03846879152,0,0,0.0,0.0,2.572971681861264e-06,0.0014766982859103711,0.5,0.5,0.2,False
2022-11-10,99985.03846879152,0,0,0.0,0.0,0.0005210701818667562,0.0014552420340981284,0.5,0.5,0.2,False
2022-11-11,99985.03846879152,0,0,0.0,0.0,0.0011149202966736905,0.0014495265378524406,0.5,0.5,0.2,False
2022-11-14,99985.03846879152,0,0,0.0,0.0,0.001134771704881665,0.0014536642826623867,0.5,0.5,0.2,False
2022-11-15,99985.03846879152,0,0,0.0,0.0,0.0016149618052326913,0.0018960715159219309,0.5,0.5,0.05,False
2022-11-16,99985.03846879152,0,0,0.0,0.0,0.0014139708027235147,0.0014524034915289286,0.5,0.5,0.2,False
2022-11-17,99985.03846879152,0,0,0.0,0.0,0.001434507984287041,0.0014524994187874317,0.5,0.5,0.2,False
2022-11-18,99985.03846879152,0,0,0.0,0.0,0.001588101904465122,0.001891933124354087,0.5,0.5,0.05,False
2022-11-21,99985.03846879152,0,0,0.0,0.0,0.0012142434386586854,0.0014562807356729584,0.5,0.5,0.2,False
2022-11-22,99985.03846879152,0,0,0.0,0.0,0.0009723106487064316,0.0014489312032435688,0.5,0.5,0.2,False
2022-11-23,99985.03846879152,0,0,0.0,0.0,0.0014525801655005444,0.0018889882453961327,0.5,0.5,0.05,False
2022-11-25,99985.03846879152,0,0,0.0,0.0,0.0013885978901224088,0.0014433567789964767,0.5,0.5,0.2,False
2022-11-28,99985.03846879152,0,0,0.0,0.0,0.0013090915601047658,0.0014502932362712752,0.5,0.5,0.2,False
2022-11-29,99985.03846879152,0,0,0.0,0.0,0.001859820641949837,0.0018907718169108856,0.5,0.5,0.05,False
2022-11-30,99985.03846879152,0,0,0.0,0.0,0.0022329889913025487,0.0018883342875058312,0.5,0.5,0.05,False
2022-12-01,99981.96256730474,-105,71,5005.759941101074,22.460037231445312,0.00301174368232787,0.0018940197237127547,0.5,0.5,0.05,False
2022-12-02,99976.29785518217,-105,71,4981.399990081787,17.00011825561478,0.003023347428342778,0.0018882773806326444,0.5,0.5,0.05,False
2022-12-05,99969.31567725132,-105,71,4878.4300537109375,10.629989624023438,0.003031633722193477,0.0018942850576855223,0.5,0.5,0.05,False
2022-12-06,99943.37565379041,-105,71,4827.489900588989,-15.109987258911133,0.0036104157941049494,0.0018954497184561683,0.5,0.5,0.05,False
2022-12-07,99936.84663337567,-105,71,4829.560083389282,-21.43999671936035,0.003569921077976421,0.001895965071574108,0.5,0.5,0.05,False
2022-12-08,99942.47720465244,-105,71,4856.390090942383,-15.610069274902344,0.0031979312984993474,0.0018913900303510322,0.5,0.5,0.05,False
2022-12-09,99928.38693839441,-105,71,4836.199899673462,-29.5001163482666,0.0033592306520149454,0.0018966571357482598,0.5,0.5,0.05,False
2022-12-12,99933.89712684542,-105,71,4852.809808731079,-23.390047073364258,0.0030251049449150674,0.0018930451866133147,0.5,0.5,0.05,False
2022-12-13,99916.12770958834,-105,71,4820.330007553101,-30.670072555541992,0.003313237900976601,0.0018888450235044704,0.5,0.5,0.05,False
2022-12-14,99910.1584273495,-105,71,4801.960193634033,-36.439998626708984,0.0032257330410724746,0.00189272367725511,0.5,0.5,0.05,False
2022-12-15,99929.2759836868,0,0,0.0,0.0,0.002446127461745862,0.0018901504177998795,0.5,0.5,0.05,False
2022-12-16,99926.21107013822,-112,76,4951.439758300781,-23.60003662109375,0.0026746195762556825,0.001888961407129729,0.5,0.5,0.05,False
2022-12-19,99907.31780184105,-112,76,4928.68017578125,-41.87994384765625,0.0029048845662797765,0.0018951405598534464,0.5,0.5,0.05,False
2022-12-20,99944.83345717385,-112,76,4935.039810180664,-4.1600189208984375,0.0020066724066246477,0.0018883919883296567,0.5,0.5,0.05,False
2022-12-21,99939.63049161775,-112,76,5008.439910888672,-9.160003662109375,0.0020598667459762313,0.0018977097150337848,0.5,0.5,0.05,False
2022-12-22,99946.66411126923,-112,76,4932.79997253418,-1.9201812744140625,0.001808304550512316,0.0018884569311990221,0.5,0.5,0.05,False
2022-12-23,99945.14141403789,-112,76,4996.439849853516,-3.240081787109375,0.0017959337871551804,0.0018891744202488051,0.5,0.5,0.05,False
2022-12-27,99947.91955494716,-112,76,5020.199890136719,0.35992431640625,0.001667000791676881,0.0018945715329673457,0.5,0.5,0.05,False
2022-12-28,99933.43338344507,-112,76,4938.720184326172,-13.91995239257767,0.0018359466108121237,0.001889737489652424,0.5,0.5,0.05,False
2022-12-29,99950.42972516669,-112,76,5009.68000793457,3.2799224853515625,0.0014723077169049078,0.0018958810369017192,0.5,0.5,0.05,False
2022-12-30,99944.66407669157,-112,76,4977.23991394043,-2.2799835205078125,0.0015100662645924781,0.0018914937173733688,0.5,0.5,0.05,False
2023-01-03,99955.4647282798,0,0,0.0,0.0,0.00029889572707351964,0.0014682100974245259,0.5,0.5,0.2,False
2023-01-04,99955.4647282798,0,0,0.0,0.0,0.00036413041037089644,0.0014606391171943466,0.5,0.5,0.2,False
2023-01-05,99955.4647282798,0,0,0.0,0.0,0.0002894364222011068,0.0014648914390633487,0.5,0.5,0.2,False
2023-01-06,99955.4647282798,0,0,0.0,0.0,0.0004128628189998726,0.001453061092200717,0.5,0.5,0.2,False
2023-01-09,99955.4647282798,0,0,0.0,0.0,0.00031769950123821295,0.0014522901101817493,0.5,0.5,0.2,False
2023-01-10,99955.4647282798,0,0,0.0,0.0,0.00034213854172256044,0.001452545880639845,0.5,0.5,0.2,False
2023-01-11,99955.4647282798,0,0,0.0,0.0,0.0003742357626362555,0.0014478507440755831,0.5,0.5,0.2,False
2023-01-12,99955.4647282798,0,0,0.0,0.0,0.00045266132157547657,0.0014411263434638904,0.5,0.5,0.2,False
2023-01-13,99955.4647282798,0,0,0.0,0.0,0.0004900724549279737,0.0014393341811648219,0.5,0.5,0.2,False
2023-01-17,99955.4647282798,0,0,0.0,0.0,0.0004833039586114067,0.0014388582535983796,0.5,0.5,0.2,False
2023-01-18,99955.4647282798,0,0,0.0,0.0,0.000454170241272464,0.0014412461997121051,0.5,0.5,0.2,False
2023-01-19,99955.4647282798,0,0,0.0,0.0,0.000515585864907749,0.0014402913007514875,0.5,0.5,0.2,False
2023-01-20,99955.4647282798,0,0,0.0,0.0,0.0004953921114614507,0.0014351796156233374,0.5,0.5,0.2,False
2023-01-23,99955.4647282798,0,0,0.0,0.0,0.0004826003636585416,0.001433761305278856,0.5,0.5,0.2,False
2023-01-24,99955.4647282798,0,0,0.0,0.0,0.0004951277349937096,0.001432433964646706,0.5,0.5,0.2,False
2023-01-25,99955.4647282798,0,0,0.0,0.0,0.0006166945637984502,0.0014314334191748263,0.5,0.5,0.2,False
2023-01-26,99955.4647282798,0,0,0.0,0.0,0.0005408221515392193,0.0014280819770796861,0.5,0.5,0.2,False
2023-01-27,99955.4647282798,0,0,0.0,0.0,0.0004638307973933142,0.0014277721386426368,0.5,0.5,0.2,False
2023-01-30,99955.4647282798,0,0,0.0,0.0,0.00046933898051441334,0.0014325647838271212,0.5,0.5,0.2,False
2023-01-31,99955.4647282798,0,0,0.0,0.0,0.0003403954891420641,0.0014293969202923676,0.5,0.5,0.2,False
2023-02-01,99955.4647282798,0,0,0.0,0.0,0.0,0.001425769667423851,0.5,0.5,0.2,False
2023-02-02,99955.4647282798,0,0,0.0,0.0,0.0,0.0014277344113464256,0.5,0.5,0.2,False
2023-02-03,99955.4647282798,0,0,0.0,0.0,0.0,0.0014320549235120256,0.5,0.5,0.2,False
2023-02-06,99955.4647282798,0,0,0.0,0.0,0.0,0.0014353151868633863,0.5,0.5,0.2,False
2023-02-07,99955.4647282798,0,0,0.0,0.0,0.0,0.00143185068307902,0.5,0.5,0.2,False
2023-02-08,99955.4647282798,0,0,0.0,0.0,0.0,0.0014346624116979654,0.5,0.5,0.2,False
2023-02-09,99955.4647282798,0,0,0.0,0.0,0.0,0.0014355089839078307,0.5,0.5,0.2,False
2023-02-10,99955.4647282798,0,0,0.0,0.0,0.0,0.0014350048121280026,0.5,0.5,0.2,False
2023-02-13,99955.4647282798,0,0,0.0,0.0,0.0,0.0014313559288809201,0.5,0.5,0.2,False
2023-02-14,99955.4647282798,0,0,0.0,0.0,0.0,0.0014322476970966987,0.5,0.5,0.2,False
2023-02-15,99955.4647282798,0,0,0.0,0.0,0.0,0.0014373171389724438,0.5,0.5,0.2,False
2023-02-16,99955.4647282798,0,0,0.0,0.0,0.0,0.0014394123164803469,0.5,0.5,0.2,False
2023-02-17,99955.4647282798,0,0,0.0,0.0,0.0,0.0014414521364969142,0.5,0.5,0.2,False
2023-02-21,99955.4647282798,0,0,0.0,0.0,0.0,0.0014453073169435626,0.5,0.5,0.2,False
2023-02-22,99955.4647282798,0,0,0.0,0.0,0.0,0.0014476474659967681,0.5,0.5,0.2,False
2023-02-23,99955.4647282798,0,0,0.0,0.0,0.0,0.001448249468446921,0.5,0.5,0.2,False
2023-02-24,99955.4647282798,0,0,0.0,0.0,0.0,0.0014522585229244404,0.5,0.5,0.2,False
2023-02-27,99955.4647282798,0,0,0.0,0.0,0.0,0.0014503698483411048,0.5,0.5,0.2,False
2023-02-28,99955.4647282798,0,0,0.0,0.0,0.0,0.0014529370901136323,0.5,0.5,0.2,False
2023-03-01,99955.4647282798,0,0,0.0,0.0,0.0,0.0014497812162365946,0.5,0.5,0.2,False
2023-03-02,99955.4647282798,0,0,0.0,0.0,0.0,0.001449153248424536,0.5,0.5,0.2,False
2023-03-03,99955.4647282798,0,0,0.0,0.0,0.0,0.0014435593961932569,0.5,0.5,0.2,False
2023-03-06,99955.4647282798,0,0,0.0,0.0,0.0,0.0014470767315941482,0.5,0.5,0.2,False
2023-03-07,99955.4647282798,0,0,0.0,0.0,0.0,0.001454426820432905,0.5,0.5,0.2,False
2023-03-08,99955.4647282798,0,0,0.0,0.0,0.0,0.0014524402909265256,0.5,0.5,0.2,False
2023-03-09,99955.4647282798,0,0,0.0,0.0,0.0,0.001457839233419773,0.5,0.5,0.2,False
2023-03-10,99955.4647282798,0,0,0.0,0.0,0.0,0.0014644330091691197,0.5,0.5,0.2,False
2023-03-13,99955.4647282798,0,0,0.0,0.0,0.0,0.0014661601742684352,0.5,0.5,0.2,False
2023-03-14,99955.4647282798,0,0,0.0,0.0,0.0,0.001461958614927336,0.5,0.5,0.2,False
2023-03-15,99955.4647282798,0,0,0.0,0.0,0.0,0.001471350213266242,0.5,0.5,0.2,False
2023-03-16,99955.4647282798,0,0,0.0,0.0,0.0,0.0014662243335147125,0.5,0.5,0.2,False
2023-03-17,99955.4647282798,0,0,0.0,0.0,0.0,0.0014694092569304442,0.5,0.5,0.2,False
2023-03-20,99955.4647282798,0,0,0.0,0.0,0.0,0.001465157118722883,0.5,0.5,0.2,False
2023-03-21,99955.4647282798,0,0,0.0,0.0,0.0,0.0014634933621379337,0.5,0.5,0.2,False
2023-03-22,99955.4647282798,0,0,0.0,0.0,0.0,0.0014660193983655257,0.5,0.5,0.2,False
2023-03-23,99955.4647282798,0,0,0.0,0.0,0.0,0.0014673916934245812,0.5,0.5,0.2,False
2023-03-24,99955.4647282798,0,0,0.0,0.0,0.0,0.0014680755399245882,0.5,0.5,0.2,False
2023-03-27,99955.4647282798,0,0,0.0,0.0,0.0,0.0014642830062645159,0.5,0.5,0.2,False
2023-03-28,99955.4647282798,0,0,0.0,0.0,0.0,0.0014618880584695477,0.5,0.5,0.2,False
2023-03-29,99955.4647282798,0,0,0.0,0.0,0.0,0.0014575393735855168,0.5,0.5,0.2,False
2023-03-30,99955.4647282798,0,0,0.0,0.0,0.0,0.0014542008144402987,0.5,0.5,0.2,False
2023-03-31,99955.4647282798,0,0,0.0,0.0,0.0,0.0014518272332390385,0.5,0.5,0.2,False
2023-04-03,99955.4647282798,0,0,0.0,0.0,0.0,0.0014455980846880964,0.5,0.5,0.2,False
2023-04-04,99955.4647282798,0,0,0.0,0.0,0.0,0.0014471441886160798,0.5,0.5,0.2,False
2023-04-05,99955.4647282798,0,0,0.0,0.0,0.0,0.001448919973916744,0.5,0.5,0.2,False
2023-04-06,99955.4647282798,0,0,0.0,0.0,0.0,0.0014488770704692816,0.5,0.5,0.2,False
2023-04-10,99955.4647282798,0,0,0.0,0.0,0.0,0.001449383465601943,0.5,0.5,0.2,False
2023-04-11,99955.4647282798,0,0,0.0,0.0,0.0,0.001446021494209182,0.5,0.5,0.2,False
2023-04-12,99955.4647282798,0,0,0.0,0.0,0.0,0.0014441355736603907,0.5,0.5,0.2,False
2023-04-13,99955.4647282798,0,0,0.0,0.0,0.0,0.0014394549597034209,0.5,0.5,0.2,False
2023-04-14,99955.4647282798,0,0,0.0,0.0,0.0,0.0014407529487264522,0.5,0.5,0.2,False
2023-04-17,99955.4647282798,0,0,0.0,0.0,0.0,0.0014412254863615595,0.5,0.5,0.2,False
2023-04-18,99955.4647282798,0,0,0.0,0.0,0.0,0.0014397930625640269,0.5,0.5,0.2,False
2023-04-19,99955.4647282798,0,0,0.0,0.0,0.0,0.0014419215472821125,0.5,0.5,0.2,False
2023-04-20,99955.4647282798,0,0,0.0,0.0,0.0,0.0014418418848541662,0.5,0.5,0.2,False
2023-04-21,99955.4647282798,0,0,0.0,0.0,0.0,0.0014443479452121587,0.5,0.5,0.2,False
2023-04-24,99955.4647282798,0,0,0.0,0.0,0.0,0.0014433308357655113,0.5,0.5,0.2,False
2023-04-25,99955.4647282798,0,0,0.0,0.0,0.0,0.0014503433183315467,0.5,0.5,0.2,False
2023-04-26,99955.4647282798,0,0,0.0,0.0,0.0,0.0014518190635168715,0.5,0.5,0.2,False
2023-04-27,99955.4647282798,0,0,0.0,0.0,0.0,0.0014466614722603794,0.5,0.5,0.2,False
2023-04-28,99955.4647282798,0,0,0.0,0.0,0.0,0.0014453121420571306,0.5,0.5,0.2,False
2023-05-01,99955.4647282798,0,0,0.0,0.0,0.0,0.0014462750707821845,0.5,0.5,0.2,False
2023-05-02,99955.4647282798,0,0,0.0,0.0,0.0,0.0014511834074260484,0.5,0.5,0.2,False
2023-05-03,99955.4647282798,0,0,0.0,0.0,0.0,0.0014534177649207073,0.5,0.5,0.2,False
2023-05-04,99955.4647282798,0,0,0.0,0.0,0.0,0.001452457441446383,0.5,0.5,0.2,False
2023-05-05,99955.4647282798,0,0,0.0,0.0,0.0,0.0014428494714579141,0.5,0.5,0.2,False
2023-05-08,99955.4647282798,0,0,0.0,0.0,0.0,0.0014430151763849329,0.5,0.5,0.2,False
2023-05-09,99955.4647282798,0,0,0.0,0.0,0.0,0.0014439036694238693,0.5,0.5,0.2,False
2023-05-10,99955.4647282798,0,0,0.0,0.0,0.0,0.0014434493212266042,0.5,0.5,0.2,False
2023-05-11,99955.4647282798,0,0,0.0,0.0,0.0,0.0014487872443739802,0.5,0.5,0.2,False
2023-05-12,99955.4647282798,0,0,0.0,0.0,0.0,0.0014498690625909996,0.5,0.5,0.2,False
2023-05-15,99955.4647282798,0,0,0.0,0.0,0.0,0.0014452628815138967,0.5,0.5,0.2,False
2023-05-16,99955.4647282798,0,0,0.0,0.0,0.0,0.0014519138871495851,0.5,0.5,0.2,False
2023-05-17,99955.4647282798,0,0,0.0,0.0,0.0,0.0014483540338634843,0.5,0.5,0.2,False
2023-05-18,99955.4647282798,0,0,0.0,0.0,0.0,0.0014497589329229969,0.5,0.5,0.2,False
2023-05-19,99955.4647282798,0,0,0.0,0.0,0.0,0.001448682233055361,0.5,0.5,0.2,False
2023-05-22,99955.4647282798,0,0,0.0,0.0,0.0,0.001447876465370232,0.5,0.5,0.2,False
2023-05-23,99955.4647282798,0,0,0.0,0.0,0.0,0.001453136921084835,0.5,0.5,0.2,False
2023-05-24,99955.4647282798,0,0,0.0,0.0,0.0,0.0014596179225850301,0.5,0.5,0.2,False
2023-05-25,99955.4647282798,0,0,0.0,0.0,0.0,0.0014631048732293391,0.5,0.5,0.2,False
2023-05-26,99955.4647282798,0,0,0.0,0.0,0.0,0.001458221286876499,0.5,0.5,0.2,False
2023-05-30,99955.4647282798,0,0,0.0,0.0,0.0,0.0014613804506805506,0.5,0.5,0.2,False
2023-05-31,99955.4647282798,0,0,0.0,0.0,0.0,0.0014660074926085972,0.5,0.5,0.2,False
2023-06-01,99955.4647282798,0,0,0.0,0.0,0.0,0.0014594897884918398,0.5,0.5,0.2,False
2023-06-02,99955.4647282798,0,0,0.0,0.0,0.0,0.0014527416605487704,0.5,0.5,0.2,False
2023-06-05,99955.4647282798,0,0,0.0,0.0,0.0,0.001455452569792794,0.5,0.5,0.2,False
2023-06-06,99955.4647282798,0,0,0.0,0.0,0.0,0.0014523427560506632,0.5,0.5,0.2,False
2023-06-07,99955.4647282798,0,0,0.0,0.0,0.0,0.0014602172788174795,0.5,0.5,0.2,False
2023-06-08,99955.4647282798,0,0,0.0,0.0,0.0,0.0014570371227929882,0.5,0.5,0.2,False
2023-06-09,99955.4647282798,0,0,0.0,0.0,0.0,0.0014576702361301615,0.5,0.5,0.2,False
2023-06-12,99955.4647282798,0,0,0.0,0.0,0.0,0.0014560002015460737,0.5,0.5,0.2,False
2023-06-13,99955.4647282798,0,0,0.0,0.0,0.0,0.0014526570499267138,0.5,0.5,0.2,False
2023-06-14,99955.4647282798,0,0,0.0,0.0,0.0,0.0014516531487045602,0.5,0.5,0.2,False
2023-06-15,99955.4647282798,0,0,0.0,0.0,0.0,0.001446284423730461,0.5,0.5,0.2,False
2023-06-16,99955.4647282798,0,0,0.0,0.0,0.0,0.0014452965556093365,0.5,0.5,0.2,False
2023-06-20,99955.4647282798,0,0,0.0,0.0,0.0,0.0014475198628354836,0.5,0.5,0.2,False
2023-06-21,99955.4647282798,0,0,0.0,0.0,0.0,0.001447965031431465,0.5,0.5,0.2,False
2023-06-22,99955.4647282798,0,0,0.0,0.0,0.0,0.0014541211947772302,0.5,0.5,0.2,False
2023-06-23,99955.4647282798,0,0,0.0,0.0,0.0,0.0014604644547467395,0.5,0.5,0.2,False
2023-06-26,99955.4647282798,0,0,0.0,0.0,0.0,0.0014594430871823622,0.5,0.5,0.2,False
2023-06-27,99955.4647282798,0,0,0.0,0.0,0.0,0.0014561995566801714,0.5,0.5,0.2,False
2023-06-28,99955.4647282798,0,0,0.0,0.0,0.0,0.0014577577315999023,0.5,0.5,0.2,False
2023-06-29,99955.4647282798,0,0,0.0,0.0,0.0,0.0014552010019150048,0.5,0.5,0.2,False
2023-06-30,99955.4647282798,0,0,0.0,0.0,0.0,0.0014516543978815557,0.5,0.5,0.2,False
2023-07-03,99955.4647282798,0,0,0.0,0.0,0.0,0.001449752128313024,0.5,0.5,0.2,False
2023-07-05,99955.4647282798,0,0,0.0,0.0,0.0,0.0014538201660650979,0.5,0.5,0.2,False
2023-07-06,99955.4647282798,0,0,0.0,0.0,0.0,0.0014620594030604782,0.5,0.5,0.2,False
2023-07-07,99955.4647282798,0,0,0.0,0.0,0.0,0.0014594477651700079,0.5,0.5,0.2,False
2023-07-10,99955.4647282798,0,0,0.0,0.0,0.0,0.0014605376667332051,0.5,0.5,0.2,False
2023-07-11,99955.4647282798,0,0,0.0,0.0,0.0,0.0014568902900054521,0.5,0.5,0.2,False
2023-07-12,99955.4647282798,0,0,0.0,0.0,0.0,0.0014501165754491896,0.5,0.5,0.2,False
2023-07-13,99955.4647282798,0,0,0.0,0.0,0.0,0.0014417425621619073,0.5,0.5,0.2,False
2023-07-14,99955.4647282798,0,0,0.0,0.0,0.0,0.0014440260146654682,0.5,0.5,0.2,False
2023-07-17,99955.4647282798,0,0,0.0,0.0,0.0,0.0014450583472690947,0.5,0.5,0.2,False
2023-07-18,99955.4647282798,0,0,0.0,0.0,0.0,0.0014418988861858145,0.5,0.5,0.2,False
2023-07-19,99955.4647282798,0,0,0.0,0.0,0.0,0.0014426567380150352,0.5,0.5,0.2,False
2023-07-20,99955.4647282798,0,0,0.0,0.0,0.0,0.0014431694918105433,0.5,0.5,0.2,False
2023-07-21,99955.4647282798,0,0,0.0,0.0,0.0,0.0014437077262479492,0.5,0.5,0.2,False
2023-07-24,99955.4647282798,0,0,0.0,0.0,0.0,0.0014416279193344586,0.5,0.5,0.2,False
2023-07-25,99955.4647282798,0,0,0.0,0.0,0.0,0.0014401465486295285,0.5,0.5,0.2,False
2023-07-26,99955.4647282798,0,0,0.0,0.0,0.0,0.0014399223675435368,0.5,0.5,0.2,False
2023-07-27,99955.4647282798,0,0,0.0,0.0,0.0,0.0014436818842675423,0.5,0.5,0.2,False
2023-07-28,99955.4647282798,0,0,0.0,0.0,0.0,0.0014431690714791052,0.5,0.5,0.2,False
2023-07-31,99955.4647282798,0,0,0.0,0.0,0.0,0.0014407229259956915,0.5,0.5,0.2,False
2023-08-01,99955.4647282798,0,0,0.0,0.0,0.0,0.0014459318169553453,0.5,0.5,0.2,False
2023-08-02,99955.4647282798,0,0,0.0,0.0,0.0,0.0014545237749203702,0.5,0.5,0.2,False
2023-08-03,99955.4647282798,0,0,0.0,0.0,0.0,0.0014547810407166829,0.5,0.5,0.2,False
2023-08-04,99955.4647282798,0,0,0.0,0.0,0.0,0.0014541315162472654,0.5,0.5,0.2,False
2023-08-07,99955.4647282798,0,0,0.0,0.0,0.0,0.0014512599555422479,0.5,0.5,0.2,False
2023-08-08,99955.4647282798,0,0,0.0,0.0,0.0,0.0014538242446952333,0.5,0.5,0.2,False
2023-08-09,99955.4647282798,0,0,0.0,0.0,0.0,0.001453894639227631,0.5,0.5,0.2,False
2023-08-10,99955.4647282798,0,0,0.0,0.0,0.0,0.0014534061959149546,0.5,0.5,0.2,False
2023-08-11,99955.4647282798,0,0,0.0,0.0,0.0,0.0014545048630986383,0.5,0.5,0.2,False
2023-08-14,99955.4647282798,0,0,0.0,0.0,0.0,0.0014569118466966327,0.5,0.5,0.2,False
2023-08-15,99955.4647282798,0,0,0.0,0.0,0.0,0.001462276152030913,0.5,0.5,0.2,False
2023-08-16,99955.4647282798,0,0,0.0,0.0,0.0,0.0014653853586022215,0.5,0.5,0.2,False
2023-08-17,99955.4647282798,0,0,0.0,0.0,0.0,0.0014687796791777628,0.5,0.5,0.2,False
2023-08-18,99955.4647282798,0,0,0.0,0.0,0.0,0.0014689104956255139,0.5,0.5,0.2,False
2023-08-21,99955.4647282798,0,0,0.0,0.0,0.0,0.0014681137338979932,0.5,0.5,0.2,False
2023-08-22,99955.4647282798,0,0,0.0,0.0,0.0,0.0014700409350165606,0.5,0.5,0.2,False
2023-08-23,99955.4647282798,0,0,0.0,0.0,0.0,0.0014652018167911195,0.5,0.5,0.2,False
2023-08-24,99955.4647282798,0,0,0.0,0.0,0.0,0.0014705431548580907,0.5,0.5,0.2,False
2023-08-25,99955.4647282798,0,0,0.0,0.0,0.0,0.0014685520980299645,0.5,0.5,0.2,False
2023-08-28,99955.4647282798,0,0,0.0,0.0,0.0,0.0014648420133361374,0.5,0.5,0.2,False
2023-08-29,99955.4647282798,0,0,0.0,0.0,0.0,0.0014582560257208827,0.5,0.5,0.2,False
2023-08-30,99955.4647282798,0,0,0.0,0.0,0.0,0.0014562341543597078,0.5,0.5,0.2,False
2023-08-31,99955.4647282798,0,0,0.0,0.0,0.0,0.0014566827888215334,0.5,0.5,0.2,False
2023-09-01,99955.4647282798,0,0,0.0,0.0,0.0,0.001455388995546537,0.5,0.5,0.2,False
2023-09-05,99955.4647282798,0,0,0.0,0.0,0.0,0.0014581126697273878,0.5,0.5,0.2,False
2023-09-06,99955.4647282798,0,0,0.0,0.0,0.0,0.0014617016385075601,0.5,0.5,0.2,False
2023-09-07,99955.4647282798,0,0,0.0,0.0,0.0,0.0014639071204079514,0.5,0.5,0.2,False
2023-09-08,99955.4647282798,0,0,0.0,0.0,0.0,0.0014644732236192381,0.5,0.5,0.2,False
2023-09-11,99955.4647282798,0,0,0.0,0.0,0.0,0.0014591508276430478,0.5,0.5,0.2,False
2023-09-12,99955.4647282798,0,0,0.0,0.0,0.0,0.0014591473682406674,0.5,0.5,0.2,False
2023-09-13,99955.4647282798,0,0,0.0,0.0,0.0,0.0014597322754660465,0.5,0.5,0.2,False
2023-09-14,99955.4647282798,0,0,0.0,0.0,0.0,0.00145308475112028,0.5,0.5,0.2,False
2023-09-15,99955.4647282798,0,0,0.0,0.0,0.0,0.0014539927817092172,0.5,0.5,0.2,False
2023-09-18,99955.4647282798,0,0,0.0,0.0,0.0,0.0014555696352783214,0.5,0.5,0.2,False
2023-09-19,99955.4647282798,0,0,0.0,0.0,0.0,0.0014558580431529356,0.5,0.5,0.2,False
2023-09-20,99955.4647282798,0,0,0.0,0.0,0.0,0.0014577744904001352,0.5,0.5,0.2,False
2023-09-21,99955.4647282798,0,0,0.0,0.0,0.0,0.0014679739144575423,0.5,0.5,0.2,False
2023-09-22,99955.4647282798,0,0,0.0,0.0,0.0,0.0014660144941552062,0.5,0.5,0.2,False
2023-09-25,99955.4647282798,0,0,0.0,0.0,0.0,0.0014655111382398777,0.5,0.5,0.2,False
2023-09-26,99955.4647282798,0,0,0.0,0.0,0.0,0.0014702551277285814,0.5,0.5,0.2,False
2023-09-27,99955.4647282798,0,0,0.0,0.0,0.0,0.0014724623823690732,0.5,0.5,0.2,False
2023-09-28,99955.4647282798,0,0,0.0,0.0,0.0,0.0014666723868040383,0.5,0.5,0.2,False
2023-09-29,99955.4647282798,0,0,0.0,0.0,0.0,0.0014691411349520968,0.5,0.5,0.2,False
2023-10-02,99955.4647282798,0,0,0.0,0.0,0.0,0.0014773099609963428,0.5,0.5,0.2,False
2023-10-03,99955.4647282798,0,0,0.0,0.0,0.0,0.001482876196027431,0.5,0.5,0.2,False
2023-10-04,99955.4647282798,0,0,0.0,0.0,0.0,0.0014818535655560917,0.5,0.5,0.2,False
2023-10-05,99955.4647282798,0,0,0.0,0.0,0.0,0.0014784330800139236,0.5,0.5,0.2,False
2023-10-06,99955.4647282798,0,0,0.0,0.0,0.0,0.0014739185670768354,0.5,0.5,0.2,False
2023-10-09,99955.4647282798,0,0,0.0,0.0,0.0,0.0014712925263139407,0.5,0.5,0.2,False
2023-10-10,99955.4647282798,0,0,0.0,0.0,0.0,0.0014677353287865247,0.5,0.5,0.2,False
2023-10-11,99955.4647282798,0,0,0.0,0.0,0.0,0.0014658657573697683,0.5,0.5,0.2,False
2023-10-12,99955.4647282798,0,0,0.0,0.0,0.0,0.0014728110997071853,0.5,0.5,0.2,False
2023-10-13,99955.4647282798,0,0,0.0,0.0,0.0,0.0014745126011156465,0.5,0.5,0.2,False
2023-10-16,99955.4647282798,0,0,0.0,0.0,0.0,0.0014686180433208411,0.5,0.5,0.2,False
2023-10-17,99955.4647282798,0,0,0.0,0.0,0.0,0.0014677671846567329,0.5,0.5,0.2,False
2023-10-18,99955.4647282798,0,0,0.0,0.0,0.0,0.0014742172285238213,0.5,0.5,0.2,False
2023-10-19,99955.4647282798,0,0,0.0,0.0,0.0,0.0014778927669047647,0.5,0.5,0.2,False
2023-10-20,99955.4647282798,0,0,0.0,0.0,0.0,0.0014834539383591925,0.5,0.5,0.2,False
2023-10-23,99955.4647282798,0,0,0.0,0.0,0.0,0.0014836661209039767,0.5,0.5,0.2,False
2023-10-24,99955.4647282798,0,0,0.0,0.0,0.0,0.0014818694419294145,0.5,0.5,0.2,False
2023-10-25,99955.4647282798,0,0,0.0,0.0,0.0,0.0014855711801808186,0.5,0.5,0.2,False
2023-10-26,99955.4647282798,0,0,0.0,0.0,0.0,0.0014877340800502382,0.5,0.5,0.2,False
2023-10-27,99955.4647282798,0,0,0.0,0.0,0.0,0.0014894406449537695,0.5,0.5,0.2,False
2023-10-30,99955.4647282798,0,0,0.0,0.0,0.0,0.0014852678038024803,0.5,0.5,0.2,False
2023-10-31,99955.4647282798,0,0,0.0,0.0,0.0,0.0014858684868351037,0.5,0.5,0.2,False
2023-11-01,99955.4647282798,0,0,0.0,0.0,0.0,0.0014797236832890847,0.5,0.5,0.2,False
2023-11-02,99955.4647282798,0,0,0.0,0.0,0.0,0.001469222112880637,0.5,0.5,0.2,False
2023-11-03,99955.4647282798,0,0,0.0,0.0,0.0,0.001464196834613731,0.5,0.5,0.2,False
2023-11-06,99955.4647282798,0,0,0.0,0.0,0.0,0.001466324536877379,0.5,0.5,0.2,False
2023-11-07,99955.4647282798,0,0,0.0,0.0,0.0,0.001471297651574934,0.5,0.5,0.2,False
2023-11-08,99955.4647282798,0,0,0.0,0.0,0.0,0.0014712071779230565,0.5,0.5,0.2,False
2023-11-09,99955.4647282798,0,0,0.0,0.0,0.0,0.0014716819377282406,0.5,0.5,0.2,False
2023-11-10,99955.4647282798,0,0,0.0,0.0,0.0,0.0014716659335091144,0.5,0.5,0.2,False
2023-11-13,99955.4647282798,0,0,0.0,0.0,0.0,0.0014690065075337994,0.5,0.5,0.2,False
2023-11-14,99955.4647282798,0,0,0.0,0.0,0.0,0.0014590858564480455,0.5,0.5,0.2,False
2023-11-15,99955.4647282798,0,0,0.0,0.0,0.0,0.00145847020949108,0.5,0.5,0.2,False
2023-11-16,99955.4647282798,0,0,0.0,0.0,0.0,0.0014619573117861833,0.5,0.5,0.2,False
2023-11-17,99955.4647282798,0,0,0.0,0.0,0.0,0.00145676640904646,0.5,0.5,0.2,False
2023-11-20,99955.4647282798,0,0,0.0,0.0,0.0,0.0014554931099667033,0.5,0.5,0.2,False
2023-11-21,99955.4647282798,0,0,0.0,0.0,0.0,0.0014566372633818183,0.5,0.5,0.2,False
2023-11-22,99955.4647282798,0,0,0.0,0.0,0.0,0.0014572731408198202,0.5,0.5,0.2,False
2023-11-24,99955.4647282798,0,0,0.0,0.0,0.0,0.0014541471618781374,0.5,0.5,0.2,False
2023-11-27,99955.4647282798,0,0,0.0,0.0,0.0,0.0014571258452194158,0.5,0.5,0.2,False
2023-11-28,99955.4647282798,0,0,0.0,0.0,0.0,0.0014541420753796063,0.5,0.5,0.2,False
2023-11-29,99955.4647282798,0,0,0.0,0.0,0.0,0.0014547660313441913,0.5,0.5,0.2,False
2023-11-30,99955.4647282798,0,0,0.0,0.0,0.0,0.001452583772852262,0.5,0.5,0.2,False
2023-12-01,99955.4647282798,0,0,0.0,0.0,0.0,0.0014464198363726046,0.5,0.5,0.2,False
2023-12-04,99955.4647282798,0,0,0.0,0.0,0.0,0.0014509557041218748,0.5,0.5,0.2,False
2023-12-05,99955.4647282798,0,0,0.0,0.0,0.0,0.0014534150934660092,0.5,0.5,0.2,False
2023-12-06,99955.4647282798,0,0,0.0,0.0,0.0,0.0014526853113605537,0.5,0.5,0.2,False
2023-12-07,99955.4647282798,0,0,0.0,0.0,0.0,0.0014507194397656315,0.5,0.5,0.2,False
2023-12-08,99955.4647282798,0,0,0.0,0.0,0.0,0.00144916401459995,0.5,0.5,0.2,False
2023-12-11,99955.4647282798,0,0,0.0,0.0,0.0,0.0014486618127716707,0.5,0.5,0.2,False
2023-12-12,99955.4647282798,0,0,0.0,0.0,0.0,0.0014491397020805045,0.5,0.5,0.2,False
2023-12-13,99955.4647282798,0,0,0.0,0.0,0.0,0.001438751598856689,0.5,0.5,0.2,False
2023-12-14,99955.4647282798,0,0,0.0,0.0,0.0,0.001433687875796066,0.5,0.5,0.2,False
2023-12-15,99955.4647282798,0,0,0.0,0.0,0.0,0.0014367098952533805,0.5,0.5,0.2,False
2023-12-18,99955.4647282798,0,0,0.0,0.0,0.0,0.0014337706945825766,0.5,0.5,0.2,False
2023-12-19,99955.4647282798,0,0,0.0,0.0,0.0,0.0014284640850448442,0.5,0.5,0.2,False
2023-12-20,99955.4647282798,0,0,0.0,0.0,0.0,0.0014389265148787216,0.5,0.5,0.2,False
2023-12-21,99955.4647282798,0,0,0.0,0.0,0.0,0.00143240872627121,0.5,0.5,0.2,False
2023-12-22,99955.4647282798,0,0,0.0,0.0,0.0,0.0014309052720986246,0.5,0.5,0.2,False
2023-12-26,99955.4647282798,0,0,0.0,0.0,0.0,0.0014281534355483955,0.5,0.5,0.2,False
2023-12-27,99955.4647282798,0,0,0.0,0.0,0.0,0.0014273316830619846,0.5,0.5,0.2,False
2023-12-28,99955.4647282798,0,0,0.0,0.0,0.0,0.0014276579871085153,0.5,0.5,0.2,False
2023-12-29,99955.4647282798,0,0,0.0,0.0,0.0,0.0014291995392513108,0.5,0.5,0.2,False
2024-01-02,99955.4647282798,0,0,0.0,0.0,0.00017414613792852946,0.0014320032399633416,0.5,0.5,0.2,False
2024-01-03,99955.4647282798,0,0,0.0,0.0,0.0001312934692878074,0.0014351020093327663,0.5,0.5,0.2,False
2024-01-04,99955.4647282798,0,0,0.0,0.0,0.00010334708888534334,0.0014359441667454009,0.5,0.5,0.2,False
2024-01-05,99955.4647282798,0,0,0.0,0.0,8.010810545481084e-05,0.001435343989722659,0.5,0.5,0.2,False
2024-01-08,99955.4647282798,0,0,0.0,0.0,7.626286156778986e-05,0.001433529475222784,0.5,0.5,0.2,False
2024-01-09,99955.4647282798,0,0,0.0,0.0,6.339009144775078e-05,0.00143683906426795,0.5,0.5,0.2,False
2024-01-10,99955.4647282798,0,0,0.0,0.0,4.3427424806154245e-05,0.001436340335409253,0.5,0.5,0.2,False
2024-01-11,99955.4647282798,0,0,0.0,0.0,6.061622835108414e-05,0.0014372313074614467,0.5,0.5,0.2,False
2024-01-12,99955.4647282798,0,0,0.0,0.0,6.262329703294718e-05,0.0014359965885693475,0.5,0.5,0.2,False
2024-01-16,99955.4647282798,0,0,0.0,0.0,-1.7107195428197768e-05,0.0014425380388677612,0.5,0.5,0.2,False
2024-01-17,99955.4647282798,0,0,0.0,0.0,-5.622993948026868e-06,0.0014469087936147154,0.5,0.5,0.2,False
2024-01-18,99955.4647282798,0,0,0.0,0.0,1.4863229082853107e-05,0.001444437446404873,0.5,0.5,0.2,False
2024-01-19,99955.4647282798,0,0,0.0,0.0,4.46968929387628e-06,0.0014418201007035895,0.5,0.5,0.2,False
2024-01-22,99955.4647282798,0,0,0.0,0.0,1.5979995245363353e-05,0.0014417553749194502,0.5,0.5,0.2,False
2024-01-23,99955.4647282798,0,0,0.0,0.0,3.106261644114582e-05,0.0014382949449524007,0.5,0.5,0.2,False
2024-01-24,99955.4647282798,0,0,0.0,0.0,4.722771520430722e-05,0.0014398206934920206,0.5,0.5,0.2,False
2024-01-25,99955.4647282798,0,0,0.0,0.0,3.883994559631121e-05,0.0014370470042911105,0.5,0.5,0.2,False
2024-01-26,99955.4647282798,0,0,0.0,0.0,3.344334045168381e-05,0.0014349860188874277,0.5,0.5,0.2,False
2024-01-29,99955.4647282798,0,0,0.0,0.0,3.681590070765569e-05,0.001433003084130695,0.5,0.5,0.2,False
2024-01-30,99955.4647282798,0,0,0.0,0.0,9.142394029475169e-06,0.0014333294826494958,0.5,0.5,0.2,False
2024-01-31,99955.4647282798,0,0,0.0,0.0,3.277597626024086e-05,0.0014379209310794597,0.5,0.5,0.2,False
2024-02-01,99955.4647282798,0,0,0.0,0.0,0.00020179357599338303,0.0014348615727658512,0.5,0.5,0.2,False
2024-02-02,99955.4647282798,0,0,0.0,0.0,0.00018783295420873533,0.0014372370668610916,0.5,0.5,0.2,False
2024-02-05,99955.4647282798,0,0,0.0,0.0,0.00040985967510216026,0.0014404634882650743,0.5,0.5,0.2,False
2024-02-06,99955.4647282798,0,0,0.0,0.0,0.0005452964422604868,0.0014386617069015888,0.5,0.5,0.2,False
2024-02-07,99955.4647282798,0,0,0.0,0.0,0.0002689433126646626,0.0014376110343457221,0.5,0.5,0.2,False
2024-02-08,99955.4647282798,0,0,0.0,0.0,0.00021613725204098507,0.0014375544235381086,0.5,0.5,0.2,False
2024-02-09,99955.4647282798,0,0,0.0,0.0,0.0002780573338154473,0.0014360568339640523,0.5,0.5,0.2,False
2024-02-12,99955.4647282798,0,0,0.0,0.0,9.837627752932552e-05,0.001436603865259716,0.5,0.5,0.2,False
2024-02-13,99955.4647282798,0,0,0.0,0.0,0.00027982629851331335,0.0014462926967577481,0.5,0.5,0.2,False
2024-02-14,99955.4647282798,0,0,0.0,0.0,0.00023523639022586345,0.0014404336876733615,0.5,0.5,0.2,False
2024-02-15,99955.4647282798,0,0,0.0,0.0,-9.133384096225432e-06,0.0014345166099027416,0.5,0.5,0.2,False
2024-02-16,99955.4647282798,0,0,0.0,0.0,-3.0286274449451993e-05,0.0014341616049425277,0.5,0.5,0.2,False
2024-02-20,99955.4647282798,0,0,0.0,0.0,0.0001757705770525027,0.001434881499638556,0.5,0.5,0.2,False
2024-02-21,99955.4647282798,0,0,0.0,0.0,-1.2989140761944464e-06,0.0014351685633121499,0.5,0.5,0.2,False
2024-02-22,99955.4647282798,0,0,0.0,0.0,-4.876548402872016e-07,0.0014331091744669894,0.5,0.5,0.2,False
2024-02-23,99955.4647282798,0,0,0.0,0.0,-9.698670364560714e-05,0.001431616669248065,0.5,0.5,0.2,False
2024-02-26,99955.4647282798,0,0,0.0,0.0,-8.070584842507678e-05,0.0014330851624561821,0.5,0.5,0.2,False
2024-02-27,99955.4647282798,0,0,0.0,0.0,0.000341421671213565,0.0014326263214451513,0.5,0.5,0.2,False
2024-02-28,99955.4647282798,0,0,0.0,0.0,5.558937042971384e-05,0.001435489961424279,0.5,0.5,0.2,False
2024-02-29,99955.4647282798,0,0,0.0,0.0,0.00016865079554868604,0.0014329100645928457,0.5,0.5,0.2,False
2024-03-01,99955.4647282798,0,0,0.0,0.0,0.00019032884619850756,0.0014292536063258742,0.5,0.5,0.2,False
2024-03-04,99955.4647282798,0,0,0.0,0.0,1.4571286915566678e-05,0.0014306436522864804,0.5,0.5,0.2,False
2024-03-05,99955.4647282798,0,0,0.0,0.0,-5.6535762518659854e-05,0.001431436154535577,0.5,0.5,0.2,False
2024-03-06,99955.4647282798,0,0,0.0,0.0,0.0002892458748854011,0.0014269824840441956,0.5,0.5,0.2,False
2024-03-07,99955.4647282798,0,0,0.0,0.0,0.0003594923349331048,0.0014218456591945196,0.5,0.5,0.2,False
2024-03-08,99955.4647282798,0,0,0.0,0.0,0.0005447451785330661,0.001422904956884958,0.5,0.5,0.2,False
2024-03-11,99955.4647282798,0,0,0.0,0.0,-0.00015436399104035059,0.0014241724042415747,0.5,0.5,0.2,False
2024-03-12,99955.4647282798,0,0,0.0,0.0,-0.0002712511865812955,0.0014245966558149854,0.5,0.5,0.2,False
2024-03-13,99955.4647282798,0,0,0.0,0.0,-0.00033291972274882947,0.001422275035846094,0.5,0.5,0.2,False
2024-03-14,99955.4647282798,0,0,0.0,0.0,-0.0007139127455388593,0.0014267908868144067,0.5,0.5,0.2,False
2024-03-15,99955.4647282798,0,0,0.0,0.0,-0.000835914825223284,0.0014277855362907913,0.5,0.5,0.2,False
2024-03-18,99955.4647282798,0,0,0.0,0.0,-0.000726839513979899,0.0014267058451602603,0.5,0.5,0.2,False
2024-03-19,99955.4647282798,0,0,0.0,0.0,-0.0006561636942194109,0.001426580234452146,0.5,0.5,0.2,False
2024-03-20,99955.4647282798,0,0,0.0,0.0,-0.0007395454549431119,0.0014229131440689252,0.5,0.5,0.2,False
2024-03-21,99955.4647282798,0,0,0.0,0.0,-0.0006645642400552959,0.001422660375631,0.5,0.5,0.2,False
2024-03-22,99955.4647282798,0,0,0.0,0.0,-0.0004927378660400539,0.0014254869664684414,0.5,0.5,0.2,False
2024-03-25,99955.4647282798,0,0,0.0,0.0,-0.00030143391155400777,0.0014248179574793338,0.5,0.5,0.2,False
2024-03-26,99955.4647282798,0,0,0.0,0.0,-0.0003477534848491518,0.0014254054179419602,0.5,0.5,0.2,False
2024-03-27,99955.4647282798,0,0,0.0,0.0,-7.824962482621704e-05,0.001421248229571241,0.5,0.5,0.2,False
2024-03-28,99955.4647282798,0,0,0.0,0.0,-0.00031460623509826463,0.0014210190154831238,0.5,0.5,0.2,False
2024-04-01,99955.4647282798,0,0,0.0,0.0,-0.0004100008418870172,0.0014216542143384813,0.5,0.5,0.2,False
2024-04-02,99955.4647282798,0,0,0.0,0.0,-0.0002942125917457983,0.0014225039921586834,0.5,0.5,0.2,False
2024-04-03,99955.4647282798,0,0,0.0,0.0,-0.0003898452604291592,0.0014217714304027669,0.5,0.5,0.2,False
2024-04-04,99955.4647282798,0,0,0.0,0.0,-0.00043707532487014894,0.0014228555923129719,0.5,0.5,0.2,False
2024-04-05,99955.4647282798,0,0,0.0,0.0,-0.0005010196716709538,0.0014223534948120886,0.5,0.5,0.2,False
2024-04-08,99955.4647282798,0,0,0.0,0.0,-0.0002974773858346069,0.0014200702090945091,0.5,0.5,0.2,False
2024-04-09,99955.4647282798,0,0,0.0,0.0,-0.00023750187203416885,0.0014181619713473054,0.5,0.5,0.2,False
2024-04-10,99955.4647282798,0,0,0.0,0.0,-0.0006135242562726364,0.0014251063221116986,0.5,0.5,0.2,False
2024-04-11,99955.4647282798,0,0,0.0,0.0,-0.0002471765784063646,0.0014248528872628033,0.5,0.5,0.2,False
2024-04-12,99955.4647282798,0,0,0.0,0.0,-0.00035153867106865505,0.0014314206692228662,0.5,0.5,0.2,False
2024-04-15,99955.4647282798,0,0,0.0,0.0,-0.00034407343098681673,0.0014339337895612763,0.5,0.5,0.2,False
2024-04-16,99955.4647282798,0,0,0.0,0.0,-0.0009663259499802768,0.0014382732870323448,0.5,0.5,0.2,False
2024-04-17,99955.4647282798,0,0,0.0,0.0,-0.0006362084775551664,0.0014356161109309227,0.5,0.5,0.2,False
2024-04-18,99955.4647282798,0,0,0.0,0.0,-0.0010968169883111124,0.0014382161682925455,0.5,0.5,0.2,False
2024-04-19,99955.4647282798,0,0,0.0,0.0,-0.0012590468771760518,0.0014365379240675734,0.5,0.5,0.2,False
2024-04-22,99955.4647282798,0,0,0.0,0.0,-0.0009707237061457551,0.0014326331813470747,0.5,0.5,0.2,False
2024-04-23,99955.4647282798,0,0,0.0,0.0,-0.0009529386578859725,0.00143021095940282,0.5,0.5,0.2,False
2024-04-24,99955.4647282798,0,0,0.0,0.0,-0.0007775302890528223,0.0014318398840979735,0.5,0.5,0.2,False
2024-04-25,99955.4647282798,0,0,0.0,0.0,-0.0011583936698447424,0.0014329308363858154,0.5,0.5,0.2,False
2024-04-26,99955.4647282798,0,0,0.0,0.0,-0.0010139620474626874,0.0014307880340402046,0.5,0.5,0.2,False
2024-04-29,99955.4647282798,0,0,0.0,0.0,-0.00067401323446806,0.0014293594381170579,0.5,0.5,0.2,False
2024-04-30,99955.4647282798,0,0,0.0,0.0,-0.0008262890534072987,0.0014365742596859528,0.5,0.5,0.2,False
2024-05-01,99955.4647282798,0,0,0.0,0.0,-0.000811549765146954,0.0014362571123634255,0.5,0.5,0.2,False
2024-05-02,99955.4647282798,0,0,0.0,0.0,-0.0004728994639963095,0.0014310317459152904,0.5,0.5,0.2,False
2024-05-03,99955.4647282798,0,0,0.0,0.0,-0.00010983151951010385,0.0014280269497177808,0.5,0.5,0.2,False
2024-05-06,99955.4647282798,0,0,0.0,0.0,-0.0002817720507357457,0.0014234392487405224,0.5,0.5,0.2,False
2024-05-07,99955.4647282798,0,0,0.0,0.0,0.00023512448671142495,0.0014226875752264,0.5,0.5,0.2,False
2024-05-08,99955.4647282798,0,0,0.0,0.0,0.0001182489289919482,0.0014236810444090905,0.5,0.5,0.2,False
2024-05-09,99955.4647282798,0,0,0.0,0.0,-0.0003510658087583698,0.0014222911730157567,0.5,0.5,0.2,False
2024-05-10,99955.4647282798,0,0,0.0,0.0,-0.00025553340988861855,0.0014221141078484595,0.5,0.5,0.2,False
2024-05-13,99955.4647282798,0,0,0.0,0.0,-8.427366517302995e-05,0.0014228003090665596,0.5,0.5,0.2,False
2024-05-14,99955.4647282798,0,0,0.0,0.0,0.00013599930290838412,0.0014211913675655503,0.5,0.5,0.2,False
2024-05-15,99955.4647282798,0,0,0.0,0.0,0.00060171812816294,0.0014188331827968692,0.5,0.5,0.2,False
2024-05-16,99955.4647282798,0,0,0.0,0.0,0.0007847955193325996,0.001417725647319855,0.5,0.5,0.2,False
2024-05-17,99955.4647282798,0,0,0.0,0.0,0.000619751125641999,0.0014152080992577488,0.5,0.5,0.2,False
2024-05-20,99955.4647282798,0,0,0.0,0.0,0.00029702068721640704,0.0014170804365865749,0.5,0.5,0.2,False
2024-05-21,99955.4647282798,0,0,0.0,0.0,0.0004573846023859045,0.0014162343503520448,0.5,0.5,0.2,False
2024-05-22,99955.4647282798,0,0,0.0,0.0,-2.0526705147365232e-05,0.001420997449063149,0.5,0.5,0.2,False
2024-05-23,99955.4647282798,0,0,0.0,0.0,0.0001315519344195021,0.0014232152122407948,0.5,0.5,0.2,False
2024-05-24,99955.4647282798,0,0,0.0,0.0,3.846983363521241e-05,0.001420844505005299,0.5,0.5,0.2,False
2024-05-28,99955.4647282798,0,0,0.0,0.0,-2.1800427737280984e-05,0.0014223500580171195,0.5,0.5,0.2,False
2024-05-29,99955.4647282798,0,0,0.0,0.0,0.00018057661361215826,0.001429359266975314,0.5,0.5,0.2,False
2024-05-30,99955.4647282798,0,0,0.0,0.0,0.000131128856380353,0.0014248766469382643,0.5,0.5,0.2,False
2024-05-31,99955.4647282798,0,0,0.0,0.0,-0.0001312142969398998,0.001421135302185765,0.5,0.5,0.2,False
2024-06-03,99955.4647282798,0,0,0.0,0.0,0.0008491383757313091,0.001420685255737145,0.5,0.5,0.2,False
2024-06-04,99955.4647282798,0,0,0.0,0.0,0.0009778017423086045,0.0014239226424127879,0.5,0.5,0.2,False
2024-06-05,99955.4647282798,0,0,0.0,0.0,0.0013800814362584417,0.001419715631087441,0.5,0.5,0.2,False
2024-06-06,99955.4647282798,0,0,0.0,0.0,0.0014899135946531109,0.0018969856250379527,0.5,0.5,0.05,False
2024-06-07,99955.4647282798,0,0,0.0,0.0,0.0014043974909288591,0.0014242251138193813,0.5,0.5,0.2,False
2024-06-10,99955.4647282798,0,0,0.0,0.0,0.001333735401392762,0.001422593734008117,0.5,0.5,0.2,False
2024-06-11,99955.4647282798,0,0,0.0,0.0,0.0011357825957743822,0.0014317210692957603,0.5,0.5,0.2,False
2024-06-12,99955.4647282798,0,0,0.0,0.0,0.0017259779913182808,0.0018918480196022328,0.5,0.5,0.05,False
2024-06-13,99955.4647282798,0,0,0.0,0.0,0.0022484827078519693,0.0018908421313452851,0.5,0.5,0.05,False
2024-06-14,99952.39709216372,-103,68,4965.990077972412,3.4500465393066406,0.0018184318388743499,0.001892556289205033,0.5,0.5,0.05,False
2024-06-17,99940.49521020916,-103,68,4969.119953155518,-7.840015411376953,0.002127297076304595,0.0018935431810312884,0.5,0.5,0.05,False
2024-06-18,99915.20069271392,-103,68,4999.650062561035,-32.93000030517578,0.0027912762949274584,0.0018926421595868688,0.5,0.5,0.05,False
2024-06-20,99913.05721285677,-103,68,5004.099967956543,-34.65984344482422,0.0027243933227975767,0.0018921520044901223,0.5,0.5,0.05,False
2024-06-21,99918.72001167528,-103,68,4991.430200576782,-28.78997230529785,0.002466956573585619,0.0018934246770596218,0.5,0.5,0.05,False
2024-06-24,99948.95127153741,-103,68,5040.820030212402,2.0602188110351562,0.0016075131946195365,0.0018922576997649954,0.5,0.5,0.05,False
2024-06-25,99938.48396438363,-103,68,5042.920078277588,-8.200016021728516,0.0018490021830310185,0.0018939899801227917,0.5,0.5,0.05,False
2024-06-26,99960.9964444543,-103,68,5007.959997177124,14.520044326782227,0.0012069410994836063,0.001429772077172429,0.5,0.5,0.2,False
2024-06-27,99957.85136757357,-103,68,5050.339988708496,11.580177307128906,0.0012776444146588484,0.0014264580816654238,0.5,0.5,0.2,False
2024-06-28,99951.8940968883,-103,68,5038.410041809082,5.829978942871094,0.0013921295853775585,0.0014275418708996595,0.5,0.5,0.2,False
2024-07-01,99946.58467869666,0,0,0.0,0.0,0.001063098012090741,0.0014286513850809246,0.5,0.5,0.2,False
2024-07-02,99946.58467869666,0,0,0.0,0.0,0.0006811936739886156,0.0014271128468756253,0.5,0.5,0.2,False
2024-07-03,99946.58467869666,0,0,0.0,0.0,0.0007478178879131236,0.0014215169754557163,0.5,0.5,0.2,False
2024-07-05,99946.58467869666,0,0,0.0,0.0,0.001323291429967554,0.001421231970096176,0.5,0.5,0.2,False
2024-07-08,99946.58467869666,0,0,0.0,0.0,0.0007820116286401124,0.0014228858249262584,0.5,0.5,0.2,False
2024-07-09,99946.58467869666,0,0,0.0,0.0,0.0009928319538691735,0.0014224614789040808,0.5,0.5,0.2,False
2024-07-10,99946.58467869666,0,0,0.0,0.0,0.0009487402423011815,0.0014173360752973707,0.5,0.5,0.2,False
2024-07-11,99946.58467869666,0,0,0.0,0.0,0.0008204169948516409,0.0014157118562946494,0.5,0.5,0.2,False
2024-07-12,99946.58467869666,0,0,0.0,0.0,0.001223559733507228,0.0014124335243150769,0.5,0.5,0.2,False
2024-07-15,99946.58467869666,0,0,0.0,0.0,0.0010125650021310946,0.0014138314172956487,0.5,0.5,0.2,False
2024-07-16,99946.58467869666,0,0,0.0,0.0,0.0005395066170166277,0.0014106094096188225,0.5,0.5,0.2,False
2024-07-17,99946.58467869666,0,0,0.0,0.0,0.0005226215495460773,0.0014143350730449994,0.5,0.5,0.2,False
2024-07-18,99946.58467869666,0,0,0.0,0.0,0.0003043085231305152,0.0014179801050659027,0.5,0.5,0.2,False
2024-07-19,99946.58467869666,0,0,0.0,0.0,7.569133549160297e-05,0.0014182549745942218,0.5,0.5,0.2,False
2024-07-22,99946.58467869666,0,0,0.0,0.0,-0.0001090849655418421,0.0014162114235277297,0.5,0.5,0.2,False
2024-07-23,99946.58467869666,0,0,0.0,0.0,-5.651374860865494e-05,0.0014186753898334176,0.5,0.5,0.2,False
2024-07-24,99946.58467869666,0,0,0.0,0.0,-0.00047857076595126286,0.001423248779954681,0.5,0.5,0.2,False
2024-07-25,99946.58467869666,0,0,0.0,0.0,-0.000636008435463718,0.0014251673094037994,0.5,0.5,0.2,False
2024-07-26,99946.58467869666,0,0,0.0,0.0,-0.00036485637540527473,0.0014204291030471983,0.5,0.5,0.2,False
2024-07-29,99946.58467869666,0,0,0.0,0.0,-0.0005465075415621179,0.0014223497810545878,0.5,0.5,0.2,False
2024-07-30,99946.58467869666,0,0,0.0,0.0,-0.00039121506450818047,0.0014199910474291958,0.5,0.5,0.2,False
2024-07-31,99946.58467869666,0,0,0.0,0.0,-0.0004166957011378334,0.0014152711452298245,0.5,0.5,0.2,False
2024-08-01,99946.58467869666,0,0,0.0,0.0,-0.0005206513876749527,0.0014229401790966326,0.5,0.5,0.2,False
2024-08-02,99946.58467869666,0,0,0.0,0.0,-0.00021648376696454936,0.0014294382666361033,0.5,0.5,0.2,False
2024-08-05,99946.58467869666,0,0,0.0,0.0,-0.000998454760539411,0.0014395698356610286,0.5,0.5,0.2,False
2024-08-06,99946.58467869666,0,0,0.0,0.0,-0.0008391840861530531,0.0014336207421813338,0.5,0.5,0.2,False
2024-08-07,99946.58467869666,0,0,0.0,0.0,-0.0008962018722305573,0.001433916821309998,0.5,0.5,0.2,False
2024-08-08,99946.58467869666,0,0,0.0,0.0,-0.0005887619279069912,0.0014276360317627725,0.5,0.5,0.2,False
2024-08-09,99946.58467869666,0,0,0.0,0.0,-0.0004323451507847485,0.0014256653967346185,0.5,0.5,0.2,False
2024-08-12,99946.58467869666,0,0,0.0,0.0,-0.0006032292893632897,0.0014249650201484854,0.5,0.5,0.2,False
2024-08-13,99946.58467869666,0,0,0.0,0.0,-0.00051161636436072,0.0014211329337951771,0.5,0.5,0.2,False
2024-08-14,99946.58467869666,0,0,0.0,0.0,-0.001120086009957116,0.0014207194998391167,0.5,0.5,0.2,False
2024-08-15,99946.58467869666,0,0,0.0,0.0,-0.0012196050551433538,0.001417598060038975,0.5,0.5,0.2,False
2024-08-16,99946.58467869666,0,0,0.0,0.0,-0.0008981838124268444,0.0014150999433788336,0.5,0.5,0.2,False
2024-08-19,99946.58467869666,0,0,0.0,0.0,-0.00033071287579441907,0.0014103477766308425,0.5,0.5,0.2,False
2024-08-20,99946.58467869666,0,0,0.0,0.0,-0.0004755163195184191,0.0014123109066181674,0.5,0.5,0.2,False
2024-08-21,99946.58467869666,0,0,0.0,0.0,-0.00016762391410567122,0.001409724972355449,0.5,0.5,0.2,False
2024-08-22,99946.58467869666,0,0,0.0,0.0,-0.000455676594897314,0.0014121587164381256,0.5,0.5,0.2,False
2024-08-23,99946.58467869666,0,0,0.0,0.0,-0.00014879684274866174,0.001404948744665717,0.5,0.5,0.2,False
2024-08-26,99946.58467869666,0,0,0.0,0.0,-0.00041600456133257454,0.001404237401741014,0.5,0.5,0.2,False
2024-08-27,99946.58467869666,0,0,0.0,0.0,-0.0004830186937960872,0.0014043358375038872,0.5,0.5,0.2,False
2024-08-28,99946.58467869666,0,0,0.0,0.0,-0.00014069968469644488,0.0014060075528963376,0.5,0.5,0.2,False
2024-08-29,99946.58467869666,0,0,0.0,0.0,0.00015486896596328493,0.0014037621836443072,0.5,0.5,0.2,False
2024-08-30,99946.58467869666,0,0,0.0,0.0,-0.000547493123683891,0.0014035506706188403,0.5,0.5,0.2,False
2024-09-03,99946.58467869666,0,0,0.0,0.0,-0.0004344898140274921,0.0014097663212214607,0.5,0.5,0.2,False
2024-09-04,99946.58467869666,0,0,0.0,0.0,-0.0006509545610901594,0.001408843276011598,0.5,0.5,0.2,False
2024-09-05,99946.58467869666,0,0,0.0,0.0,-0.0002140857430563165,0.0014089433943214038,0.5,0.5,0.2,False
2024-09-06,99946.58467869666,0,0,0.0,0.0,-0.0005910284842526784,0.0014141280154935756,0.5,0.5,0.2,False
2024-09-09,99946.58467869666,0,0,0.0,0.0,-0.00021854260073266544,0.0014084468406072312,0.5,0.5,0.2,False
2024-09-10,99946.58467869666,0,0,0.0,0.0,-0.0001791668873132224,0.0014101314389164238,0.5,0.5,0.2,False
2024-09-11,99946.58467869666,0,0,0.0,0.0,-0.0005725724537185014,0.001407159944476278,0.5,0.5,0.2,False
2024-09-12,99946.58467869666,0,0,0.0,0.0,-5.518702056062582e-05,0.0014032839525388251,0.5,0.5,0.2,False
2024-09-13,99946.58467869666,0,0,0.0,0.0,-0.0004980676162506266,0.0014028321753421177,0.5,0.5,0.2,False
2024-09-16,99946.58467869666,0,0,0.0,0.0,4.332577963824699e-05,0.001400979572989743,0.5,0.5,0.2,False
2024-09-17,99946.58467869666,0,0,0.0,0.0,-0.00013918897908842562,0.0014008233772144333,0.5,0.5,0.2,False
2024-09-18,99946.58467869666,0,0,0.0,0.0,3.280582320203653e-05,0.0014032716275898152,0.5,0.5,0.2,False
2024-09-19,99946.58467869666,0,0,0.0,0.0,0.0006209752603533623,0.0013961480848849498,0.5,0.5,0.2,False
2024-09-20,99946.58467869666,0,0,0.0,0.0,-8.84823170138709e-05,0.001397633063756839,0.5,0.5,0.2,False
2024-09-23,99946.58467869666,0,0,0.0,0.0,-0.00012880459916694265,0.001395229785794341,0.5,0.5,0.2,False
2024-09-24,99946.58467869666,0,0,0.0,0.0,-5.8333058474807785e-05,0.0013930981722076086,0.5,0.5,0.2,False
2024-09-25,99946.58467869666,0,0,0.0,0.0,-0.0007558501767428659,0.001396999423568317,0.5,0.5,0.2,False
2024-09-26,99946.58467869666,0,0,0.0,0.0,0.00016541161467156017,0.0013937481882794732,0.5,0.5,0.2,False
2024-09-27,99946.58467869666,0,0,0.0,0.0,0.0006752860679698703,0.0013927152574370635,0.5,0.5,0.2,False
2024-09-30,99946.58467869666,0,0,0.0,0.0,0.0006863444496066753,0.0013928145482080144,0.5,0.5,0.2,False
2024-10-01,99946.58467869666,0,0,0.0,0.0,-1.0659951280733179e-05,0.0013937115741506547,0.5,0.5,0.2,False
2024-10-02,99946.58467869666,0,0,0.0,0.0,2.1326744533625255e-05,0.0013934516481177717,0.5,0.5,0.2,False
2024-10-03,99946.58467869666,0,0,0.0,0.0,-0.00040907636637219346,0.0013958878804228747,0.5,0.5,0.2,False
2024-10-04,99946.58467869666,0,0,0.0,0.0,-0.0013166908996263872,0.0013960081748951786,0.5,0.5,0.2,False
2024-10-07,99946.58467869666,0,0,0.0,0.0,-0.001108276622595885,0.0013975462987667734,0.5,0.5,0.2,False
2024-10-08,99946.58467869666,0,0,0.0,0.0,-0.0008064970887184742,0.0013982435707421668,0.5,0.5,0.2,False
2024-10-09,99946.58467869666,0,0,0.0,0.0,-0.001379602725928822,0.0013984684930554519,0.5,0.5,0.2,False
2024-10-10,99946.58467869666,0,0,0.0,0.0,-0.0011623790412563144,0.0013983393219891473,0.5,0.5,0.2,False
2024-10-11,99946.58467869666,0,0,0.0,0.0,-0.0010213359415189905,0.0013962141083812935,0.5,0.5,0.2,False
2024-10-14,99946.58467869666,0,0,0.0,0.0,-0.0009523424327557572,0.0013964917883431372,0.5,0.5,0.2,False
2024-10-15,99946.58467869666,0,0,0.0,0.0,-0.0011661517400083283,0.001396532352919254,0.5,0.5,0.2,False
2024-10-16,99946.58467869666,0,0,0.0,0.0,-0.0016080522255838274,0.00189213836330785,0.5,0.5,0.05,False
2024-10-17,99946.58467869666,0,0,0.0,0.0,-0.0016151777916277412,0.0018921208588787615,0.5,0.5,0.05,False
2024-10-18,99946.58467869666,0,0,0.0,0.0,-0.0016066449407984838,0.0018890804406550474,0.5,0.5,0.05,False
2024-10-21,99946.58467869666,0,0,0.0,0.0,-0.002075640190477002,0.00189151372517559,0.5,0.5,0.05,False
2024-10-22,99943.5205213124,95,-59,4950.6799240112305,15.919960021973111,-0.0023138972201712945,0.001893389632566237,0.5,0.5,0.05,False
2024-10-23,99932.51775042353,95,-59,4904.480041503906,5.119987487792969,-0.0025417994284406727,0.001893461938562747,0.5,0.5,0.05,False
2024-10-24,99951.28647865227,95,-59,4914.009897232056,24.090059280395508,-0.0018905492591939678,0.001889374467087156,0.5,0.5,0.05,False
2024-10-25,99948.60555973988,95,-59,4878.490077972412,21.610095977783203,-0.0018808949048525487,0.0018955304731744927,0.5,0.5,0.05,False
2024-10-28,99942.52661609466,95,-59,4904.869981765747,16.129945755004883,-0.0019885582681180448,0.0018919277806850674,0.5,0.5,0.05,False
2024-10-29,99934.6656709755,95,-59,4878.329961776733,8.469907760620117,-0.0021152135559354443,0.0018897292912531795,0.5,0.5,0.05,False
2024-10-30,99923.52565173992,95,-59,4862.669965744019,-2.469980239868164,-0.002325658009694942,0.0018937999243750963,0.5,0.5,0.05,False
2024-10-31,99936.87566794256,95,-59,4805.420099258423,11.079973220825195,-0.0018440428004212655,0.0018927644746283357,0.5,0.5,0.05,False
2024-11-01,99943.81884755679,95,-59,4817.2799644470215,18.22018051147461,-0.0011385618862201725,0.0014065798477028264,0.5,0.5,0.2,False
2024-11-04,99932.50686862603,95,-59,4833.700046539307,7.499866485595703,-0.0013094875199944173,0.0014057658262954162,0.5,0.5,0.2,False
2024-11-05,99939.16540133762,0,0,0.0,0.0,-0.00109612043098751,0.001401168424877605,0.5,0.5,0.2,False
2024-11-06,99939.16540133762,0,0,0.0,0.0,-0.0015778971494876807,0.0018894737656444986,0.5,0.5,0.05,False
2024-11-07,99939.16540133762,0,0,0.0,0.0,-0.000849717285227164,0.0013953974874378484,0.5,0.5,0.2,False
2024-11-08,99939.16540133762,0,0,0.0,0.0,-0.0012116024090604014,0.0013995457877064813,0.5,0.5,0.2,False
2024-11-11,99939.16540133762,0,0,0.0,0.0,-0.0013777143128861392,0.00139925153493567,0.5,0.5,0.2,False
2024-11-12,99939.16540133762,0,0,0.0,0.0,-0.002440377563763839,0.0018955196549310586,0.5,0.5,0.05,False
2024-11-13,99936.09866754146,97,-59,4960.729986190796,-11.789941787719727,-0.0021522900171578917,0.0018954299195200405,0.5,0.5,0.05,False
2024-11-14,99944.28409935934,97,-59,4962.040056228638,-3.4001598358154297,-0.0018928629535607839,0.0018941048659543702,0.5,0.5,0.05,False
2024-11-15,99966.29009838466,97,-59,4941.770042419434,18.809898376464844,-0.0014384716605068178,0.0018944580438005516,0.5,0.5,0.05,False
2024-11-18,99981.34333913846,97,-59,4994.009935379028,34.47007942199707,-0.0011550847404869617,0.0013988686780291564,0.5,0.5,0.2,False
2024-11-19,99987.72945582744,97,-59,5030.099868774414,41.06001281738327,-0.00102359601985914,0.0013968545467465592,0.5,0.5,0.2,False
2024-11-20,99976.13442358792,97,-59,5010.449901580811,29.67000961303711,-0.001155434819533363,0.0013980133391214337,0.5,0.5,0.2,False
2024-11-21,99958.07978321292,97,-59,5078.739896774292,11.820058822631836,-0.0014075861894979746,0.0018899111489614287,0.5,0.5,0.05,False
2024-11-22,99963.86139318437,97,-59,5088.270042419434,17.809898376464844,-0.0012627220110922781,0.0013936814201704435,0.5,0.5,0.2,False
2024-11-25,99967.95637599337,97,-59,5083.549934387207,22.530006408691406,-0.0011416257062951056,0.0013946103311503946,0.5,0.5,0.2,False
2024-11-26,99950.90840588658,97,-59,5032.48984336853,5.690023422241211,-0.0013329551085288903,0.001397315830495455,0.5,0.5,0.2,False
2024-11-27,99961.200662096,0,0,0.0,0.0,-0.0010941153840791989,0.0013948794836257166,0.5,0.5,0.2,False
2024-11-29,99961.200662096,0,0,0.0,0.0,-0.0011741650029285778,0.001392326278079877,0.5,0.5,0.2,False
2024-12-02,99961.200662096,0,0,0.0,0.0,-0.000552486382516912,0.0013922196670551536,0.5,0.5,0.2,False
2024-12-03,99961.200662096,0,0,0.0,0.0,-0.0005362808095446497,0.0013935846056054618,0.5,0.5,0.2,False
2024-12-04,99961.200662096,0,0,0.0,0.0,-0.0006114253658857811,0.0013948362266499208,0.5,0.5,0.2,False
2024-12-05,99961.200662096,0,0,0.0,0.0,-0.0007611782682296309,0.0013935956745707678,0.5,0.5,0.2,False
2024-12-06,99961.200662096,0,0,0.0,0.0,-0.0008270366218134705,0.0013992556554118794,0.5,0.5,0.2,False
2024-12-09,99961.200662096,0,0,0.0,0.0,-0.0004926967929920248,0.0013967936346469972,0.5,0.5,0.2,False
2024-12-10,99961.200662096,0,0,0.0,0.0,-0.0007134383395100127,0.001401096114990177,0.5,0.5,0.2,False
2024-12-11,99961.200662096,0,0,0.0,0.0,-0.0007599300113622867,0.001398602929851812,0.5,0.5,0.2,False
2024-12-12,99961.200662096,0,0,0.0,0.0,-0.0007681018051715375,0.0014048703496337353,0.5,0.5,0.2,False
2024-12-13,99961.200662096,0,0,0.0,0.0,-0.0007467123100413209,0.0014047890552317248,0.5,0.5,0.2,False
2024-12-16,99961.200662096,0,0,0.0,0.0,-0.0005896839070842485,0.001406122221619645,0.5,0.5,0.2,False
2024-12-17,99961.200662096,0,0,0.0,0.0,-0.00040766781157594524,0.0014101891879019187,0.5,0.5,0.2,False
2024-12-18,99961.200662096,0,0,0.0,0.0,-0.0004652476032515816,0.0014211320856859925,0.5,0.5,0.2,False
2024-12-19,99961.200662096,0,0,0.0,0.0,-0.0004625025232777262,0.0014236185890984397,0.5,0.5,0.2,False
2024-12-20,99961.200662096,0,0,0.0,0.0,-0.000624850195723421,0.00142307674918301,0.5,0.5,0.2,False
2024-12-23,99961.200662096,0,0,0.0,0.0,-0.0004588821021868872,0.0014189538775407414,0.5,0.5,0.2,False
2024-12-24,99961.200662096,0,0,0.0,0.0,-0.0005108828620660947,0.0014176964736866496,0.5,0.5,0.2,False
2024-12-26,99961.200662096,0,0,0.0,0.0,-0.0003853663229229713,0.0014164880827885252,0.5,0.5,0.2,False
2024-12-27,99961.200662096,0,0,0.0,0.0,-0.0004721724808805503,0.0014193669421376839,0.5,0.5,0.2,False
2024-12-30,99961.200662096,0,0,0.0,0.0,-0.000462127069317578,0.0014204721303364327,0.5,0.5,0.2,False
2024-12-31,99961.200662096,0,0,0.0,0.0,-0.0006313016057641451,0.0014217587762820943,0.5,0.5,0.2,False
2025-01-02,99961.200662096,0,0,0.0,0.0,-0.0005013890497767658,0.0014197666742358408,0.5,0.5,0.2,False
2025-01-03,99961.200662096,0,0,0.0,0.0,-0.0003926878881283483,0.001417057024515601,0.5,0.5,0.2,False
2025-01-06,99961.200662096,0,0,0.0,0.0,-0.0003876048454228794,0.0014150922030833361,0.5,0.5,0.2,False
2025-01-07,99961.200662096,0,0,0.0,0.0,-0.0003455019469083838,0.0014173048662187505,0.5,0.5,0.2,False
2025-01-08,99961.200662096,0,0,0.0,0.0,-0.00032864790044202693,0.0014155793925674362,0.5,0.5,0.2,False
2025-01-10,99961.200662096,0,0,0.0,0.0,-0.0003594516266666594,0.0014221400330918302,0.5,0.5,0.2,False
2025-01-13,99961.200662096,0,0,0.0,0.0,-0.00021816575983425477,0.001421788247826272,0.5,0.5,0.2,False
2025-01-14,99961.200662096,0,0,0.0,0.0,-0.0002354635294009248,0.0014208733024412205,0.5,0.5,0.2,False
2025-01-15,99961.200662096,0,0,0.0,0.0,-0.00015017128758000053,0.0014157382118711688,0.5,0.5,0.2,False
2025-01-16,99961.200662096,0,0,0.0,0.0,-0.00011428967085655713,0.0014169458387456176,0.5,0.5,0.2,False
2025-01-17,99961.200662096,0,0,0.0,0.0,-0.0002284855162574675,0.0014167761322242064,0.5,0.5,0.2,False
2025-01-21,99961.200662096,0,0,0.0,0.0,-0.00011743323959291494,0.0014099342964891555,0.5,0.5,0.2,False
2025-01-22,99961.200662096,0,0,0.0,0.0,-9.627592115197083e-05,0.0014115024719036945,0.5,0.5,0.2,False
2025-01-23,99961.200662096,0,0,0.0,0.0,-0.00022828024851739536,0.0014106203770041903,0.5,0.5,0.2,False
2025-01-24,99961.200662096,0,0,0.0,0.0,-0.00018886753023320682,0.0014085095274714078,0.5,0.5,0.2,False
2025-01-27,99961.200662096,0,0,0.0,0.0,-5.5261753763592475e-05,0.001409118448460804,0.5,0.5,0.2,False
2025-01-28,99961.200662096,0,0,0.0,0.0,-0.00012427497516863365,0.0014094648502275652,0.5,0.5,0.2,False
2025-01-29,99961.200662096,0,0,0.0,0.0,-0.00027900002148202526,0.0014103442079254718,0.5,0.5,0.2,False
2025-01-30,99961.200662096,0,0,0.0,0.0,-0.00017016017008483604,0.0014077660993897882,0.5,0.5,0.2,False
2025-01-31,99961.200662096,0,0,0.0,0.0,-0.0001546390775376071,0.001411530617718371,0.5,0.5,0.2,False
2025-02-03,99961.200662096,0,0,0.0,0.0,0.0,0.0014146459096047387,0.5,0.5,0.2,False
2025-02-04,99961.200662096,0,0,0.0,0.0,0.0,0.001409500551395625,0.5,0.5,0.2,False
2025-02-05,99961.200662096,0,0,0.0,0.0,0.0,0.0014071528838553473,0.5,0.5,0.2,False
2025-02-06,99961.200662096,0,0,0.0,0.0,0.0,0.001406510395195323,0.5,0.5,0.2,False
2025-02-07,99961.200662096,0,0,0.0,0.0,0.0,0.0014088373728555076,0.5,0.5,0.2,False
2025-02-10,99961.200662096,0,0,0.0,0.0,0.0,0.0014050240257572832,0.5,0.5,0.2,False
2025-02-11,99961.200662096,0,0,0.0,0.0,0.0,0.001405475771481917,0.5,0.5,0.2,False
2025-02-12,99961.200662096,0,0,0.0,0.0,0.0,0.0014048912824477678,0.5,0.5,0.2,False
2025-02-13,99961.200662096,0,0,0.0,0.0,0.0,0.001400285656807973,0.5,0.5,0.2,False
2025-02-14,99961.200662096,0,0,0.0,0.0,0.0,0.0014027029968499021,0.5,0.5,0.2,False
2025-02-18,99961.200662096,0,0,0.0,0.0,0.0,0.0014015602390367251,0.5,0.5,0.2,False
2025-02-19,99961.200662096,0,0,0.0,0.0,0.0,0.0014049013605609696,0.5,0.5,0.2,False
2025-02-20,99961.200662096,0,0,0.0,0.0,0.0,0.0014046110625585526,0.5,0.5,0.2,False
2025-02-21,99961.200662096,0,0,0.0,0.0,0.0,0.0014109662593702495,0.5,0.5,0.2,False
2025-02-24,99961.200662096,0,0,0.0,0.0,0.0,0.0014112959255451717,0.5,0.5,0.2,False
2025-02-25,99961.200662096,0,0,0.0,0.0,0.0,0.001411556142812046,0.5,0.5,0.2,False
2025-02-26,99961.200662096,0,0,0.0,0.0,0.0,0.0014124771009577945,0.5,0.5,0.2,False
2025-02-27,99961.200662096,0,0,0.0,0.0,0.0,0.0014180097733820925,0.5,0.5,0.2,False
2025-02-28,99961.200662096,0,0,0.0,0.0,0.0,0.0014171630394106207,0.5,0.5,0.2,False
2025-03-03,99961.200662096,0,0,0.0,0.0,0.0,0.0014200264948280195,0.5,0.5,0.2,False
2025-03-04,99961.200662096,0,0,0.0,0.0,0.0,0.0014225067945192425,0.5,0.5,0.2,False
2025-03-05,99961.200662096,0,0,0.0,0.0,0.0,0.0014149884462262387,0.5,0.5,0.2,False
2025-03-06,99961.200662096,0,0,0.0,0.0,0.0,0.0014189474725666796,0.5,0.5,0.2,False
2025-03-07,99961.200662096,0,0,0.0,0.0,0.0,0.0014206633165494604,0.5,0.5,0.2,False
2025-03-10,99961.200662096,0,0,0.0,0.0,0.0,0.0014265421065714826,0.5,0.5,0.2,False
2025-03-11,99961.200662096,0,0,0.0,0.0,0.0,0.001428802309210928,0.5,0.5,0.2,False
2025-03-12,99961.200662096,0,0,0.0,0.0,0.0,0.0014270608161347168,0.5,0.5,0.2,False
2025-03-13,99961.200662096,0,0,0.0,0.0,0.0,0.0014317221578758227,0.5,0.5,0.2,False
2025-03-14,99961.200662096,0,0,0.0,0.0,0.0,0.001424954263400619,0.5,0.5,0.2,False
2025-03-17,99961.200662096,0,0,0.0,0.0,0.0,0.0014196360404791642,0.5,0.5,0.2,False
2025-03-18,99961.200662096,0,0,0.0,0.0,0.0,0.0014239544862268596,0.5,0.5,0.2,False
2025-03-19,99961.200662096,0,0,0.0,0.0,0.0,0.001420567347432531,0.5,0.5,0.2,False
2025-03-20,99961.200662096,0,0,0.0,0.0,0.0,0.001421708224036237,0.5,0.5,0.2,False
2025-03-21,99961.200662096,0,0,0.0,0.0,0.0,0.0014230616987867535,0.5,0.5,0.2,False
2025-03-24,99961.200662096,0,0,0.0,0.0,0.0,0.0014185225203038215,0.5,0.5,0.2,False
2025-03-25,99961.200662096,0,0,0.0,0.0,0.0,0.0014171863279638331,0.5,0.5,0.2,False
2025-03-26,99961.200662096,0,0,0.0,0.0,0.0,0.001418981738874544,0.5,0.5,0.2,False
2025-03-27,99961.200662096,0,0,0.0,0.0,0.0,0.0014194862198610401,0.5,0.5,0.2,False
2025-03-28,99961.200662096,0,0,0.0,0.0,0.0,0.001423971584155308,0.5,0.5,0.2,False
2025-03-31,99961.200662096,0,0,0.0,0.0,0.0,0.0014234962230548296,0.5,0.5,0.2,False
2025-04-01,99961.200662096,0,0,0.0,0.0,0.0,0.0014203421959280555,0.5,0.5,0.2,False
2025-04-02,99961.200662096,0,0,0.0,0.0,0.0,0.0014169222238324052,0.5,0.5,0.2,False
2025-04-03,99961.200662096,0,0,0.0,0.0,0.0,0.001426197589063866,0.5,0.5,0.2,False
2025-04-04,99961.200662096,0,0,0.0,0.0,0.0,0.001454220216259602,0.5,0.5,0.2,False
2025-04-07,99961.200662096,0,0,0.0,0.0,0.0,0.0014593607554404377,0.5,0.5,0.2,False
2025-04-08,99961.200662096,0,0,0.0,0.0,0.0,0.0014613189025024047,0.5,0.5,0.2,False
2025-04-09,99961.200662096,0,0,0.0,0.0,0.0,0.0014324348944491855,0.5,0.5,0.2,False
2025-04-10,99961.200662096,0,0,0.0,0.0,0.0,0.001440439353546246,0.5,0.5,0.2,False
2025-04-11,99961.200662096,0,0,0.0,0.0,0.0,0.0014317238895377087,0.5,0.5,0.2,False
2025-04-14,99961.200662096,0,0,0.0,0.0,0.0,0.0014257811930154952,0.5,0.5,0.2,False
2025-04-15,99961.200662096,0,0,0.0,0.0,0.0,0.0014248173860898741,0.5,0.5,0.2,False
2025-04-16,99961.200662096,0,0,0.0,0.0,0.0,0.001423076850501615,0.5,0.5,0.2,False
2025-04-17,99961.200662096,0,0,0.0,0.0,0.0,0.001420971070650409,0.5,0.5,0.2,False
2025-04-21,99961.200662096,0,0,0.0,0.0,0.0,0.0014233947727173948,0.5,0.5,0.2,False
2025-04-22,99961.200662096,0,0,0.0,0.0,0.0,0.0014165516160377506,0.5,0.5,0.2,False
2025-04-23,99961.200662096,0,0,0.0,0.0,0.0,0.0014157432305065317,0.5,0.5,0.2,False
2025-04-24,99961.200662096,0,0,0.0,0.0,0.0,0.0014101994541896976,0.5,0.5,0.2,False
2025-04-25,99961.200662096,0,0,0.0,0.0,0.0,0.001410119845805651,0.5,0.5,0.2,False
2025-04-28,99961.200662096,0,0,0.0,0.0,0.0,0.0014088068554407418,0.5,0.5,0.2,False
2025-04-29,99961.200662096,0,0,0.0,0.0,0.0,0.0014085249546633095,0.5,0.5,0.2,False
2025-04-30,99961.200662096,0,0,0.0,0.0,0.0,0.0014075477936634259,0.5,0.5,0.2,False
2025-05-01,99961.200662096,0,0,0.0,0.0,0.00016949547277248978,0.0014084783648334249,0.5,0.5,0.2,False
2025-05-02,99961.200662096,0,0,0.0,0.0,0.000334222554777664,0.0014014434709096301,0.5,0.5,0.2,False
2025-05-05,99961.200662096,0,0,0.0,0.0,0.00022748047570573165,0.0014053226308587672,0.5,0.5,0.2,False
2025-05-06,99961.200662096,0,0,0.0,0.0,0.00022723102356253565,0.0014051348987758456,0.5,0.5,0.2,False
2025-05-07,99961.200662096,0,0,0.0,0.0,0.00012316003869954303,0.001404531923978467,0.5,0.5,0.2,False
2025-05-08,99961.200662096,0,0,0.0,0.0,0.00012123555131778098,0.0014059563855315731,0.5,0.5,0.2,False
2025-05-09,99961.200662096,0,0,0.0,0.0,0.000194379739976175,0.0014039526504924572,0.5,0.5,0.2,False
2025-05-12,99961.200662096,0,0,0.0,0.0,0.00020929179452737357,0.001401304778226834,0.5,0.5,0.2,False
2025-05-13,99961.200662096,0,0,0.0,0.0,0.00023043263735375883,0.0013997353613352116,0.5,0.5,0.2,False
2025-05-14,99961.200662096,0,0,0.0,0.0,0.00010271059670069052,0.0014012642735313245,0.5,0.5,0.2,False
2025-05-15,99961.200662096,0,0,0.0,0.0,0.00017641072287954412,0.0013971880602464308,0.5,0.5,0.2,False
2025-05-16,99961.200662096,0,0,0.0,0.0,0.00012724919262113688,0.0013985515608390111,0.5,0.5,0.2,False
2025-05-19,99961.200662096,0,0,0.0,0.0,0.00015853805748384148,0.001397622183855865,0.5,0.5,0.2,False
2025-05-20,99961.200662096,0,0,0.0,0.0,0.00012356891699284977,0.0013960900823216885,0.5,0.5,0.2,False
2025-05-21,99961.200662096,0,0,0.0,0.0,9.508458434847437e-05,0.0013985346322641246,0.5,0.5,0.2,False
2025-05-22,99961.200662096,0,0,0.0,0.0,8.33639326462048e-05,0.001397874190800132,0.5,0.5,0.2,False
2025-05-23,99961.200662096,0,0,0.0,0.0,7.798949817593677e-05,0.0013958418831275688,0.5,0.5,0.2,False
2025-05-27,99961.200662096,0,0,0.0,0.0,8.000790630468918e-05,0.0013920311941389672,0.5,0.5,0.2,False
2025-05-28,99961.200662096,0,0,0.0,0.0,-3.414837376112102e-05,0.0013945009037698618,0.5,0.5,0.2,False
2025-05-29,99961.200662096,0,0,0.0,0.0,2.0742032345990497e-06,0.0013937543638437046,0.5,0.5,0.2,False
2025-05-30,99961.200662096,0,0,0.0,0.0,3.549744532849602e-05,0.0013927399618437603,0.5,0.5,0.2,False
2025-06-02,99961.200662096,0,0,0.0,0.0,0.0,0.0013887942513820418,0.5,0.5,0.2,False
2025-06-03,99961.200662096,0,0,0.0,0.0,0.0,0.0013893146023168184,0.5,0.5,0.2,False
2025-06-04,99961.200662096,0,0,0.0,0.0,0.0,0.0013872308553643982,0.5,0.5,0.2,False
2025-06-05,99961.200662096,0,0,0.0,0.0,0.0,0.0013869616638728277,0.5,0.5,0.2,False
2025-06-06,99961.200662096,0,0,0.0,0.0,0.0,0.001387056150887703,0.5,0.5,0.2,False
2025-06-09,99961.200662096,0,0,0.0,0.0,0.0,0.0013861957097618316,0.5,0.5,0.2,False
2025-06-10,99961.200662096,0,0,0.0,0.0,0.0,0.001384936460252969,0.5,0.5,0.2,False
2025-06-11,99961.200662096,0,0,0.0,0.0,0.0,0.0013843955216789846,0.5,0.5,0.2,False
2025-06-12,99961.200662096,0,0,0.0,0.0,0.0,0.001383685856044037,0.5,0.5,0.2,False
2025-06-13,99961.200662096,0,0,0.0,0.0,0.0,0.0013859249454060548,0.5,0.5,0.2,False
2025-06-16,99961.200662096,0,0,0.0,0.0,0.0,0.0013879606663161725,0.5,0.5,0.2,False
2025-06-17,99961.200662096,0,0,0.0,0.0,0.0,0.0013910097833798644,0.5,0.5,0.2,False
2025-06-18,99961.200662096,0,0,0.0,0.0,0.0,0.0013908767410948475,0.5,0.5,0.2,False
2025-06-20,99961.200662096,0,0,0.0,0.0,0.0,0.0013934351271051397,0.5,0.5,0.2,False
2025-06-23,99961.200662096,0,0,0.0,0.0,0.0,0.0013914761975356033,0.5,0.5,0.2,False
2025-06-24,99961.200662096,0,0,0.0,0.0,0.0,0.0013894665144148772,0.5,0.5,0.2,False
2025-06-25,99961.200662096,0,0,0.0,0.0,0.0,0.0013892224464136177,0.5,0.5,0.2,False
2025-06-26,99961.200662096,0,0,0.0,0.0,0.0,0.0013848490094457604,0.5,0.5,0.2,False
2025-06-27,99961.200662096,0,0,0.0,0.0,0.0,0.0013885746663336164,0.5,0.5,0.2,False
2025-06-30,99961.200662096,0,0,0.0,0.0,0.0,0.0013858420804051144,0.5,0.5,0.2,False
2025-07-01,99961.200662096,0,0,0.0,0.0,0.00010276787967378014,0.0013858918768323394,0.5,0.5,0.2,False
2025-07-02,99961.200662096,0,0,0.0,0.0,0.00015891173962217337,0.0013845200797108026,0.5,0.5,0.2,False
2025-07-03,99961.200662096,0,0,0.0,0.0,3.366611166923629e-05,0.0013833276086192207,0.5,0.5,0.2,False
2025-07-07,99961.200662096,0,0,0.0,0.0,-6.710587046437701e-05,0.0013882205883815914,0.5,0.5,0.2,False
2025-07-08,99961.200662096,0,0,0.0,0.0,6.972464622004105e-05,0.001387636619826314,0.5,0.5,0.2,False
2025-07-09,99961.200662096,0,0,0.0,0.0,8.589609091441713e-05,0.0013867365347768731,0.5,0.5,0.2,False
2025-07-10,99961.200662096,0,0,0.0,0.0,0.00017657406708164333,0.001383969574101892,0.5,0.5,0.2,False
2025-07-11,99961.200662096,0,0,0.0,0.0,0.000149278123703522,0.0013865809019181264,0.5,0.5,0.2,False
2025-07-14,99961.200662096,0,0,0.0,0.0,7.837322017547006e-05,0.0013843257344676558,0.5,0.5,0.2,False
2025-07-15,99961.200662096,0,0,0.0,0.0,3.92716671444602e-05,0.0013877091129709143,0.5,0.5,0.2,False
2025-07-16,99961.200662096,0,0,0.0,0.0,-1.8437612950432018e-05,0.0013864071385085606,0.5,0.5,0.2,False
2025-07-17,99961.200662096,0,0,0.0,0.0,-3.555550684441279e-05,0.001385110634374561,0.5,0.5,0.2,False
2025-07-18,99961.200662096,0,0,0.0,0.0,8.756254453851726e-05,0.0013839408618555949,0.5,0.5,0.2,False
2025-07-21,99961.200662096,0,0,0.0,0.0,1.8366063927951793e-05,0.001384123816257766,0.5,0.5,0.2,False
2025-07-22,99961.200662096,0,0,0.0,0.0,4.9695084585510335e-06,0.0013820274397363908,0.5,0.5,0.2,False
2025-07-23,99961.200662096,0,0,0.0,0.0,0.00012001161235735227,0.0013808568420491008,0.5,0.5,0.2,False
2025-07-24,99961.200662096,0,0,0.0,0.0,6.168957169307378e-05,0.0013834465935223714,0.5,0.5,0.2,False
2025-07-25,99961.200662096,0,0,0.0,0.0,6.0313124020624035e-06,0.0013833410283175878,0.5,0.5,0.2,False
2025-07-28,99961.200662096,0,0,0.0,0.0,-3.3247678782589844e-05,0.0013841421492338643,0.5,0.5,0.2,False
2025-07-29,99961.200662096,0,0,0.0,0.0,2.7839331008927335e-05,0.001385041051806072,0.5,0.5,0.2,False
2025-07-30,99961.200662096,0,0,0.0,0.0,4.16174395586862e-05,0.0013871972058847393,0.5,0.5,0.2,False
2025-07-31,99961.200662096,0,0,0.0,0.0,3.9602028102193544e-05,0.0013885899404362985,0.5,0.5,0.2,False
2025-08-01,99961.200662096,0,0,0.0,0.0,0.0,0.0013888543577531677,0.5,0.5,0.2,False
2025-08-04,99961.200662096,0,0,0.0,0.0,0.0,0.0013846088024221182,0.5,0.5,0.2,False
2025-08-05,99961.200662096,0,0,0.0,0.0,0.0,0.001383775280440763,0.5,0.5,0.2,False
2025-08-06,99961.200662096,0,0,0.0,0.0,0.0,0.0013799733449529278,0.5,0.5,0.2,False
2025-08-07,99961.200662096,0,0,0.0,0.0,0.0,0.0013815189606688398,0.5,0.5,0.2,False
2025-08-08,99961.200662096,0,0,0.0,0.0,0.0,0.0013809830829092963,0.5,0.5,0.2,False
2025-08-11,99961.200662096,0,0,0.0,0.0,0.0,0.0013803950977638502,0.5,0.5,0.2,False
2025-08-12,99961.200662096,0,0,0.0,0.0,0.0,0.001378290174814987,0.5,0.5,0.2,False
2025-08-13,99961.200662096,0,0,0.0,0.0,0.0,0.0013775160880473,0.5,0.5,0.2,False
2025-08-14,99961.200662096,0,0,0.0,0.0,0.0,0.0013805252929010197,0.5,0.5,0.2,False
2025-08-15,99961.200662096,0,0,0.0,0.0,0.0,0.0013794718175034054,0.5,0.5,0.2,False
2025-08-18,99961.200662096,0,0,0.0,0.0,0.0,0.0013796039306097725,0.5,0.5,0.2,False
2025-08-19,99961.200662096,0,0,0.0,0.0,0.0,0.001381390467613415,0.5,0.5,0.2,False
2025-08-20,99961.200662096,0,0,0.0,0.0,0.0,0.001380978597173267,0.5,0.5,0.2,False
2025-08-21,99961.200662096,0,0,0.0,0.0,0.0,0.0013789797768124605,0.5,0.5,0.2,False
2025-08-22,99961.200662096,0,0,0.0,0.0,0.0,0.001375433541170177,0.5,0.5,0.2,False
2025-08-25,99961.200662096,0,0,0.0,0.0,0.0,0.0013791820905204033,0.5,0.5,0.2,False
2025-08-26,99961.200662096,0,0,0.0,0.0,0.0,0.0013773159692131662,0.5,0.5,0.2,False
2025-08-27,99961.200662096,0,0,0.0,0.0,0.0,0.0013753454807790592,0.5,0.5,0.2,False
2025-08-28,99961.200662096,0,0,0.0,0.0,0.0,0.0013756759477260329,0.5,0.5,0.2,False
2025-08-29,99961.200662096,0,0,0.0,0.0,0.0,0.001373516953006555,0.5,0.5,0.2,False
2025-09-02,99961.200662096,0,0,0.0,0.0,0.0,0.0013765145851013145,0.5,0.5,0.2,False
2025-09-03,99961.200662096,0,0,0.0,0.0,0.0,0.0013776581402711546,0.5,0.5,0.2,False
2025-09-04,99961.200662096,0,0,0.0,0.0,0.0,0.00137495392387984,0.5,0.5,0.2,False
2025-09-05,99961.200662096,0,0,0.0,0.0,0.0,0.0013746154104795885,0.5,0.5,0.2,False
2025-09-08,99961.200662096,0,0,0.0,0.0,0.0,0.0013732361688833267,0.5,0.5,0.2,False
2025-09-09,99961.200662096,0,0,0.0,0.0,0.0,0.0013742785380167757,0.5,0.5,0.2,False
2025-09-10,99961.200662096,0,0,0.0,0.0,0.0,0.001373324622621752,0.5,0.5,0.2,False
2025-09-11,99961.200662096,0,0,0.0,0.0,0.0,0.0013703044976464463,0.5,0.5,0.2,False
2025-09-12,99961.200662096,0,0,0.0,0.0,0.0,0.001371887375661624,0.5,0.5,0.2,False
2025-09-15,99961.200662096,0,0,0.0,0.0,0.0,0.0013690035739469925,0.5,0.5,0.2,False
2025-09-16,99961.200662096,0,0,0.0,0.0,0.0,0.0013696906264691728,0.5,0.5,0.2,False
2025-09-17,99961.200662096,0,0,0.0,0.0,0.0,0.0013720474888796292,0.5,0.5,0.2,False
2025-09-18,99961.200662096,0,0,0.0,0.0,0.0,0.001373894803005874,0.5,0.5,0.2,False
2025-09-19,99961.200662096,0,0,0.0,0.0,0.0,0.0013740433068525275,0.5,0.5,0.2,False
2025-09-22,99961.200662096,0,0,0.0,0.0,0.0,0.00137312038686499,0.5,0.5,0.2,False
2025-09-23,99961.200662096,0,0,0.0,0.0,0.0,0.0013728914000234434,0.5,0.5,0.2,False
2025-09-24,99961.200662096,0,0,0.0,0.0,0.0,0.0013760503266482089,0.5,0.5,0.2,False
2025-09-25,99961.200662096,0,0,0.0,0.0,0.0,0.0013762803625093222,0.5,0.5,0.2,False
2025-09-26,99961.200662096,0,0,0.0,0.0,0.0,0.0013748833978076093,0.5,0.5,0.2,False
2025-09-29,99961.200662096,0,0,0.0,0.0,0.0,0.0013731889673253015,0.5,0.5,0.2,False
2025-09-30,99961.200662096,0,0,0.0,0.0,0.0,0.0013722289198219242,0.5,0.5,0.2,False
2025-10-01,99961.200662096,0,0,0.0,0.0,0.0,0.0013712435522952877,0.5,0.5,0.2,False
2025-10-02,99961.200662096,0,0,0.0,0.0,0.0,0.001371577750198907,0.5,0.5,0.2,False
2025-10-03,99961.200662096,0,0,0.0,0.0,0.0,0.0013701081574662877,0.5,0.5,0.2,False
2025-10-06,99961.200662096,0,0,0.0,0.0,0.0,0.001369776332973497,0.5,0.5,0.2,False
2025-10-07,99961.200662096,0,0,0.0,0.0,0.0,0.0013718278390655017,0.5,0.5,0.2,False
2025-10-08,99961.200662096,0,0,0.0,0.0,0.0,0.001370825928442456,0.5,0.5,0.2,False
2025-10-09,99961.200662096,0,0,0.0,0.0,0.0,0.001372783341399768,0.5,0.5,0.2,False
2025-10-10,99961.200662096,0,0,0.0,0.0,0.0,0.0013762866901705206,0.5,0.5,0.2,False
2025-10-13,99961.200662096,0,0,0.0,0.0,0.0,0.001375288105702305,0.5,0.5,0.2,False
2025-10-14,99961.200662096,0,0,0.0,0.0,0.0,0.0013743596933178549,0.5,0.5,0.2,False
2025-10-15,99961.200662096,0,0,0.0,0.0,0.0,0.001373938303410674,0.5,0.5,0.2,False
2025-10-16,99961.200662096,0,0,0.0,0.0,0.0,0.0013730108548015555,0.5,0.5,0.2,False
2025-10-17,99961.200662096,0,0,0.0,0.0,0.0,0.0013728025690922217,0.5,0.5,0.2,False
2025-10-20,99961.200662096,0,0,0.0,0.0,0.0,0.0013714569574631542,0.5,0.5,0.2,False
2025-10-21,99961.200662096,0,0,0.0,0.0,0.0,0.0013716710005505855,0.5,0.5,0.2,False
2025-10-22,99961.200662096,0,0,0.0,0.0,0.0,0.0013723704926504863,0.5,0.5,0.2,False
2025-10-23,99961.200662096,0,0,0.0,0.0,0.0,0.0013713675849937725,0.5,0.5,0.2,False
2025-10-24,99961.200662096,0,0,0.0,0.0,0.0,0.0013715479678885385,0.5,0.5,0.2,False
2025-10-27,99961.200662096,0,0,0.0,0.0,0.0,0.0013696540275673016,0.5,0.5,0.2,False
2025-10-28,99961.200662096,0,0,0.0,0.0,0.0,0.0013690174997125395,0.5,0.5,0.2,False
2025-10-29,99961.200662096,0,0,0.0,0.0,0.0,0.0013720166675713428,0.5,0.5,0.2,False
2025-10-30,99961.200662096,0,0,0.0,0.0,0.0,0.001373823566464997,0.5,0.5,0.2,False
2025-10-31,99961.200662096,0,0,0.0,0.0,0.0,0.0013746546594363028,0.5,0.5,0.2,False
2025-11-03,99961.200662096,0,0,0.0,0.0,-3.925992763733223e-06,0.0013739325208957673,0.5,0.5,0.2,False
2025-11-04,99961.200662096,0,0,0.0,0.0,-2.5990950958091425e-06,0.0013777254224253638,0.5,0.5,0.2,False
2025-11-05,99961.200662096,0,0,0.0,0.0,-2.7872864156480386e-06,0.0013748369450969147,0.5,0.5,0.2,False
2025-11-06,99961.200662096,0,0,0.0,0.0,-1.748638898793005e-06,0.0013762752520880275,0.5,0.5,0.2,False
2025-11-07,99961.200662096,0,0,0.0,0.0,-3.898238226924428e-06,0.0013762478908190773,0.5,0.5,0.2,False
2025-11-10,99961.200662096,0,0,0.0,0.0,-4.341938187737663e-06,0.001374320160462992,0.5,0.5,0.2,False
2025-11-11,99961.200662096,0,0,0.0,0.0,-6.961095735111282e-06,0.0013748100116141504,0.5,0.5,0.2,False
2025-11-12,99961.200662096,0,0,0.0,0.0,-1.1411190149367726e-05,0.0013755878350276917,0.5,0.5,0.2,False
2025-11-13,99961.200662096,0,0,0.0,0.0,-1.1011093361547426e-05,0.0013802202704157765,0.5,0.5,0.2,False
2025-11-14,99961.200662096,0,0,0.0,0.0,-1.1675047063679753e-05,0.0013800070601934086,0.5,0.5,0.2,False
2025-11-17,99961.200662096,0,0,0.0,0.0,-1.1027919927195344e-05,0.0013826825123708988,0.5,0.5,0.2,False
2025-11-18,99961.200662096,0,0,0.0,0.0,-1.3820027781342402e-05,0.0013840604453374914,0.5,0.5,0.2,False
2025-11-19,99961.200662096,0,0,0.0,0.0,-1.4298874819188875e-05,0.0013848427866695935,0.5,0.5,0.2,False
2025-11-20,99961.200662096,0,0,0.0,0.0,-1.2927872388567864e-05,0.0013881711950369628,0.5,0.5,0.2,False
2025-11-21,99961.200662096,0,0,0.0,0.0,-1.1215873878504461e-05,0.0013852211484484023,0.5,0.5,0.2,False
2025-11-24,99961.200662096,0,0,0.0,0.0,-1.255349850988013e-05,0.0013840301300658538,0.5,0.5,0.2,False
2025-11-25,99961.200662096,0,0,0.0,0.0,-1.2607833921696352e-05,0.0013820365947866714,0.5,0.5,0.2,False
2025-11-26,99961.200662096,0,0,0.0,0.0,-1.3279771902832537e-05,0.0013810299075780283,0.5,0.5,0.2,False
2025-11-28,99961.200662096,0,0,0.0,0.0,-1.4148531833667428e-05,0.0013808524568088025,0.5,0.5,0.2,False
2025-12-01,99961.200662096,0,0,0.0,0.0,0.0,0.0013817210111763277,0.5,0.5,0.2,False
2025-12-02,99961.200662096,0,0,0.0,0.0,0.0,0.0013800864792630294,0.5,0.5,0.2,False
2025-12-03,99961.200662096,0,0,0.0,0.0,0.0,0.0013788421969616463,0.5,0.5,0.2,False
2025-12-04,99961.200662096,0,0,0.0,0.0,0.0,0.0013775788695338908,0.5,0.5,0.2,False
2025-12-05,99961.200662096,0,0,0.0,0.0,0.0,0.001377206474815463,0.5,0.5,0.2,False
2025-12-08,99961.200662096,0,0,0.0,0.0,0.0,0.0013780663740987084,0.5,0.5,0.2,False
2025-12-09,99961.200662096,0,0,0.0,0.0,0.0,0.0013772464729463034,0.5,0.5,0.2,False
2025-12-10,99961.200662096,0,0,0.0,0.0,0.0,0.0013751801914709254,0.5,0.5,0.2,False
2025-12-11,99961.200662096,0,0,0.0,0.0,0.0,0.0013745937106174146,0.5,0.5,0.2,False
2025-12-12,99961.200662096,0,0,0.0,0.0,0.0,0.001376322226741087,0.5,0.5,0.2,False
2025-12-15,99961.200662096,0,0,0.0,0.0,0.0,0.001376294069386405,0.5,0.5,0.2,False
2025-12-16,99961.200662096,0,0,0.0,0.0,0.0,0.0013806739423742197,0.5,0.5,0.2,False
2025-12-17,99961.200662096,0,0,0.0,0.0,0.0,0.0013833266845627874,0.5,0.5,0.2,False
2025-12-18,99961.200662096,0,0,0.0,0.0,0.0,0.0013807104362950947,0.5,0.5,0.2,False
2025-12-19,99961.200662096,0,0,0.0,0.0,0.0,0.001380742128688295,0.5,0.5,0.2,False
2025-12-22,99961.200662096,0,0,0.0,0.0,0.0,0.0013784418625384508,0.5,0.5,0.2,False
2025-12-23,99961.200662096,0,0,0.0,0.0,0.0,0.001375684789965177,0.5,0.5,0.2,False
2025-12-24,99961.200662096,0,0,0.0,0.0,0.0,0.0013760655253464951,0.5,0.5,0.2,False
2025-12-26,99961.200662096,0,0,0.0,0.0,0.0,0.0013750702971967249,0.5,0.5,0.2,False
2025-12-29,99961.200662096,0,0,0.0,0.0,0.0,0.0013757763162292817,0.5,0.5,0.2,False
2025-12-30,99961.200662096,0,0,0.0,0.0,0.0,0.0013771784239329959,0.5,0.5,0.2,False
2025-12-31,99961.200662096,0,0,0.0,0.0,0.0,0.0013786387640288354,0.5,0.5,0.2,False
2026-01-02,99961.200662096,0,0,0.0,0.0,0.0,0.0013764838858024444,0.5,0.5,0.2,False
2026-01-05,99961.200662096,0,0,0.0,0.0,0.0,0.001375854045143681,0.5,0.5,0.2,False
2026-01-06,99961.200662096,0,0,0.0,0.0,0.0,0.0013756698724484298,0.5,0.5,0.2,False
2026-01-07,99961.200662096,0,0,0.0,0.0,0.0,0.0013782096800878496,0.5,0.5,0.2,False
2026-01-08,99961.200662096,0,0,0.0,0.0,0.0,0.0013766844094002815,0.5,0.5,0.2,False
2026-01-09,99961.200662096,0,0,0.0,0.0,0.0,0.0013774847171421766,0.5,0.5,0.2,False
2026-01-12,99961.200662096,0,0,0.0,0.0,0.0,0.0013768478094452502,0.5,0.5,0.2,False
2026-01-13,99961.200662096,0,0,0.0,0.0,0.0,0.0013769115327598668,0.5,0.5,0.2,False
2026-01-14,99961.200662096,0,0,0.0,0.0,0.0,0.0013762969433704878,0.5,0.5,0.2,False
2026-01-15,99961.200662096,0,0,0.0,0.0,0.0,0.0013752338558307607,0.5,0.5,0.2,False
2026-01-16,99961.200662096,0,0,0.0,0.0,0.0,0.001374864218518229,0.5,0.5,0.2,False
2026-01-20,99961.200662096,0,0,0.0,0.0,0.0,0.0013765434328073067,0.5,0.5,0.2,False
2026-01-21,99961.200662096,0,0,0.0,0.0,0.0,0.001374437950989983,0.5,0.5,0.2,False
2026-01-22,99961.200662096,0,0,0.0,0.0,0.0,0.001372396607330084,0.5,0.5,0.2,False
2026-01-23,99961.200662096,0,0,0.0,0.0,0.0,0.0013700083760370449,0.5,0.5,0.2,False
2026-01-26,99961.200662096,0,0,0.0,0.0,0.0,0.0013688115371851006,0.5,0.5,0.2,False
2026-01-27,99961.200662096,0,0,0.0,0.0,0.0,0.0013644272355646254,0.5,0.5,0.2,False
2026-01-28,99961.200662096,0,0,0.0,0.0,0.0,0.0013653407036573733,0.5,0.5,0.2,False
2026-01-29,99961.200662096,0,0,0.0,0.0,0.0,0.0013632127736178845,0.5,0.5,0.2,False
2026-01-30,99961.200662096,0,0,0.0,0.0,0.0,0.0013676981746179643,0.5,0.5,0.2,False
2026-02-02,99961.200662096,0,0,0.0,0.0,0.0,0.0013667293988813755,0.5,0.5,0.2,False
2026-02-03,99961.200662096,0,0,0.0,0.0,0.0,0.0013654852237060925,0.5,0.5,0.2,False
2026-02-04,99961.200662096,0,0,0.0,0.0,0.0,0.001363681658569047,0.5,0.5,0.2,False
2026-02-05,99961.200662096,0,0,0.0,0.0,0.0,0.0013665652895181537,0.5,0.5,0.2,False
2026-02-06,99961.200662096,0,0,0.0,0.0,0.0,0.0013640186633878384,0.5,0.5,0.2,False
2026-02-09,99961.200662096,0,0,0.0,0.0,0.0,0.0013609171813700686,0.5,0.5,0.2,False
2026-02-10,99961.200662096,0,0,0.0,0.0,0.0,0.0013619194251285936,0.5,0.5,0.2,False
2026-02-11,99961.200662096,0,0,0.0,0.0,0.0,0.0013576257019750364,0.5,0.5,0.2,False
2026-02-12,99961.200662096,0,0,0.0,0.0,0.0,0.0013588754597505608,0.5,0.5,0.2,False
2026-02-13,99961.200662096,0,0,0.0,0.0,0.0,0.001358682183676636,0.5,0.5,0.2,False
2026-02-17,99961.200662096,0,0,0.0,0.0,0.0,0.0013578798069905243,0.5,0.5,0.2,False
2026-02-18,99961.200662096,0,0,0.0,0.0,0.0,0.0013581524528383617,0.5,0.5,0.2,False
2026-02-19,99961.200662096,0,0,0.0,0.0,0.0,0.0013579608209156645,0.5,0.5,0.2,False
2026-02-20,99961.200662096,0,0,0.0,0.0,0.0,0.0013554415837728968,0.5,0.5,0.2,False
2026-02-23,99961.200662096,0,0,0.0,0.0,0.0,0.0013571421859800087,0.5,0.5,0.2,False
2026-02-24,99961.200662096,0,0,0.0,0.0,0.0,0.0013564088961815527,0.5,0.5,0.2,False
2026-02-25,99961.200662096,0,0,0.0,0.0,0.0,0.001353096952577752,0.5,0.5,0.2,False
2026-02-26,99961.200662096,0,0,0.0,0.0,0.0,0.0013530216034590109,0.5,0.5,0.2,False
2026-02-27,99961.200662096,0,0,0.0,0.0,0.0,0.001353464234554481,0.5,0.5,0.2,False
2026-03-02,99961.200662096,0,0,0.0,0.0,0.0,0.0013545069937499498,0.5,0.5,0.2,False
2026-03-03,99961.200662096,0,0,0.0,0.0,0.0,0.001359817488649209,0.5,0.5,0.2,False
2026-03-04,99961.200662096,0,0,0.0,0.0,0.0,0.0013573897445361494,0.5,0.5,0.2,False
2026-03-05,99961.200662096,0,0,0.0,0.0,0.0,0.0013619577420566627,0.5,0.5,0.2,False
2026-03-06,99961.200662096,0,0,0.0,0.0,0.0,0.0013643389422561458,0.5,0.5,0.2,False
2026-03-09,99961.200662096,0,0,0.0,0.0,0.0,0.0013605015342546798,0.5,0.5,0.2,False
2026-03-10,99961.200662096,0,0,0.0,0.0,0.0,0.0013602037273436948,0.5,0.5,0.2,False
2026-03-11,99961.200662096,0,0,0.0,0.0,0.0,0.0013595022023836958,0.5,0.5,0.2,False
2026-03-12,99961.200662096,0,0,0.0,0.0,0.0,0.0013630597750139732,0.5,0.5,0.2,False
2026-03-13,99961.200662096,0,0,0.0,0.0,0.0,0.0013658051209023713,0.5,0.5,0.2,False
2026-03-16,99961.200662096,0,0,0.0,0.0,0.0,0.0013613094110222857,0.5,0.5,0.2,False
2026-03-17,99961.200662096,0,0,0.0,0.0,0.0,0.0013611556128357498,0.5,0.5,0.2,False
2026-03-18,99961.200662096,0,0,0.0,0.0,0.0,0.0013657552263559812,0.5,0.5,0.2,False
2026-03-19,99961.200662096,0,0,0.0,0.0,0.0,0.0013642975139123894,0.5,0.5,0.2,False
2026-03-20,99961.200662096,0,0,0.0,0.0,0.0,0.00136998701105779,0.5,0.5,0.2,False
2026-03-23,99961.200662096,0,0,0.0,0.0,0.0,0.00136590094834611,0.5,0.5,0.2,False
2026-03-24,99961.200662096,0,0,0.0,0.0,0.0,0.001368699535135777,0.5,0.5,0.2,False
2026-03-25,99961.200662096,0,0,0.0,0.0,0.0,0.0013668774982223979,0.5,0.5,0.2,False
2026-03-26,99961.200662096,0,0,0.0,0.0,0.0,0.001372196737251448,0.5,0.5,0.2,False
2026-03-27,99961.200662096,0,0,0.0,0.0,0.0,0.0013712258912657507,0.5,0.5,0.2,False
2026-03-30,99961.200662096,0,0,0.0,0.0,0.0,0.0013719268600518647,0.5,0.5,0.2,False
2026-03-31,99961.200662096,0,0,0.0,0.0,0.0,0.0013673011525122364,0.5,0.5,0.2,False
2026-04-01,99961.200662096,0,0,0.0,0.0,6.456211649842592e-06,0.0013650819998870913,0.5,0.5,0.2,False
2026-04-02,99961.200662096,0,0,0.0,0.0,5.918503020604082e-06,0.0013665560728702527,0.5,0.5,0.2,False
2026-04-06,99961.200662096,0,0,0.0,0.0,6.1224229198165405e-06,0.0013648934463918602,0.5,0.5,0.2,False
2026-04-07,99961.200662096,0,0,0.0,0.0,7.599988011362956e-06,0.0013635436117609885,0.5,0.5,0.2,False
2026-04-08,99961.200662096,0,0,0.0,0.0,1.1332564347491547e-05,0.0013575577531693152,0.5,0.5,0.2,False
2026-04-09,99961.200662096,0,0,0.0,0.0,1.3670123649962668e-05,0.0013549746961439963,0.5,0.5,0.2,False
2026-04-10,99961.200662096,0,0,0.0,0.0,1.2516550406199945e-05,0.0013543542563995779,0.5,0.5,0.2,False
2026-04-13,99961.200662096,0,0,0.0,0.0,1.2528350223097164e-05,0.001354335615765316,0.5,0.5,0.2,False
2026-04-14,99961.200662096,0,0,0.0,0.0,1.0739399840535725e-05,0.0013536569900696295,0.5,0.5,0.2,False
2026-04-15,99961.200662096,0,0,0.0,0.0,9.795124281873103e-06,0.0013530460322445576,0.5,0.5,0.2,False
2026-04-16,99961.200662096,0,0,0.0,0.0,7.435466782634276e-06,0.0013545728654505167,0.5,0.5,0.2,False
2026-04-17,99961.200662096,0,0,0.0,0.0,7.382311923719574e-06,0.001354319180366308,0.5,0.5,0.2,False
2026-04-20,99961.200662096,0,0,0.0,0.0,5.2465260181632154e-06,0.0013534962893560622,0.5,0.5,0.2,False
2026-04-21,99961.200662096,0,0,0.0,0.0,4.628896258818519e-06,0.001359467343521839,0.5,0.5,0.2,False
2026-04-22,99961.200662096,0,0,0.0,0.0,3.659801444980987e-06,0.0013577775186083972,0.5,0.5,0.2,False
2026-04-23,99961.200662096,0,0,0.0,0.0,3.0899624926444866e-06,0.001360065692432582,0.5,0.5,0.2,False
2026-04-24,99961.200662096,0,0,0.0,0.0,2.0526821652326993e-06,0.0013596697907668374,0.5,0.5,0.2,False
2026-04-27,99961.200662096,0,0,0.0,0.0,2.0938202322518685e-06,0.001359481367548213,0.5,0.5,0.2,False
2026-04-28,99961.200662096,0,0,0.0,0.0,3.1532214681311818e-06,0.0013612446270342984,0.5,0.5,0.2,False
2026-04-29,99961.200662096,0,0,0.0,0.0,1.7397004496504992e-06,0.001363142084132397,0.5,0.5,0.2,False
2026-04-30,99961.200662096,0,0,0.0,0.0,2.072194201256336e-06,0.0013576696306485327,0.5,0.5,0.2,False
2026-05-01,99961.200662096,0,0,0.0,0.0,6.554109206860412e-07,0.0013582994041352442,0.5,0.5,0.2,False
2026-05-04,99961.200662096,0,0,0.0,0.0,2.3659147258247949e-07,0.0013623912709453956,0.5,0.5,0.2,False
2026-05-05,99961.200662096,0,0,0.0,0.0,1.714584773753098e-06,0.0013590372196674845,0.5,0.5,0.2,False
2026-05-06,99961.200662096,0,0,0.0,0.0,4.074039535259505e-06,0.0013545737303270102,0.5,0.5,0.2,False
2026-05-07,99961.200662096,0,0,0.0,0.0,2.4365628822939174e-06,0.001359467343521839,0.5,0.5,0.2,False
2026-05-08,99961.200662096,0,0,0.0,0.0,2.1252477556049337e-06,0.0013566283423666163,0.5,0.5,0.2,False
2026-05-11,99961.200662096,0,0,0.0,0.0,2.1831399514806506e-06,0.0013581838430806361,0.5,0.5,0.2,False
2026-05-12,99961.200662096,0,0,0.0,0.0,9.610664799034717e-07,0.0013585949199608472,0.5,0.5,0.2,False
2026-05-13,99961.200662096,0,0,0.0,0.0,1.2119503048677098e-06,0.0013593160677202478,0.5,0.5,0.2,False
2026-05-14,99961.200662096,0,0,0.0,0.0,9.839005855377e-07,0.0013601973730022832,0.5,0.5,0.2,False
2026-05-15,99961.200662096,0,0,0.0,0.0,2.9752994543502183e-07,0.0013616833902603733,0.5,0.5,0.2,False
2026-05-18,99961.200662096,0,0,0.0,0.0,4.022416651294082e-07,0.0013618886831735233,0.5,0.5,0.2,False
2026-05-19,99961.200662096,0,0,0.0,0.0,-4.928617872754109e-07,0.001362171841246531,0.5,0.5,0.2,False
2026-05-20,99961.200662096,0,0,0.0,0.0,-6.063222208174569e-07,0.0013607514622409674,0.5,0.5,0.2,False
2026-05-21,99961.200662096,0,0,0.0,0.0,-8.328651198171804e-07,0.0013600131697791337,0.5,0.5,0.2,False
2026-05-22,99961.200662096,0,0,0.0,0.0,-1.4877352619640576e-06,0.0013606304330724488,0.5,0.5,0.2,False
2026-05-26,99961.200662096,0,0,0.0,0.0,-1.2007435450565694e-06,0.0013601998721988456,0.5,0.5,0.2,False
2026-05-27,99961.200662096,0,0,0.0,0.0,-3.930950980213104e-07,0.001360202511612847,0.5,0.5,0.2,False
2026-05-28,99961.200662096,0,0,0.0,0.0,-8.728136441168952e-07,0.0013594847423904776,0.5,0.5,0.2,False
2026-05-29,99961.200662096,0,0,0.0,0.0,-2.0635320869831528e-07,0.0013580465655196948,0.5,0.5,0.2,False
2026-06-01,99961.200662096,0,0,0.0,0.0,0.0,0.0013590524179722969,0.5,0.5,0.2,False
2026-06-02,99961.200662096,0,0,0.0,0.0,0.0,0.0013572747342645139,0.5,0.5,0.2,False
2026-06-03,99961.200662096,0,0,0.0,0.0,0.0,0.001358662698263321,0.5,0.5,0.2,False
2026-06-04,99961.200662096,0,0,0.0,0.0,0.0,0.0013596741553129278,0.5,0.5,0.2,False
2026-06-05,99961.200662096,0,0,0.0,0.0,0.0,0.0013656746413880404,0.5,0.5,0.2,False
2026-06-08,99961.200662096,0,0,0.0,0.0,0.0,0.0013656059082226624,0.5,0.5,0.2,False
2026-06-09,99961.200662096,0,0,0.0,0.0,0.0,0.0013649734687600158,0.5,0.5,0.2,False
2026-06-10,99961.200662096,0,0,0.0,0.0,0.0,0.001365362776855346,0.5,0.5,0.2,False
2026-06-11,99961.200662096,0,0,0.0,0.0,0.0,0.001359349667739221,0.5,0.5,0.2,False
2026-06-12,99961.200662096,0,0,0.0,0.0,0.0,0.001358639460425873,0.5,0.5,0.2,False
2026-06-15,99961.200662096,0,0,0.0,0.0,0.0,0.0013621193215934257,0.5,0.5,0.2,False
2026-06-16,99961.200662096,0,0,0.0,0.0,0.0,0.0013607713401668942,0.5,0.5,0.2,False
2026-06-17,99961.200662096,0,0,0.0,0.0,0.0,0.0013619745412517805,0.5,0.5,0.2,False
2026-06-18,99961.200662096,0,0,0.0,0.0,0.0,0.0013618322766694572,0.5,0.5,0.2,False
2026-06-22,99961.200662096,0,0,0.0,0.0,0.0,0.001362869373502555,0.5,0.5,0.2,False
2026-06-23,99961.200662096,0,0,0.0,0.0,0.0,0.0013662616098425876,0.5,0.5,0.2,False
2026-06-24,99961.200662096,0,0,0.0,0.0,0.0,0.0013663217968679655,0.5,0.5,0.2,False
2026-06-25,99961.200662096,0,0,0.0,0.0,0.0,0.00136679179255677,0.5,0.5,0.2,False
2026-06-26,99961.200662096,0,0,0.0,0.0,0.0,0.0013656143939702685,0.5,0.5,0.2,False
2026-06-29,99961.200662096,0,0,0.0,0.0,0.0,0.001364983034973628,0.5,0.5,0.2,False
2026-06-30,99961.200662096,0,0,0.0,0.0,0.0,0.0013654642947754192,0.5,0.5,0.2,False
2026-07-01,99961.200662096,0,0,0.0,0.0,0.0,0.0013684131575581369,0.5,0.5,0.2,False
2026-07-02,99961.200662096,0,0,0.0,0.0,0.0,0.001366237647310125,0.5,0.5,0.2,False
2026-07-06,99961.200662096,0,0,0.0,0.0,0.0,0.001364574923014873,0.5,0.5,0.2,False
2026-07-07,99961.200662096,0,0,0.0,0.0,0.0,0.0013652938237505232,0.5,0.5,0.2,False
2026-07-08,99961.200662096,0,0,0.0,0.0,0.0,0.001365294231738193,0.5,0.5,0.2,False
2026-07-09,99961.200662096,0,0,0.0,0.0,0.0,0.0013650149246681059,0.5,0.5,0.2,False
2026-07-10,99961.200662096,0,0,0.0,0.0,0.0,0.0013631263957342569,0.5,0.5,0.2,False
2026-07-13,99961.200662096,0,0,0.0,0.0,0.0,0.0013642030219144414,0.5,0.5,0.2,False
2026-07-14,99961.200662096,0,0,0.0,0.0,0.0,0.001360839764354885,0.5,0.5,0.2,False
2026-07-15,99961.200662096,0,0,0.0,0.0,0.0,0.0013612232437009652,0.5,0.5,0.2,False
2026-07-16,99961.200662096,0,0,0.0,0.0,0.0,0.0013619825205211675,0.5,0.5,0.2,False
2026-07-17,99961.200662096,0,0,0.0,0.0,0.0,0.0013619033218193648,0.5,0.5,0.2,False
2026-07-20,99961.200662096,0,0,0.0,0.0,0.0,0.0013627122002255493,0.5,0.5,0.2,False
2026-07-21,99961.200662096,0,0,0.0,0.0,0.0,0.0013620428978828487,0.5,0.5,0.2,False
2026-07-22,99961.200662096,0,0,0.0,0.0,0.0,0.0013604182310328005,0.5,0.5,0.2,False
2026-07-23,99961.200662096,0,0,0.0,0.0,0.0,0.0013627274507055133,0.5,0.5,0.2,False
2026-07-24,99961.200662096,0,0,0.0,0.0,0.0,0.0013614582840035302,0.5,0.5,0.2,False
2026-07-27,99961.200662096,0,0,0.0,0.0,0.0,0.0013604517988243514,0.5,0.5,0.2,False
2026-07-28,99961.200662096,0,0,0.0,0.0,0.0,0.0013588534950993133,0.5,0.5,0.2,False
2026-07-29,99961.200662096,0,0,0.0,0.0,0.0,0.0013589852525761616,0.5,0.5,0.2,False
2026-07-30,99961.200662096,0,0,0.0,0.0,0.0,0.0013552169879246418,0.5,0.5,0.2,False
2026-07-31,99961.200662096,0,0,0.0,0.0,0.0,0.0013582318807263424,0.5,0.5,0.2,False
2026-08-03,99961.200662096,0,0,0.0,0.0,0.0,0.0013569735396914175,0.5,0.5,0.2,False
2026-08-04,99961.200662096,0,0,0.0,0.0,0.0,0.001353649802164988,0.5,0.5,0.2,False
2026-08-05,99961.200662096,0,0,0.0,0.0,0.0,0.0013534986729227965,0.5,0.5,0.2,False
2026-08-06,99961.200662096,0,0,0.0,0.0,0.0,0.0013529343683189757,0.5,0.5,0.2,False
2026-08-07,99961.200662096,0,0,0.0,0.0,0.0,0.001352552454379414,0.5,0.5,0.2,False
2026-08-10,99961.200662096,0,0,0.0,0.0,0.0,0.00135389153399658,0.5,0.5,0.2,False
2026-08-11,99961.200662096,0,0,0.0,0.0,0.0,0.0013545754440970176,0.5,0.5,0.2,False
2026-08-12,99961.200662096,0,0,0.0,0.0,0.0,0.0013542324546407286,0.5,0.5,0.2,False
2026-08-13,99961.200662096,0,0,0.0,0.0,0.0,0.0013546250885022636,0.5,0.5,0.2,False
2026-08-14,99961.200662096,0,0,0.0,0.0,0.0,0.0013555608249628472,0.5,0.5,0.2,False
2026-08-17,99961.200662096,0,0,0.0,0.0,0.0,0.001356098786783498,0.5,0.5,0.2,False
2026-08-18,99961.200662096,0,0,0.0,0.0,0.0,0.0013565600647869114,0.5,0.5,0.2,False
2026-08-19,99961.200662096,0,0,0.0,0.0,0.0,0.0013540708937071428,0.5,0.5,0.2,False
2026-08-20,99961.200662096,0,0,0.0,0.0,0.0,0.001354644926555878,0.5,0.5,0.2,False
2026-08-21,99961.200662096,0,0,0.0,0.0,0.0,0.001353688636033306,0.5,0.5,0.2,False
2026-08-24,99961.200662096,0,0,0.0,0.0,0.0,0.001353270147670577,0.5,0.5,0.2,False
2026-08-25,99961.200662096,0,0,0.0,0.0,0.0,0.001351616306512673,0.5,0.5,0.2,False
2026-08-26,99961.200662096,0,0,0.0,0.0,0.0,0.0013531269388710662,0.5,0.5,0.2,False
2026-08-27,99961.200662096,0,0,0.0,0.0,0.0,0.0013538346432816534,0.5,0.5,0.2,False
2026-08-28,99961.200662096,0,0,0.0,0.0,0.0,0.0013532917652410365,0.5,0.5,0.2,False
2026-08-31,99961.200662096,0,0,0.0,0.0,0.0,0.001354130794265986,0.5,0.5,0.2,False
2026-09-01,99961.200662096,0,0,0.0,0.0,5.2310739783139084e-05,0.0013578592668164722,0.5,0.5,0.2,False
2026-09-02,99961.200662096,0,0,0.0,0.0,5.6565053413106964e-05,0.001353546023986392,0.5,0.5,0.2,False
2026-09-03,99961.200662096,0,0,0.0,0.0,1.3987651194302063e-05,0.0013520930499819517,0.5,0.5,0.2,False
2026-09-04,99961.200662096,0,0,0.0,0.0,2.747876617263809e-05,0.001352594565387269,0.5,0.5,0.2,False
2026-09-08,99961.200662096,0,0,0.0,0.0,3.580050323486317e-05,0.0013556268987351568,0.5,0.5,0.2,False
2026-09-09,99961.200662096,0,0,0.0,0.0,1.383846482900388e-05,0.001358406708015586,0.5,0.5,0.2,False
2026-09-10,99961.200662096,0,0,0.0,0.0,-1.8573002073335054e-05,0.001359215677123123,0.5,0.5,0.2,False
2026-09-11,99961.200662096,0,0,0.0,0.0,-7.282217358302029e-06,0.0013588303418765953,0.5,0.5,0.2,False
2026-09-14,99961.200662096,0,0,0.0,0.0,-3.53030621821523e-05,0.0013602053627490903,0.5,0.5,0.2,False
2026-09-15,99961.200662096,0,0,0.0,0.0,-4.4266548242099606e-05,0.0013597181911833328,0.5,0.5,0.2,False
2026-09-16,99961.200662096,0,0,0.0,0.0,-7.522180756933678e-05,0.001362654089983718,0.5,0.5,0.2,False
2026-09-17,99961.200662096,0,0,0.0,0.0,-4.818010124603166e-06,0.0013588000306319272,0.5,0.5,0.2,False
2026-09-18,99961.200662096,0,0,0.0,0.0,-5.4499061642664187e-05,0.0013609161883268378,0.5,0.5,0.2,False
